data_year,guide_year,plan_type,plan_name,rank,total_complaints_dfs,upheld_complaints_dfs,premiums_millions,complaint_ratio_dfs,total_complaints_doh,upheld_complaints_doh
2015,2016,Commercial,MVP Health Services Corporation3,0,0,0,187.91,0.0,,
2015,2016,Commercial,"Eastern Vision Service Plan, Inc.4",0,0,0,85.92,0.0,,
2015,2016,Commercial,MVP Health Services Corporation,1,0,0,187.91,0.0,,
2015,2016,Commercial,"Delta Dental of New York, Inc.",2,3,0,161.54,0.0,,
2015,2016,Commercial,"Delta Dental of New York, Inc.3",3,0,0,161.54,0.0,,
2015,2016,Commercial,Sun Life and Health Insurance Company,3,5,0,144.19,0.0,,
2015,2016,Commercial,"Eastern Vision Service Plan, Inc.",4,0,0,85.92,0.0,,
2015,2016,Commercial,Hartford Life Insurance Company,5,1,0,81.97,0.0,,
2015,2016,Commercial,Massachusetts Mutual Life Insurance Company,6,1,0,78.89,0.0,,
2015,2016,Commercial,Berkshire Life Insurance Company of America,7,1,0,70.66,0.0,,
2015,2016,Commercial,HM Life Insurance Company of New York,8,1,0,65.31,0.0,,
2015,2016,Commercial,"Dentcare Delivery Systems, Inc.",9,9,0,63.19,0.0,,
2015,2016,Commercial,"Dentcare Delivery Systems, Inc.3",9,0,0,63.19,0.0,,
2015,2016,Commercial,Liberty Life Assurance Company of Boston,10,1,0,59.55,0.0,,
2015,2016,Commercial,Genworth Life Insurance Company of New York,11,6,1,193.4,0.0052,,
2015,2016,Commercial,American Progressive Life and Health Insurance,12,14,2,377.87,0.0053,,
2015,2016,Commercial,Northwestern Mutual Life Insurance Company,13,4,1,89.86,0.0111,,
2015,2016,Commercial,Guardian Life Insurance Company of America,14,37,6,382.75,0.0157,,
2015,2016,Commercial,American Family Life Assurance Company of New York,15,17,5,287.9,0.0174,,
2015,2016,Commercial,Prudential Insurance Company of America,16,8,2,115.04,0.0174,,
2015,2016,Commercial,"National Union Fire Insurance Company of Pittsburgh, PA",17,5,2,111.65,0.0179,,
2015,2016,Commercial,"",18,3,0,50.25,0.0,,
2015,2016,Commercial,First Unum Life Insurance Company,18,19,5,278.95,0.0179,,
2015,2016,Commercial,CIGNA Life Insurance Company of New York,19,15,2,102.34,0.0195,,
2015,2016,Commercial,ShelterPoint Life Insurance Company,20,4,2,85.71,0.0233,,
2015,2016,Commercial,Metropolitan Life Insurance Company,21,61,15,601.47,0.0249,,
2015,2016,Commercial,Standard Security Life Insurance Company of New York,22,6,2,76.96,0.026,,
2015,2016,Commercial,Combined Life Insurance Company of New York,23,22,3,108.13,0.0277,,
2015,2016,Commercial,New York Life Insurance Company,24,7,2,69.6,0.0287,,
2015,2016,Commercial,Principal Life Insurance Company,25,6,2,65.11,0.0307,,
2015,2016,Commercial,Paul Revere Life Insurance Company,26,4,2,60.67,0.033,,
2015,2016,Commercial,Standard Life Insurance Company of New York,27,2,2,51.34,0.039,,
2015,2016,Commercial,United States Life Insurance Company in the City of New York,28,18,2,50.25,0.0398,,
2015,2016,Commercial,Transamerica Financial Life Insurance Company,29,10,5,105.71,0.0473,,
2015,2016,Commercial,Nippon Life Insurance Company of America,30,5,3,57.04,0.0526,,
2015,2016,Commercial,John Hancock Life & Health Insurance Company,31,12,9,119.43,0.0754,,
2015,2016,Commercial,Hartford Life and Accident Insurance Company,32,8,4,51.03,0.0784,,
2015,2016,EPO/PPO,Independent Health Benefits Corporation,1,6,0,541.09,0.0,,
2015,2016,EPO/PPO,"CDPHP Universal Benefits, Inc.",2,32,4,714.94,0.0056,,
2015,2016,EPO/PPO,HealthNow New York Inc.,3,37,9,1377.6,0.0065,,
2015,2016,EPO/PPO,"Excellus Health Plan, Inc.",4,160,32,3765.59,0.0085,,
2015,2016,EPO/PPO,UnitedHealthcare Insurance Company of New York,5,174,66,2091.51,0.0316,,
2015,2016,EPO/PPO,MVP Health Insurance Company,6,24,7,212.88,0.0329,,
2015,2016,EPO/PPO,CIGNA Health and Life Insurance Company,7,127,47,1196.86,0.0393,,
2015,2016,EPO/PPO,"Oxford Health Insurance, Inc.",8,899,185,4608.09,0.0401,,
2015,2016,EPO/PPO,Oscar Insurance Corporation,9,31,6,123.1,0.0487,,
2015,2016,EPO/PPO,"Empire HealthChoice Assurance, Inc.",10,344,111,2161.11,0.0514,,
2015,2016,EPO/PPO,"North Shore-LIJ Care Connect Insurance Company, Inc.",11,32,7,128.74,0.0544,,
2015,2016,EPO/PPO,Aetna Life Insurance Company,12,552,180,2876.87,0.0626,,
2015,2016,EPO/PPO,Group Health Incorporated,13,496,190,672.77,0.2824,,
2015,2016,EPO/PPO,MVP Health Insurance Company2,24,6,2,212.88,0.0094,,
2015,2016,EPO/PPO,"CDPHP Universal Benefits, Inc.2",32,8,1,714.94,0.0014,,
2015,2016,EPO/PPO,HealthNow New York Inc.2,37,10,6,1377.6,0.0044,,
2015,2016,EPO/PPO,CIGNA Health and Life Insurance Company2,127,37,12,1196.86,0.01,,
2015,2016,EPO/PPO,"Excellus Health Plan, Inc.2",160,27,14,3765.59,0.0037,,
2015,2016,EPO/PPO,UnitedHealthcare Insurance Company of New York2,174,47,29,2091.51,0.0139,,
2015,2016,EPO/PPO,"Empire HealthChoice Assurance, Inc.2",344,105,50,2161.11,0.0231,,
2015,2016,EPO/PPO,Group Health Incorporated2,496,167,80,672.77,0.1189,,
2015,2016,EPO/PPO,"Aetna Life Insurance Company2,3",552,98,34,2876.87,0.0118,,
2015,2016,EPO/PPO,"Oxford Health Insurance, Inc.2",899,184,67,4608.09,0.0145,,
2015,2016,HMO,Capital District Physicians Health Plan,1,53,6,590.57,0.0102,0,0
2015,2016,HMO,"MVP Health Plan, Inc.",2,110,11,650.38,0.0169,0,0
2015,2016,HMO,"Independent Health Association, Inc.",3,18,4,209.03,0.0191,0,0
2015,2016,HMO,Community Blue (HealthNow),4,9,4,133.67,0.0299,0,0
2015,2016,HMO,Excellus Health Plan,5,22,8,163.78,0.0488,0,0
2015,2016,HMO,"Oxford Health Plans (NY), Inc.",6,369,79,1041.96,0.0758,4,0
2015,2016,HMO,HIP Health Maintenance Organization,7,511,233,2105.2,0.1107,3,1
2015,2016,HMO,Aetna Health Inc.,8,77,32,119.89,0.2669,0,0
2015,2016,HMO,"UnitedHealthcare of New York, Inc.",9,182,61,137.02,0.4452,0,0
2015,2016,HMO,"Empire HealthChoice HMO, Inc.",10,872,346,586.61,0.5898,0,0
2016,2017,Commercial,"Eastern Vision Service Plan, Inc.4",0,0,0,88.9,0.0,,
2016,2017,Commercial,MVP Health Services Corporation3,1,0,0,492.23,0.0,,
2016,2017,Commercial,MVP Health Services Corporation,1,1,0,492.23,0.0,,
2016,2017,Commercial,Sun Life and Health Insurance Company,2,0,0,146.16,0.0,,
2016,2017,Commercial,"Eastern Vision Service Plan, Inc.",3,0,0,88.9,0.0,,
2016,2017,Commercial,ShelterPoint Life Insurance Company,4,0,0,88.14,0.0,,
2016,2017,Commercial,Massachusetts Mutual Life Insurance Company,5,2,0,80.01,0.0,,
2016,2017,Commercial,Standard Security Life Insurance Company of New York,6,0,0,75.59,0.0,,
2016,2017,Commercial,Berkshire Life Insurance Company of America,7,2,0,73.43,0.0,,
2016,2017,Commercial,New York Life Insurance Company,8,5,0,71.02,0.0,,
2016,2017,Commercial,HM Life Insurance Company of New York,9,0,0,70.7,0.0,,
2016,2017,Commercial,Liberty Life Assurance Company of Boston,10,1,0,65.77,0.0,,
2016,2017,Commercial,Mutual of Omaha Insurance Company,11,1,0,61.18,0.0,,
2016,2017,Commercial,"Dentcare Delivery Systems, Inc.3",11,1,0,62.09,0.0,,
2016,2017,Commercial,First Reliance Standard Life Insurance Company,12,0,0,50.31,0.0,,
2016,2017,Commercial,Provident Life and Casualty Insurance Company,13,0,0,50.16,0.0,,
2016,2017,Commercial,First Unum Life Insurance Company,14,11,2,285.88,0.007,,
2016,2017,Commercial,"Delta Dental of New York, Inc.3",15,9,9,162.05,0.0555,,
2016,2017,Commercial,"National Union Fire Insurance Company of Pittsburgh, PA",15,2,1,129.09,0.0077,,
2016,2017,Commercial,Hartford Life and Accident Insurance Company,16,1,1,95.2,0.0105,,
2016,2017,Commercial,Northwestern Mutual Life Insurance Company,17,1,1,92.6,0.0108,,
2016,2017,Commercial,Humana Insurance Company of New York,18,4,2,168.37,0.0119,,
2016,2017,Commercial,American Family Life Assurance Company of New York,19,12,4,298.9,0.0134,,
2016,2017,Commercial,"Dentcare Delivery Systems, Inc.",20,11,1,62.09,0.0161,,
2016,2017,Commercial,Standard Life Insurance Company of New York,21,3,1,60.77,0.0165,,
2016,2017,Commercial,Combined Life Insurance Company of New York,22,14,2,114.88,0.0174,,
2016,2017,Commercial,Guardian Life Insurance Company of America,23,24,7,398.8,0.0176,,
2016,2017,Commercial,Metropolitan Life Insurance Company,24,36,13,687.51,0.0189,,
2016,2017,Commercial,Genworth Life Insurance Company of New York,25,19,5,221.79,0.0225,,
2016,2017,Commercial,Principal Life Insurance Company,26,3,2,67.51,0.0296,,
2016,2017,Commercial,Prudential Insurance Company of America,27,10,4,132.23,0.0303,,
2016,2017,Commercial,CIGNA Life Insurance Company of New York,28,11,5,112.11,0.0446,,
2016,2017,Commercial,Transamerica Financial Life Insurance Company,29,15,6,114.91,0.0522,,
2016,2017,Commercial,John Hancock Life & Health Insurance Company,30,22,7,109.87,0.0637,,
2016,2017,Commercial,Paul Revere Life Insurance Company,31,7,4,60.22,0.0664,,
2016,2017,Commercial,"Delta Dental of New York, Inc.",32,15,11,162.05,0.0679,,
2016,2017,EPO/PPO,Independent Health Benefits Corporation,1,0,0,553.74,0.0,,
2016,2017,EPO/PPO,Health Insurance Plan of Greater New York3,2,2,1,2118.06,0.0005,,
2016,2017,EPO/PPO,Health Insurance Plan of Greater New York,2,2,1,2118.06,0.0005,,
2016,2017,EPO/PPO,HealthNow New York Inc.,3,36,4,1583.82,0.0025,,
2016,2017,EPO/PPO,"CDPHP Universal Benefits, Inc.",4,26,3,658.79,0.0046,,
2016,2017,EPO/PPO,"Excellus Health Plan, Inc.",5,97,34,3784.57,0.009,,
2016,2017,EPO/PPO,UnitedHealthcare Insurance Company of New York,6,148,41,2325.18,0.0176,,
2016,2017,EPO/PPO,"Oxford Health Insurance, Inc.",7,501,124,5171.31,0.024,,
2016,2017,EPO/PPO,"Empire HealthChoice Assurance, Inc.",8,1086,111,2116.68,0.0524,,
2016,2017,EPO/PPO,CIGNA Health and Life Insurance Company,9,169,58,942.07,0.0616,,
2016,2017,EPO/PPO,Aetna Life Insurance Company,10,440,151,2372.18,0.0637,,
2016,2017,EPO/PPO,"North Shore-LIJ Care Connect Insurance Company, Inc.",11,86,42,491.49,0.0855,,
2016,2017,EPO/PPO,Nippon Life Insurance Company of America,12,13,6,58.52,0.1025,,
2016,2017,EPO/PPO,Oscar Insurance Corporation,13,72,38,246.27,0.1543,,
2016,2017,EPO/PPO,Group Health Incorporated,14,485,253,803.8,0.3148,,
2016,2017,EPO/PPO,"CDPHP Universal Benefits, Inc.3",26,2,0,658.79,0.0,,
2016,2017,EPO/PPO,HealthNow New York Inc.3,36,14,1,1583.82,0.0006,,
2016,2017,EPO/PPO,"Excellus Health Plan, Inc.3",97,25,15,3784.57,0.004,,
2016,2017,EPO/PPO,UnitedHealthcare Insurance Company of New York3,148,38,18,2325.18,0.0077,,
2016,2017,EPO/PPO,CIGNA Health and Life Insurance Company3,169,44,21,942.07,0.0223,,
2016,2017,EPO/PPO,Aetna Life Insurance Company3,440,80,44,2372.18,0.0185,,
2016,2017,EPO/PPO,Group Health Incorporated3,485,187,126,803.8,0.1568,,
2016,2017,EPO/PPO,"Empire HealthChoice Assurance, Inc.3",1086,849,54,2116.68,0.0255,,
2016,2017,HMO,Capital District Physicians Health Plan,1,16,0,549.7,0.0,0,0
2016,2017,HMO,Community Blue (HealthNow),2,2,0,165.29,0.0,1,0
2016,2017,HMO,"MVP Health Plan, Inc.",3,26,3,642.45,0.0047,1,0
2016,2017,HMO,Excellus Health Plan,4,10,3,282.03,0.0106,1,0
2016,2017,HMO,"Independent Health Association, Inc.",5,15,3,202.57,0.0148,1,0
2016,2017,HMO,HIP Health Maintenance Organization,6,228,98,2327.69,0.0421,1,0
2016,2017,HMO,"Oxford Health Plans (NY), Inc.",7,224,54,904.14,0.0597,4,1
2016,2017,HMO,"UnitedHealthcare of New York, Inc.",8,122,40,577.1,0.0693,2,0
2016,2017,HMO,"Empire HealthChoice HMO, Inc.",9,553,208,624.11,0.3333,7,0
2017,2018,Commercial,"Eastern Vision Service Plan, Inc.4",1,0,0,95.98,0.0,,
2017,2018,Commercial,Genworth Life Insurance Company of New York,1,8,0,211.29,0.0,,
2017,2018,Commercial,"Delta Dental of New York, Inc.",2,5,0,170.88,0.0,,
2017,2018,Commercial,John Hancock Life & Health Insurance Company,3,8,0,108.78,0.0,,
2017,2018,Commercial,"Eastern Vision Service Plan, Inc.",4,1,0,95.98,0.0,,
2017,2018,Commercial,"Delta Dental of New York, Inc.3",5,1,0,170.88,0.0,,
2017,2018,Commercial,Principal Life Insurance Company,5,1,0,71.35,0.0,,
2017,2018,Commercial,"Dentcare Delivery Systems, Inc.3",5,2,1,61.18,0.0163,,
2017,2018,Commercial,HM Life Insurance Company of New York,6,0,0,69.94,0.0,,
2017,2018,Commercial,Standard Life Insurance Company of New York,7,4,0,58.22,0.0,,
2017,2018,Commercial,HCC Life Insurance Company,8,0,0,56.25,0.0,,
2017,2018,Commercial,Humana Insurance Company of New York,9,7,1,155.45,0.0064,,
2017,2018,Commercial,First Unum Life Insurance Company,10,18,2,290.1,0.0069,,
2017,2018,Commercial,Prudential Insurance Company of America,11,8,1,134.68,0.0074,,
2017,2018,Commercial,Hartford Life and Accident Insurance Company,12,2,1,104.65,0.0096,,
2017,2018,Commercial,American Family Life Assurance Company of New York,13,14,3,307.95,0.0097,,
2017,2018,Commercial,Northwestern Mutual Life Insurance Company,14,3,1,95.64,0.0105,,
2017,2018,Commercial,Massachusetts Mutual Life Insurance Company,15,2,1,83.98,0.0119,,
2017,2018,Commercial,Liberty Life Assurance Company of Boston,16,2,1,79.0,0.0127,,
2017,2018,Commercial,Berkshire Life Insurance Company of America,17,3,1,75.66,0.0132,,
2017,2018,Commercial,"Dentcare Delivery Systems, Inc.",18,5,1,61.18,0.0163,,
2017,2018,Commercial,Paul Revere Life Insurance Company,19,3,1,58.93,0.017,,
2017,2018,Commercial,First Reliance Standard Life Insurance Company,20,2,1,51.54,0.0194,,
2017,2018,Commercial,Guardian Life Insurance Company of America,21,21,8,396.82,0.0202,,
2017,2018,Commercial,ShelterPoint Life Insurance Company,22,5,2,93.11,0.0215,,
2017,2018,Commercial,Sun Life and Health Insurance Company,23,12,3,138.24,0.0217,,
2017,2018,Commercial,Metropolitan Life Insurance Company,24,54,17,641.83,0.0265,,
2017,2018,Commercial,New York Life Insurance Company,25,4,2,74.54,0.0268,,
2017,2018,Commercial,"National Union Fire Insurance Company of Pittsburgh, PA",26,6,3,97.44,0.0308,,
2017,2018,Commercial,Transamerica Financial Life Insurance Company,27,15,4,103.09,0.0388,,
2017,2018,Commercial,Combined Life Insurance Company of New York,28,16,5,122.65,0.0408,,
2017,2018,Commercial,CIGNA Life Insurance Company of New York,29,12,5,121.75,0.0411,,
2017,2018,Commercial,Mutual of Omaha Insurance Company,30,5,3,69.94,0.0429,,
2017,2018,EPO/PPO,MVP Health Services Corporation3,0,0,0,668.5,0.0,,
2017,2018,EPO/PPO,MVP Health Services Corporation,1,0,0,668.5,0.0,,
2017,2018,EPO/PPO,Independent Health Benefits Corporation,2,0,0,574.1,0.0,,
2017,2018,EPO/PPO,"CDPHP Universal Benefits, Inc.",3,15,1,537.56,0.0019,,
2017,2018,EPO/PPO,HealthNow New York Inc.,4,61,13,1514.11,0.0086,,
2017,2018,EPO/PPO,"Oxford Health Insurance, Inc.",5,729,143,5878.01,0.0243,,
2017,2018,EPO/PPO,"Empire HealthChoice Assurance, Inc.",6,243,69,2093.54,0.033,,
2017,2018,EPO/PPO,UnitedHealthcare Insurance Company of New York,7,231,80,2281.92,0.0351,,
2017,2018,EPO/PPO,"Excellus Health Plan, Inc.",8,126,37,898.97,0.0412,,
2017,2018,EPO/PPO,Nippon Life Insurance Company of America,9,6,3,57.75,0.0519,,
2017,2018,EPO/PPO,CIGNA Health and Life Insurance Company,10,157,71,1029.55,0.069,,
2017,2018,EPO/PPO,Oscar Insurance Corporation,11,67,15,159.47,0.0941,,
2017,2018,EPO/PPO,Aetna Life Insurance Company,12,1165,414,2275.88,0.1819,,
2017,2018,EPO/PPO,Group Health Incorporated,13,1360,914,639.76,1.4287,,
2017,2018,EPO/PPO,HealthNow New York Inc.3,61,11,4,1514.11,0.0026,,
2017,2018,EPO/PPO,"Excellus Health Plan, Inc.3",126,25,11,898.97,0.0122,,
2017,2018,EPO/PPO,CIGNA Health and Life Insurance Company3,157,59,31,1029.55,0.0301,,
2017,2018,EPO/PPO,UnitedHealthcare Insurance Company of New York3,231,75,36,2281.92,0.0158,,
2017,2018,EPO/PPO,"Empire HealthChoice Assurance, Inc.3",243,61,30,2093.54,0.0143,,
2017,2018,EPO/PPO,"Oxford Health Insurance, Inc.3",729,172,49,5878.01,0.0083,,
2017,2018,EPO/PPO,Aetna Life Insurance Company3,1165,282,120,2275.88,0.0527,,
2017,2018,EPO/PPO,Group Health Incorporated3,1360,751,573,639.76,0.8956,,
2017,2018,HMO,"Independent Health Association, Inc.",1,11,0,244.34,0.0,1,0
2017,2018,HMO,Community Blue (HealthNow),2,7,0,171.67,0.0,0,0
2017,2018,HMO,Capital District Physicians Health Plan,3,15,1,528.91,0.0019,0,0
2017,2018,HMO,Excellus Health Plan,4,8,4,372.45,0.0107,0,0
2017,2018,HMO,"MVP Health Plan, Inc.",5,39,16,773.53,0.0207,1,0
2017,2018,HMO,"UnitedHealthcare of New York, Inc.",6,108,36,725.81,0.0496,5,0
2017,2018,HMO,HIP Health Maintenance Organization,7,369,148,2311.89,0.064,2,0
2017,2018,HMO,"Oxford Health Plans (NY), Inc.",8,186,49,232.06,0.2112,0,0
2017,2018,HMO,"Empire HealthChoice HMO, Inc.",9,372,148,561.65,0.2635,5,1
2018,2019,Commercial,"Eastern Vision Service Plan, Inc.4",0,0,0,97.37,0.0,,
2018,2019,Commercial,Genworth Life Insurance Company of New York,1,9,0,203.15,0.0,,
2018,2019,Commercial,Provident Life and Casualty Insurance,2,0,0,51.58,0.0,,
2018,2019,Commercial,ShelterPoint Life Insurance Company,2,0,0,181.87,0.0,,
2018,2019,Commercial,Hartford Life and Accident Insurance Company,3,3,0,158.28,0.0,,
2018,2019,Commercial,Liberty Life Assurance Company of Boston,4,0,0,99.1,0.0,,
2018,2019,Commercial,"Dentcare Delivery Systems, Inc.3",5,2,0,60.83,0.0,,
2018,2019,Commercial,Wellfleet New York Insurance Company,5,2,0,97.39,0.0,,
2018,2019,Commercial,"Eastern Vision Service Plan, Inc.",6,0,0,97.37,0.0,,
2018,2019,Commercial,Massachusetts Mutual Life Insurance Company,7,4,0,85.19,0.0,,
2018,2019,Commercial,New York Life Insurance Company,8,5,0,77.59,0.0,,
2018,2019,Commercial,HCC Life Insurance Company,9,0,0,74.88,0.0,,
2018,2019,Commercial,First Reliance Standard Life Insurance Company,10,2,0,60.85,0.0,,
2018,2019,Commercial,Paul Revere Life Insurance Company,11,3,0,59.62,0.0,,
2018,2019,Commercial,HM Life Insurance Company of New York,12,0,0,59.14,0.0,,
2018,2019,Commercial,Westport Insurance Corporation,13,0,0,50.59,0.0,,
2018,2019,Commercial,American Family Life Assurance Company of New York,14,10,2,317.98,0.0063,,
2018,2019,Commercial,Guardian Life Insurance Company of America,15,22,3,424.89,0.0071,,
2018,2019,Commercial,Sun Life and Health Insurance Company,16,7,1,120.09,0.0083,,
2018,2019,Commercial,Transamerica Financial Life Insurance Company,17,6,1,99.36,0.0101,,
2018,2019,Commercial,Northwestern Mutual Life Insurance Company,18,1,1,97.53,0.0103,,
2018,2019,Commercial,Principal Life Insurance Company,19,2,1,75.29,0.0133,,
2018,2019,Commercial,Metropolitan Life Insurance Company,20,34,9,640.22,0.0141,,
2018,2019,Commercial,"Delta Dental of New York, Inc.3",20,16,1,180.47,0.0055,,
2018,2019,Commercial,Prudential Insurance Company of America,21,13,2,135.46,0.0148,,
2018,2019,Commercial,Standard Life Insurance Company of New York,22,3,1,67.7,0.0148,,
2018,2019,Commercial,First Unum Life Insurance Company,23,16,5,315.09,0.0159,,
2018,2019,Commercial,Standard Security Life Insurance Company of New York,24,1,1,62.36,0.016,,
2018,2019,Commercial,"Dentcare Delivery Systems, Inc.",25,5,1,60.83,0.0164,,
2018,2019,Commercial,"Delta Dental of New York, Inc.",26,20,3,180.47,0.0166,,
2018,2019,Commercial,John Hancock Life & Health Insurance Company,27,13,2,102.18,0.0196,,
2018,2019,Commercial,WESCO Insurance Company,28,2,1,50.67,0.0197,,
2018,2019,Commercial,Berkshire Life Insurance Company of America,29,4,2,77.33,0.0259,,
2018,2019,Commercial,Mutual of Omaha Insurance Company,30,5,2,74.05,0.027,,
2018,2019,Commercial,CIGNA Life Insurance Company of New York,31,13,4,144.69,0.0276,,
2018,2019,Commercial,Combined Life Insurance Company of New York,32,22,4,129.71,0.0308,,
2018,2019,Commercial,Provident Life and Casualty Insurance Company,33,2,2,51.58,0.0388,,
2018,2019,EPO/PPO,Independent Health Benefits Corporation,1,11,1,565.62,0.0018,,
2018,2019,EPO/PPO,MVP Health Services Corporation,2,10,3,734.03,0.0041,,
2018,2019,EPO/PPO,"CDPHP Universal Benefits, Inc.",3,9,4,508.5,0.0079,,
2018,2019,EPO/PPO,HealthNow New York Inc.,4,42,14,1502.44,0.0093,,
2018,2019,EPO/PPO,"Excellus Health Plan, Inc.",5,88,27,2866.75,0.0094,,
2018,2019,EPO/PPO,Nippon Life Insurance Company of America,6,11,3,62.67,0.0479,,
2018,2019,EPO/PPO,"Oxford Health Insurance, Inc.",7,1054,319,6590.88,0.0484,,
2018,2019,EPO/PPO,UnitedHealthcare Insurance Company of New York,8,289,106,1966.61,0.0539,,
2018,2019,EPO/PPO,CIGNA Health and Life Insurance Company,9,180,102,1157.74,0.0881,,
2018,2019,EPO/PPO,MVP Health Services Corporation3,10,2,1,734.03,0.0014,,
2018,2019,EPO/PPO,"Empire HealthChoice Assurance, Inc.",10,423,227,2549.34,0.089,,
2018,2019,EPO/PPO,Oscar Insurance Corporation,11,132,39,298.8,0.1305,,
2018,2019,EPO/PPO,Nippon Life Insurance Company of America3,11,5,2,62.67,0.0319,,
2018,2019,EPO/PPO,Aetna Life Insurance Company,12,1300,455,1975.9,0.2303,,
2018,2019,EPO/PPO,Group Health Incorporated,13,1515,1111,806.75,1.3771,,
2018,2019,EPO/PPO,HealthNow New York Inc.3,42,8,3,1502.44,0.002,,
2018,2019,EPO/PPO,"Excellus Health Plan, Inc.3",88,16,7,2866.75,0.0024,,
2018,2019,EPO/PPO,CIGNA Health and Life Insurance Company3,180,68,48,1157.74,0.0415,,
2018,2019,EPO/PPO,UnitedHealthcare Insurance Company of New York3,289,130,60,1966.61,0.0305,,
2018,2019,EPO/PPO,"Empire HealthChoice Assurance, Inc.3",423,190,117,2549.34,0.0459,,
2018,2019,EPO/PPO,"Oxford Health Insurance, Inc.3",1054,365,175,6590.88,0.0266,,
2018,2019,EPO/PPO,Aetna Life Insurance Company3,1300,394,186,1975.9,0.0941,,
2018,2019,EPO/PPO,Group Health Incorporated3,1515,725,588,806.75,0.7289,,
2018,2019,HMO,Community Blue (HealthNow),1,0,0,183.02,0.0,0,0
2018,2019,HMO,Capital District Physicians Health Plan,2,9,1,541.47,0.0018,1,0
2018,2019,HMO,"Independent Health Association, Inc.",3,18,2,228.96,0.0087,0,0
2018,2019,HMO,Excellus Health Plan,4,14,6,397.21,0.0151,2,0
2018,2019,HMO,"MVP Health Plan, Inc.",5,38,17,584.97,0.0291,1,0
2018,2019,HMO,"UnitedHealthcare of New York, Inc.",6,79,35,792.96,0.0441,0,0
2018,2019,HMO,HIP Health Maintenance Organization,7,688,400,2501.09,0.1599,1,0
2018,2019,HMO,"Empire HealthChoice HMO, Inc.",8,338,193,124.76,1.547,2,0
2019,2020,Commercial,"Eastern Vision Service Plan, Inc.4",0,0,0,86.97,0.0,,
2019,2020,Commercial,ShelterPoint Life Insurance Company,1,3,0,205.65,0.0,,
2019,2020,Commercial,Sun Life and Health Insurance Company,2,3,0,137.79,0.0,,
2019,2020,Commercial,Lincoln Life Assurance Company of Boston,3,0,0,103.49,0.0,,
2019,2020,Commercial,"Delta Dental of New York, Inc. 3",3,0,0,201.76,0.0,,
2019,2020,Commercial,Northwestern Mutual Life Insurance Company,4,0,0,99.87,0.0,,
2019,2020,Commercial,HCC Life Insurance Company,5,0,0,89.55,0.0,,
2019,2020,Commercial,"Eastern Vision Service Plan, Inc.",6,0,0,86.97,0.0,,
2019,2020,Commercial,"Dentcare Delivery Systems, Inc.3",6,0,0,61.56,0.0,,
2019,2020,Commercial,Standard Security Life Insurance Company of New York,7,2,0,82.35,0.0,,
2019,2020,Commercial,New York Life Insurance Company,8,2,0,81.42,0.0,,
2019,2020,Commercial,Principal Life Insurance Company,9,3,0,77.81,0.0,,
2019,2020,Commercial,First Reliance Standard Life Insurance Company,10,3,0,71.25,0.0,,
2019,2020,Commercial,HM Life Insurance Company of New York,11,0,0,66.76,0.0,,
2019,2020,Commercial,First Symetra National Life Company of New York,12,0,0,58.22,0.0,,
2019,2020,Commercial,Fidelity Security Life Insurance Company of New York,13,0,0,56.65,0.0,,
2019,2020,Commercial,Westport Insurance Corporation,14,0,0,55.84,0.0,,
2019,2020,Commercial,WESCO Insurance Company,15,0,0,55.03,0.0,,
2019,2020,Commercial,Provident Life and Casualty Insurance Company,16,0,0,54.52,0.0,,
2019,2020,Commercial,First Unum Life Insurance Company,17,15,3,341.57,0.0088,,
2019,2020,Commercial,"Delta Dental of New York, Inc.",18,3,1,201.76,0.005,,
2019,2020,Commercial,Hartford Life and Accident Insurance Company,19,11,2,198.23,0.0101,,
2019,2020,Commercial,Genworth Life Insurance Company of New York,20,11,2,197.63,0.0101,,
2019,2020,Commercial,Massachusetts Mutual Life Insurance Company,21,6,1,87.77,0.0114,,
2019,2020,Commercial,Mutual of Omaha Insurance Company,22,7,1,80.73,0.0124,,
2019,2020,Commercial,American Family Life Assurance Company of New York,23,16,4,321.8,0.0124,,
2019,2020,Commercial,Berkshire Life Insurance Company of America,24,3,1,78.68,0.0127,,
2019,2020,Commercial,Prudential Insurance Company of America,25,6,2,150.74,0.0133,,
2019,2020,Commercial,Standard Life Insurance Company of New York,26,3,1,70.68,0.0141,,
2019,2020,Commercial,John Hancock Life & Health Insurance Company,27,10,2,127.45,0.0157,,
2019,2020,Commercial,"Dentcare Delivery Systems, Inc.",28,6,1,61.56,0.0162,,
2019,2020,Commercial,Paul Revere Life Insurance Company,29,2,1,59.27,0.0169,,
2019,2020,Commercial,Guardian Life Insurance Company of America,30,19,8,437.52,0.0183,,
2019,2020,Commercial,Lincoln Life and Annuity Company of New York,31,9,1,51.56,0.0194,,
2019,2020,Commercial,CIGNA Life Insurance Company of New York,32,14,5,153.74,0.0325,,
2019,2020,Commercial,Combined Life Insurance Company of New York,33,18,5,149.22,0.0335,,
2019,2020,Commercial,Metropolitan Life Insurance Company,34,63,24,676.55,0.0355,,
2019,2020,Commercial,Wellfleet New York Insurance Company,35,8,4,105.38,0.038,,
2019,2020,Commercial,Transamerica Financial Life Insurance Company,36,13,4,93.99,0.0426,,
2019,2020,EPO/PPO,"CDPHP Universal Benefits, Inc.",1,5,1,508.97,0.002,,
2019,2020,EPO/PPO,Independent Health Benefits Corporation,2,6,1,477.37,0.0021,,
2019,2020,EPO/PPO,HealthNow New York Inc.,3,29,4,1562.57,0.0026,,
2019,2020,EPO/PPO,MVP Health Services Corporation,4,14,4,705.85,0.0057,,
2019,2020,EPO/PPO,Nippon Life Insurance Company of America,5,6,1,70.15,0.0143,,
2019,2020,EPO/PPO,Nippon Life Insurance Company of America3,6,1,0,70.15,0.0,,
2019,2020,EPO/PPO,"Excellus Health Plan, Inc.",6,113,53,2922.89,0.0181,,
2019,2020,EPO/PPO,UnitedHealthcare Insurance Company of New York,7,176,56,2236.42,0.025,,
2019,2020,EPO/PPO,"Oxford Health Insurance, Inc.",8,770,217,6521.29,0.0333,,
2019,2020,EPO/PPO,"Empire HealthChoice Assurance, Inc.",9,408,165,2816.36,0.0586,,
2019,2020,EPO/PPO,Aetna Life Insurance Company,10,412,124,2051.16,0.0605,,
2019,2020,EPO/PPO,CIGNA Health and Life Insurance Company,11,256,188,1397.95,0.1345,,
2019,2020,EPO/PPO,Oscar Insurance Corporation,12,196,53,263.79,0.2009,,
2019,2020,EPO/PPO,"Healthfirst Insurance Company, Inc.",13,34,25,52.6,0.4753,,
2019,2020,EPO/PPO,Group Health Incorporated,14,1104,391,764.33,0.5116,,
2019,2020,EPO/PPO,MVP Health Services Corporation3,14,3,2,705.85,0.0028,,
2019,2020,EPO/PPO,HealthNow New York Inc.3,29,5,1,1562.57,0.0006,,
2019,2020,EPO/PPO,"Excellus Health Plan, Inc.3",113,38,25,2922.89,0.0086,,
2019,2020,EPO/PPO,UnitedHealthcare Insurance Company of New York3,176,51,25,2236.42,0.0112,,
2019,2020,EPO/PPO,CIGNA Health and Life Insurance Company3,256,38,16,1397.95,0.0114,,
2019,2020,EPO/PPO,"Empire HealthChoice Assurance, Inc.3",408,132,60,2816.36,0.0213,,
2019,2020,EPO/PPO,Aetna Life Insurance Company3,412,114,39,2051.16,0.019,,
2019,2020,EPO/PPO,"Oxford Health Insurance, Inc.3",770,188,64,6521.29,0.0098,,
2019,2020,EPO/PPO,Group Health Incorporated3,1104,361,177,764.33,0.2316,,
2019,2020,HMO,Community Blue (HealthNow),1,1,0,220.23,0.0,0,0
2019,2020,HMO,Capital District Physicians Health Plan,2,12,2,565.9,0.0035,0,0
2019,2020,HMO,"MVP Health Plan, Inc.",3,15,6,537.91,0.0112,1,0
2019,2020,HMO,"Independent Health Association, Inc.",4,9,5,222.95,0.0224,0,0
2019,2020,HMO,Excellus Health Plan,5,31,27,421.69,0.064,3,1
2019,2020,HMO,"UnitedHealthcare of New York, Inc.",6,123,76,692.18,0.1098,2,1
2019,2020,HMO,HIP Health Maintenance Organization,7,745,382,2521.8,0.1515,0,0
2019,2020,HMO,"Empire HealthChoice HMO, Inc.",8,95,46,105.49,0.4361,1,1
2020,2021,Commercial,"Eastern Vision Service Plan, Inc.4",0,0,0,86.75,0.0,,
2020,2021,Commercial,ShelterPoint Life Insurance Company,1,2,0,292.98,0.0,,
2020,2021,Commercial,Genworth Life Insurance Company of New York,2,17,0,192.43,0.0,,
2020,2021,Commercial,New York Life Group Insurance Company of New York,3,7,0,170.99,0.0,,
2020,2021,Commercial,John Hancock Life & Health Insurance Company,4,17,0,124.49,0.0,,
2020,2021,Commercial,Standard Security Life Insurance Company of New York,5,0,0,114.69,0.0,,
2020,2021,Commercial,"Dentcare Delivery Systems, Inc.3",5,0,0,58.83,0.0,,
2020,2021,Commercial,HCC Life Insurance Company,6,0,0,101.61,0.0,,
2020,2021,Commercial,New York Life Group Insurance Company of New York5,7,0,0,170.99,0.0,,
2020,2021,Commercial,Lincoln Life Assurance Company of Boston,7,2,0,91.75,0.0,,
2020,2021,Commercial,Mutual of Omaha Insurance Company,8,4,0,86.8,0.0,,
2020,2021,Commercial,"Eastern Vision Service Plan, Inc.",9,0,0,86.75,0.0,,
2020,2021,Commercial,Massachusetts Mutual Life Insurance Company,10,1,0,86.74,0.0,,
2020,2021,Commercial,New York Life Insurance Company,11,0,0,79.24,0.0,,
2020,2021,Commercial,Berkshire Life Insurance Company of America,12,1,0,77.78,0.0,,
2020,2021,Commercial,Principal Life Insurance Company,13,4,0,77.49,0.0,,
2020,2021,Commercial,First Reliance Standard Life Insurance Company,14,0,0,73.18,0.0,,
2020,2021,Commercial,"Delta Dental of New York, Inc.3",14,2,0,190.79,0.0,,
2020,2021,Commercial,HM Life Insurance Company of New York,15,0,0,66.58,0.0,,
2020,2021,Commercial,Provident Life and Casualty Insurance Company,16,1,0,61.26,0.0,,
2020,2021,Commercial,Fidelity Security Life Insurance Company of New York,17,1,0,59.78,0.0,,
2020,2021,Commercial,"Dentcare Delivery Systems, Inc.",18,5,0,58.83,0.0,,
2020,2021,Commercial,Westport Insurance Corporation,19,0,0,57.46,0.0,,
2020,2021,Commercial,First Symetra National Life Company of New York,20,0,0,56.58,0.0,,
2020,2021,Commercial,First Unum Life Insurance Company,21,18,2,370.91,0.0054,,
2020,2021,Commercial,Sun Life and Health Insurance Company,22,5,1,161.87,0.0062,,
2020,2021,Commercial,Guardian Life Insurance Company of America,23,23,3,444.42,0.0068,,
2020,2021,Commercial,Hartford Life and Accident Insurance Company,24,4,2,287.59,0.007,,
2020,2021,Commercial,Metropolitan Life Insurance Company,25,26,5,700.27,0.0071,,
2020,2021,Commercial,American Family Life Assurance Company of New York,26,11,3,322.85,0.0093,,
2020,2021,Commercial,Northwestern Mutual Life Insurance Company,27,2,1,101.58,0.0098,,
2020,2021,Commercial,"Delta Dental of New York, Inc.",28,14,2,190.79,0.0105,,
2020,2021,Commercial,Wellfleet New York Insurance Company,29,3,1,92.85,0.0108,,
2020,2021,Commercial,Lincoln Life and Annuity Company of New York,30,6,1,54.03,0.0185,,
2020,2021,Commercial,Combined Life Insurance Company of New York,31,15,3,138.8,0.0216,,
2020,2021,Commercial,Standard Life Insurance Company of New York,32,4,2,76.54,0.0261,,
2020,2021,Commercial,Transamerica Financial Life Insurance Company,33,9,3,108.8,0.0276,,
2020,2021,Commercial,Prudential Insurance Company of America,34,13,5,124.33,0.0402,,
2020,2021,Commercial,Paul Revere Life Insurance Company,35,3,3,54.08,0.0555,,
2020,2021,EPO/PPO,Independent Health Benefits Corporation2,1,0,0,426.53,0.0,,
2020,2021,EPO/PPO,Independent Health Benefits Corporation,1,1,0,426.53,0.0,,
2020,2021,EPO/PPO,"CDPHP Universal Benefits, Inc.",2,7,3,573.87,0.0052,,
2020,2021,EPO/PPO,Highmark Western and Northeastern New York Inc.,3,29,10,1614.88,0.0062,,
2020,2021,EPO/PPO,Nippon Life Insurance Company of America3,4,2,2,81.55,0.0245,,
2020,2021,EPO/PPO,"Excellus Health Plan, Inc.",4,81,21,2995.82,0.007,,
2020,2021,EPO/PPO,MVP Health Services Corporation,5,15,7,711.81,0.0098,,
2020,2021,EPO/PPO,Nippon Life Insurance Company of America,6,4,2,81.55,0.0245,,
2020,2021,EPO/PPO,UnitedHealthcare Insurance Company of New York,7,161,54,2007.11,0.0269,,
2020,2021,EPO/PPO,"Oxford Health Insurance, Inc.",8,965,212,6166.32,0.0344,,
2020,2021,EPO/PPO,CIGNA Health and Life Insurance Company,9,208,65,1557.53,0.0417,,
2020,2021,EPO/PPO,"Empire HealthChoice Assurance, Inc.",10,413,180,2924.7,0.0615,,
2020,2021,EPO/PPO,Aetna Life Insurance Company,11,355,133,1880.33,0.0707,,
2020,2021,EPO/PPO,EmblemHealth Insurance Company,12,20,9,74.2,0.1213,,
2020,2021,EPO/PPO,Oscar Insurance Corporation,13,178,51,242.7,0.2101,,
2020,2021,EPO/PPO,"Healthfirst Insurance Company, Inc.",14,40,24,66.46,0.3611,,
2020,2021,EPO/PPO,MVP Health Services Corporation3,15,6,5,711.81,0.007,,
2020,2021,EPO/PPO,"EmblemHealth Plan, Inc.",15,1485,716,593.27,1.2069,,
2020,2021,EPO/PPO,EmblemHealth Insurance Company3,20,8,3,74.2,0.0404,,
2020,2021,EPO/PPO,"Highmark Western and Northeastern New York Inc.2,5",29,6,2,1614.88,0.0012,,
2020,2021,EPO/PPO,"Excellus Health Plan, Inc.2",81,13,6,2995.82,0.002,,
2020,2021,EPO/PPO,UnitedHealthcare Insurance Company of New York2,161,41,25,2007.11,0.0125,,
2020,2021,EPO/PPO,CIGNA Health and Life Insurance Company2,208,53,22,1557.53,0.0141,,
2020,2021,EPO/PPO,Aetna Life Insurance Company2,355,86,40,1880.33,0.0213,,
2020,2021,EPO/PPO,"Empire HealthChoice Assurance, Inc.2",413,124,76,2924.7,0.026,,
2020,2021,EPO/PPO,"Oxford Health Insurance, Inc.2",965,226,69,6166.32,0.0112,,
2020,2021,EPO/PPO,"EmblemHealth Plan, Inc.2,4",1485,494,335,593.27,0.5647,,
2020,2021,HMO,Capital District Physicians Health Plan,1,7,0,621.75,0.0,0,0
2020,2021,HMO,Community Blue (Highmark Western and,2,0,0,185.61,0.0,0,0
2020,2021,HMO,"MVP Health Plan, Inc.",3,16,2,512.34,0.0039,0,0
2020,2021,HMO,"Independent Health Association, Inc.",4,9,1,217.08,0.0046,0,0
2020,2021,HMO,Excellus Health Plan,5,8,2,424.76,0.0047,0,0
2020,2021,HMO,HIP Health Maintenance Organization,6,1110,339,2667.08,0.1271,0,0
2020,2021,HMO,"UnitedHealthcare of New York, Inc.",7,85,32,230.01,0.1391,0,0
2020,2021,HMO,"Empire HealthChoice HMO, Inc.",8,46,14,39.14,0.3577,1,1
2021,2022,Commercial,"Eastern Vision Service Plan, Inc.4",0,0,0,97.75,0.0,,
2021,2022,Commercial,First Unum Life Insurance Company,1,5,0,394.63,0.0,,
2021,2022,Commercial,Standard Security Life Insurance Company of New York,2,0,0,179.05,0.0,,
2021,2022,Commercial,HCC Life Insurance Company,3,0,0,104.61,0.0,,
2021,2022,Commercial,"Eastern Vision Service Plan, Inc.",4,0,0,97.75,0.0,,
2021,2022,Commercial,"Dentcare Delivery Systems, Inc.3",5,0,0,54.96,0.0,,
2021,2022,Commercial,Wellfleet New York Insurance Company,5,2,0,94.04,0.0,,
2021,2022,Commercial,First Reliance Standard Life Insurance Company,6,3,0,90.77,0.0,,
2021,2022,Commercial,Massachusetts Mutual Life Insurance Company,7,1,0,88.0,0.0,,
2021,2022,Commercial,Standard Life Insurance Company of New York,8,0,0,84.74,0.0,,
2021,2022,Commercial,Principal Life Insurance Company,9,4,0,82.28,0.0,,
2021,2022,Commercial,Berkshire Life Insurance Company of America,10,0,0,77.85,0.0,,
2021,2022,Commercial,Provident Life and Casualty Insurance Company,11,1,0,68.21,0.0,,
2021,2022,Commercial,HM Life Insurance Company of New York,12,1,0,67.1,0.0,,
2021,2022,Commercial,Fidelity Security Life Insurance Company of New York,13,1,0,61.45,0.0,,
2021,2022,Commercial,Paul Revere Life Insurance Company,14,1,0,50.36,0.0,,
2021,2022,Commercial,ShelterPoint Life Insurance Company,15,4,2,456.3,0.0044,,
2021,2022,Commercial,"Delta Dental of New York, Inc. 3",16,2,0,196.45,0.0,,
2021,2022,Commercial,"Delta Dental of New York, Inc.",16,16,1,196.45,0.0051,,
2021,2022,Commercial,New York Life Group Insurance Company of New York,17,3,1,194.1,0.0052,,
2021,2022,Commercial,Sun Life and Health Insurance Company,18,3,1,182.77,0.0055,,
2021,2022,Commercial,Hartford Life and Accident Insurance Company,19,12,3,382.42,0.0078,,
2021,2022,Commercial,Northwestern Mutual Life Insurance Company,20,2,1,102.57,0.0097,,
2021,2022,Commercial,Guardian Life Insurance Company of America,21,30,5,488.39,0.0102,,
2021,2022,Commercial,Metropolitan Life Insurance Company,22,39,10,888.67,0.0113,,
2021,2022,Commercial,New York Life Insurance Company,23,5,1,79.21,0.0126,,
2021,2022,Commercial,American Family Life Assurance Company of New York,24,9,4,310.5,0.0129,,
2021,2022,Commercial,Prudential Insurance Company of America,25,13,2,151.26,0.0132,,
2021,2022,Commercial,"Dentcare Delivery Systems, Inc.",26,5,1,54.96,0.0182,,
2021,2022,Commercial,Mutual of Omaha Insurance Company,27,7,2,102.66,0.0195,,
2021,2022,Commercial,Genworth Life Insurance Company of New York,28,32,4,187.31,0.0214,,
2021,2022,Commercial,Transamerica Financial Life Insurance Company,29,10,2,92.02,0.0217,,
2021,2022,Commercial,Lincoln Life and Annuity Company of New York,30,2,2,85.31,0.0234,,
2021,2022,Commercial,John Hancock Life & Health Insurance Company,31,15,3,122.17,0.0246,,
2021,2022,Commercial,Combined Life Insurance Company of New York,32,14,4,133.86,0.0299,,
2021,2022,EPO/PPO,"CDPHP Universal Benefits, Inc.",1,4,0,516.97,0.0,,
2021,2022,EPO/PPO,Highmark Western and Northeastern New York Inc.,2,22,4,1836.01,0.0022,,
2021,2022,EPO/PPO,Independent Health Benefits Corporation,3,18,2,383.6,0.0052,,
2021,2022,EPO/PPO,"Excellus Health Plan, Inc.",4,91,28,3600.47,0.0078,,
2021,2022,EPO/PPO,MVP Health Services Corporation,5,18,7,705.48,0.0099,,
2021,2022,EPO/PPO,Nippon Life Insurance Company of America,6,3,1,85.48,0.0117,,
2021,2022,EPO/PPO,UnitedHealthcare Insurance Company of New York,7,132,34,2022.13,0.0168,,
2021,2022,EPO/PPO,"Oxford Health Insurance, Inc.",8,717,189,6310.6,0.0299,,
2021,2022,EPO/PPO,CIGNA Health and Life Insurance Company,9,146,59,1576.43,0.0374,,
2021,2022,EPO/PPO,Aetna Life Insurance Company,10,304,105,1841.01,0.057,,
2021,2022,EPO/PPO,"Empire HealthChoice Assurance, Inc.",11,400,221,3535.21,0.0625,,
2021,2022,EPO/PPO,Oscar Insurance Corporation,12,113,31,163.45,0.1897,,
2021,2022,EPO/PPO,EmblemHealth Insurance Company,13,74,25,104.99,0.2381,,
2021,2022,EPO/PPO,"Healthfirst Insurance Company, Inc.",14,40,24,71.77,0.3344,,
2021,2022,EPO/PPO,"EmblemHealth Plan, Inc.",15,2365,644,595.85,1.0808,,
2021,2022,EPO/PPO,Independent Health Benefits Corporation3,18,0,0,383.6,0.0,,
2021,2022,EPO/PPO,MVP Health Services Corporation3,18,1,0,705.48,0.0,,
2021,2022,EPO/PPO,Highmark Western and Northeastern New York Inc.3,22,3,0,1836.01,0.0,,
2021,2022,EPO/PPO,EmblemHealth Insurance Company3,74,18,10,104.99,0.0952,,
2021,2022,EPO/PPO,"Excellus Health Plan, Inc.3",91,17,5,3600.47,0.0014,,
2021,2022,EPO/PPO,UnitedHealthcare Insurance Company of New York3,132,29,13,2022.13,0.0064,,
2021,2022,EPO/PPO,CIGNA Health and Life Insurance Company3,146,51,30,1576.43,0.019,,
2021,2022,EPO/PPO,Aetna Life Insurance Company3,304,84,41,1841.01,0.0223,,
2021,2022,EPO/PPO,"Empire HealthChoice Assurance, Inc.3",400,148,94,3535.21,0.0266,,
2021,2022,EPO/PPO,"Oxford Health Insurance, Inc.3",717,167,56,6310.6,0.0089,,
2021,2022,EPO/PPO,"EmblemHealth Plan, Inc.3",2365,438,284,595.85,0.4766,,
2021,2022,HMO,Excellus Health Plan,1,6,0,494.86,0.0,1,0
2021,2022,HMO,"MVP Health Plan, Inc.",2,12,0,489.92,0.0,0,0
2021,2022,HMO,"Independent Health Association, Inc.",3,3,0,217.13,0.0,0,0
2021,2022,HMO,Capital District Physicians Health Plan,4,11,3,619.28,0.0048,0,0
2021,2022,HMO,"UnitedHealthcare of New York, Inc.",6,45,14,207.24,0.0676,0,0
2021,2022,HMO,HIP Health Maintenance Organization,7,655,252,2755.65,0.0914,0,0
2022,2023,Commercial,"Eastern Vision Service Plan, Inc.4",0,0,0,100.11,0.0,,
2022,2023,Commercial,Hartford Life and Accident Insurance Company,1,8,0,447.59,0.0,,
2022,2023,Commercial,Sun Life and Health Insurance Company,2,2,0,228.21,0.0,,
2022,2023,Commercial,Standard Security Life Insurance Company of New York,3,0,0,214.2,0.0,,
2022,2023,Commercial,Lincoln Life and Annuity Company of New York,4,10,0,214.13,0.0,,
2022,2023,Commercial,Mutual of Omaha Insurance Company,5,2,0,112.97,0.0,,
2022,2023,Commercial,HCC Life Insurance Company,6,0,0,105.08,0.0,,
2022,2023,Commercial,Northwestern Mutual Life Insurance Company,7,0,0,104.75,0.0,,
2022,2023,Commercial,First Reliance Standard Life Insurance Company,8,3,0,103.67,0.0,,
2022,2023,Commercial,"Dentcare Delivery Systems, Inc.3",8,3,0,52.51,0.0,,
2022,2023,Commercial,"Eastern Vision Service Plan, Inc.",9,0,0,100.11,0.0,,
2022,2023,Commercial,HM Life Insurance Company of New York,10,0,0,96.22,0.0,,
2022,2023,Commercial,Transamerica Financial Life Insurance Company,11,5,0,88.75,0.0,,
2022,2023,Commercial,Principal Life Insurance Company,12,2,0,88.06,0.0,,
2022,2023,Commercial,Berkshire Life Insurance Company of America,13,0,0,78.84,0.0,,
2022,2023,Commercial,Provident Life and Casualty Insurance Company,14,0,0,77.37,0.0,,
2022,2023,Commercial,Fidelity Security Life Insurance Company of New York,15,0,0,63.28,0.0,,
2022,2023,Commercial,ReliaStar Life Insurance Company of New York,16,0,0,55.9,0.0,,
2022,2023,Commercial,"Dentcare Delivery Systems, Inc.",17,8,0,52.51,0.0,,
2022,2023,Commercial,ShelterPoint Life Insurance Company,18,1,1,514.0,0.0019,,
2022,2023,Commercial,First Unum Life Insurance Company,19,12,2,380.36,0.0053,,
2022,2023,Commercial,Standard Life Insurance Company of New York,20,1,1,101.15,0.0099,,
2022,2023,Commercial,Massachusetts Mutual Life Insurance Company,21,2,1,84.02,0.0119,,
2022,2023,Commercial,"Delta Dental of New York, Inc.3",21,0,0,193.56,0.0,,
2022,2023,Commercial,Prudential Insurance Company of America,22,9,2,165.06,0.0121,,
2022,2023,Commercial,New York Life Group Insurance Company of New York,23,9,3,241.36,0.0124,,
2022,2023,Commercial,Guardian Life Insurance Company of America,24,23,7,541.34,0.0129,,
2022,2023,Commercial,American Family Life Assurance Company of New York,25,20,4,304.57,0.0131,,
2022,2023,Commercial,Metropolitan Life Insurance Company,26,44,14,972.21,0.0144,,
2022,2023,Commercial,"Delta Dental of New York, Inc.",27,21,4,193.56,0.0207,,
2022,2023,Commercial,Wellfleet New York Insurance Company,28,11,4,170.23,0.0235,,
2022,2023,Commercial,New York Life Insurance Company,29,6,2,79.92,0.025,,
2022,2023,Commercial,John Hancock Life & Health Insurance Company,30,19,3,119.67,0.0251,,
2022,2023,Commercial,Genworth Life Insurance Company of New York,31,30,5,179.19,0.0279,,
2022,2023,Commercial,Combined Life Insurance Company of New York,32,27,9,127.36,0.0707,,
2022,2023,EPO/PPO,Independent Health Benefits Corporation,1,10,2,464.27,0.0043,,
2022,2023,EPO/PPO,"CDPHP Universal Benefits, Inc.",2,7,3,540.88,0.0055,,
2022,2023,EPO/PPO,MVP Health Services Corporation,3,19,7,696.36,0.0101,,
2022,2023,EPO/PPO,Nippon Life Insurance Company of America,4,5,1,95.33,0.0105,,
2022,2023,EPO/PPO,"Excellus Health Plan, Inc.",5,89,34,2861.02,0.0119,,
2022,2023,EPO/PPO,Nippon Life Insurance Company of America3,5,2,0,95.33,0.0,,
2022,2023,EPO/PPO,Highmark Western and Northeastern New York Inc.,6,62,26,1651.96,0.0157,,
2022,2023,EPO/PPO,UnitedHealthcare Insurance Company of New York,7,116,40,2073.92,0.0193,,
2022,2023,EPO/PPO,EmblemHealth Insurance Company,8,44,4,164.93,0.0243,,
2022,2023,EPO/PPO,"Oxford Health Insurance, Inc.",9,750,270,6311.04,0.0428,,
2022,2023,EPO/PPO,Aetna Life Insurance Company,10,333,144,2054.87,0.0701,,
2022,2023,EPO/PPO,Independent Health Benefits Corporation3,10,1,0,464.27,0.0,,
2022,2023,EPO/PPO,"Empire HealthChoice Assurance, Inc.",11,509,287,4051.73,0.0708,,
2022,2023,EPO/PPO,CIGNA Health and Life Insurance Company,12,260,127,1699.09,0.0747,,
2022,2023,EPO/PPO,"Healthfirst Insurance Company, Inc.",13,40,26,88.16,0.2949,,
2022,2023,EPO/PPO,Oscar Insurance Corporation,14,188,86,122.24,0.7035,,
2022,2023,EPO/PPO,"EmblemHealth Plan, Inc.",15,1433,644,429.99,1.4977,,
2022,2023,EPO/PPO,MVP Health Services Corporation3,19,9,5,696.36,0.0072,,
2022,2023,EPO/PPO,"Healthfirst Insurance Company, Inc.4",40,19,13,88.16,0.1475,,
2022,2023,EPO/PPO,EmblemHealth Insurance Company3,44,5,3,164.93,0.0182,,
2022,2023,EPO/PPO,Highmark Western and Northeastern New York Inc.3,62,14,8,1651.96,0.0048,,
2022,2023,EPO/PPO,"Excellus Health Plan, Inc.3",89,13,11,2861.02,0.0038,,
2022,2023,EPO/PPO,UnitedHealthcare Insurance Company of New York3,116,23,16,2073.92,0.0077,,
2022,2023,EPO/PPO,CIGNA Health and Life Insurance Company3,260,102,56,1699.09,0.033,,
2022,2023,EPO/PPO,Aetna Life Insurance Company3,333,116,61,2054.87,0.0297,,
2022,2023,EPO/PPO,"Empire HealthChoice Assurance, Inc.3",509,213,144,4051.73,0.0355,,
2022,2023,EPO/PPO,"Oxford Health Insurance, Inc.3",750,238,111,6311.04,0.0176,,
2022,2023,EPO/PPO,"EmblemHealth Plan, Inc.3",1433,438,303,429.99,0.7047,,
2022,2023,HMO,Excellus Health Plan,1,5,0,424.76,0.0,0,0
2022,2023,HMO,"Independent Health Association, Inc.",2,2,0,218.05,0.0,0,0
2022,2023,HMO,Capital District Physicians Health Plan,3,8,3,624.41,0.0048,0,0
2022,2023,HMO,"MVP Health Plan, Inc.",4,14,5,469.36,0.0107,0,0
2022,2023,HMO,Highmark Western and Northeastern,5,5,5,185.61,0.0269,0,0
2022,2023,HMO,"UnitedHealthcare of New York, Inc.",6,60,28,638.45,0.0439,0,0
2022,2023,HMO,HIP Health Maintenance Organization,7,636,378,2667.08,0.1417,1,0
2023,2024,Commercial,Standard Security Life Insurance Company of New York,1,1,0,209.17,0.0,,
2023,2024,Commercial,Standard Security Life Insurance Company of New,1,0,0,209.17,0.0,,
2023,2024,Commercial,"Eastern Vision Service Plan, Inc.4",1,0,0,105.84,0.0,,
2023,2024,Commercial,First Reliance Standard Life Insurance Company,2,0,0,118.55,0.0,,
2023,2024,Commercial,Mutual of Omaha Insurance Company,3,3,0,117.92,0.0,,
2023,2024,Commercial,HCC Life Insurance Company,4,0,0,109.65,0.0,,
2023,2024,Commercial,Northwestern Mutual Life Insurance Company,5,3,0,107.7,0.0,,
2023,2024,Commercial,"Eastern Vision Service Plan, Inc.",6,1,0,105.84,0.0,,
2023,2024,Commercial,Standard Life Insurance Company of New York,7,2,0,100.04,0.0,,
2023,2024,Commercial,HM Life Insurance Company of New York,8,0,0,93.89,0.0,,
2023,2024,Commercial,Provident Life and Casualty Insurance Company,9,2,0,86.37,0.0,,
2023,2024,Commercial,Massachusetts Mutual Life Insurance Company,10,3,0,83.75,0.0,,
2023,2024,Commercial,Berkshire Life Insurance Company of America,11,2,0,81.41,0.0,,
2023,2024,Commercial,American Family Life Assurance Company of New,11,3,3,305.62,0.0098,,
2023,2024,Commercial,Fidelity Security Life Insurance Company of New York,12,0,0,62.77,0.0,,
2023,2024,Commercial,ReliaStar Life Insurance Company of New York,13,0,0,60.45,0.0,,
2023,2024,Commercial,First Symetra National Life Company of New York,14,0,0,59.33,0.0,,
2023,2024,Commercial,Union Labor Life Insurance Company,15,0,0,53.55,0.0,,
2023,2024,Commercial,ShelterPoint Life Insurance Company,16,1,1,487.65,0.0021,,
2023,2024,Commercial,First Unum Life Insurance Company,17,9,1,377.74,0.0026,,
2023,2024,Commercial,Hartford Life and Accident Insurance Company,18,6,2,570.22,0.0035,,
2023,2024,Commercial,Sun Life and Health Insurance Company,19,4,1,247.03,0.004,,
2023,2024,Commercial,Lincoln Life and Annuity Company of New York,20,8,1,222.05,0.0045,,
2023,2024,Commercial,Combined Life Insurance Company of New York,21,13,1,120.07,0.0083,,
2023,2024,Commercial,Guardian Life Insurance Company of America,22,24,5,538.52,0.0093,,
2023,2024,Commercial,New York Life Group Insurance Company of New York,23,5,2,214.5,0.0093,,
2023,2024,Commercial,Principal Life Insurance Company,24,4,1,90.89,0.011,,
2023,2024,Commercial,Prudential Insurance Company of America,25,8,2,172.89,0.0116,,
2023,2024,Commercial,Metropolitan Life Insurance Company,26,57,16,920.57,0.0174,,
2023,2024,Commercial,American Family Life Assurance Company of New York,27,11,7,305.62,0.0229,,
2023,2024,Commercial,Wellfleet New York Insurance Company,28,18,3,119.74,0.0251,,
2023,2024,Commercial,"Delta Dental of New York, Inc.",29,29,7,196.27,0.0357,,
2023,2024,Commercial,"Delta Dental of New York, Inc.3",29,15,3,196.27,0.0153,,
2023,2024,Commercial,New York Life Insurance Company,30,9,3,82.34,0.0364,,
2023,2024,Commercial,Genworth Life Insurance Company of New York,31,42,7,186.43,0.0375,,
2023,2024,Commercial,Transamerica Financial Life Insurance Company,32,13,4,92.08,0.0434,,
2023,2024,Commercial,John Hancock Life & Health Insurance Company,33,27,7,114.33,0.0612,,
2023,2024,EPO/PPO,Independent Health Benefits Corporation,1,10,3,615.06,0.0049,,
2023,2024,EPO/PPO,"CDPHP Universal Benefits, Inc.",2,11,3,574.46,0.0052,,
2023,2024,EPO/PPO,Nippon Life Insurance Company of America3,3,0,0,102.11,0.0,,
2023,2024,EPO/PPO,MVP Health Services Corporation,3,21,4,671.81,0.006,,
2023,2024,EPO/PPO,"Excellus Health Plan, Inc.",4,87,30,2962.79,0.0101,,
2023,2024,EPO/PPO,Nippon Life Insurance Company of America,5,3,2,102.11,0.0196,,
2023,2024,EPO/PPO,UnitedHealthcare Insurance Company of New York,6,169,62,2276.82,0.0272,,
2023,2024,EPO/PPO,Highmark Western and Northeastern New York Inc.,7,128,65,1167.44,0.0557,,
2023,2024,EPO/PPO,"Anthem HealthChoice Assurance, Inc.",8,523,260,3905.65,0.0666,,
2023,2024,EPO/PPO,"Oxford Health Insurance, Inc.",9,1246,568,6359.34,0.0893,,
2023,2024,EPO/PPO,Independent Health Benefits Corporation3,10,2,1,615.06,0.0016,,
2023,2024,EPO/PPO,CIGNA Health and Life Insurance Company,10,325,231,2127.69,0.1086,,
2023,2024,EPO/PPO,EmblemHealth Insurance Company,11,30,16,128.74,0.1243,,
2023,2024,EPO/PPO,Aetna Life Insurance Company,12,618,297,2291.84,0.1296,,
2023,2024,EPO/PPO,Oscar Insurance Corporation,13,204,105,104.7,1.0029,,
2023,2024,EPO/PPO,"EmblemHealth Plan, Inc.",14,1642,959,478.69,2.0034,,
2023,2024,EPO/PPO,MVP Health Services Corporation3,21,5,2,671.81,0.003,,
2023,2024,EPO/PPO,EmblemHealth Insurance Company3,30,13,7,128.74,0.0544,,
2023,2024,EPO/PPO,"Excellus Health Plan, Inc.3",87,27,16,2962.79,0.0054,,
2023,2024,EPO/PPO,Highmark Western and Northeastern New York Inc.3,128,38,23,1167.44,0.0197,,
2023,2024,EPO/PPO,UnitedHealthcare Insurance Company of New York3,169,58,27,2276.82,0.0119,,
2023,2024,EPO/PPO,CIGNA Health and Life Insurance Company3,325,183,150,2127.69,0.0705,,
2023,2024,EPO/PPO,"Anthem HealthChoice Assurance, Inc.3,4",523,215,119,3905.65,0.0305,,
2023,2024,EPO/PPO,Aetna Life Insurance Company3,618,298,165,2291.84,0.072,,
2023,2024,EPO/PPO,"Oxford Health Insurance, Inc.3",1246,512,256,6359.34,0.0403,,
2023,2024,EPO/PPO,"EmblemHealth Plan, Inc.3",1642,503,329,478.69,0.6873,,
2023,2024,HMO,Excellus Health Plan,1,7,0,540.62,0.0,0,0
2023,2024,HMO,"Independent Health Association, Inc.",2,5,1,250.21,0.004,0,0
2023,2024,HMO,"MVP Health Plan, Inc.",3,10,3,483.39,0.0062,0,0
2023,2024,HMO,Capital District Physicians Health Plan,4,77,5,655.24,0.0076,0,0
2023,2024,HMO,"UnitedHealthcare of New York, Inc.",5,49,23,877.43,0.0262,0,0
2023,2024,HMO,HIP Health Maintenance Organization,7,1117,756,3053.55,0.2476,1,0
2024,2025,Commercial,Standard Security Life Insurance Company of New,0,0,0,189.09,0.0,,
2024,2025,Commercial,"Eastern Vision Service Plan, Inc.4",0,0,0,106.75,0.0,,
2024,2025,Commercial,New York Life Group Insurance Company of New York,1,4,0,199.24,0.0,,
2024,2025,Commercial,Standard Security Life Insurance Company of New York,2,0,0,189.09,0.0,,
2024,2025,Commercial,HCC Life Insurance Company,3,0,0,116.96,0.0,,
2024,2025,Commercial,First Reliance Standard Life Insurance Company,4,2,0,116.39,0.0,,
2024,2025,Commercial,Northwestern Mutual Life Insurance Company,5,3,0,110.41,0.0,,
2024,2025,Commercial,"Eastern Vision Service Plan, Inc.",6,0,0,106.75,0.0,,
2024,2025,Commercial,HM Life Insurance Company of New York,7,0,0,90.96,0.0,,
2024,2025,Commercial,Principal Life Insurance Company,8,2,0,90.85,0.0,,
2024,2025,Commercial,Berkshire Life Insurance Company of America,9,0,0,83.88,0.0,,
2024,2025,Commercial,Massachusetts Mutual Life Insurance Company,10,1,0,83.12,0.0,,
2024,2025,Commercial,ReliaStar Life Insurance Company of New York,11,0,0,71.29,0.0,,
2024,2025,Commercial,First Symetra National Life Company of New York,12,0,0,68.75,0.0,,
2024,2025,Commercial,Fidelity Security Life Insurance Company of New York,13,0,0,65.8,0.0,,
2024,2025,Commercial,Union Labor Life Insurance Company,14,0,0,55.86,0.0,,
2024,2025,Commercial,ShelterPoint Life Insurance Company,15,3,1,436.2,0.0023,,
2024,2025,Commercial,Hartford Life and Accident Insurance Company,16,9,2,542.63,0.0037,,
2024,2025,Commercial,Sun Life and Health Insurance Company,17,4,1,253.77,0.0039,,
2024,2025,Commercial,Lincoln Life and Annuity Company of New York,18,9,1,209.0,0.0048,,
2024,2025,Commercial,Prudential Insurance Company of America,19,3,1,162.26,0.0062,,
2024,2025,Commercial,Mutual of Omaha Insurance Company,20,6,1,121.35,0.0082,,
2024,2025,Commercial,Standard Life Insurance Company of New York,21,3,1,105.33,0.0095,,
2024,2025,Commercial,Guardian Life Insurance Company of America,22,23,5,525.28,0.0095,,
2024,2025,Commercial,Provident Life and Casualty Insurance Company,23,3,1,94.25,0.0106,,
2024,2025,Commercial,"Delta Dental of New York, Inc.3",23,11,1,211.85,0.0047,,
2024,2025,Commercial,First Unum Life Insurance Company,24,16,4,368.56,0.0109,,
2024,2025,Commercial,New York Life Insurance Company,25,6,1,85.25,0.0117,,
2024,2025,Commercial,American Family Life Assurance Company of New York,26,10,4,315.26,0.0127,,
2024,2025,Commercial,Wellfleet New York Insurance Company,27,7,2,117.7,0.017,,
2024,2025,Commercial,Metropolitan Life Insurance Company,28,45,20,1007.76,0.0198,,
2024,2025,Commercial,Transamerica Financial Life Insurance Company,29,7,2,96.95,0.0206,,
2024,2025,Commercial,"Delta Dental of New York, Inc.",30,23,5,211.85,0.0236,,
2024,2025,Commercial,Combined Life Insurance Company of New York,31,11,4,111.2,0.036,,
2024,2025,Commercial,Genworth Life Insurance Company of New York,32,67,7,174.61,0.0401,,
2024,2025,Commercial,John Hancock Life & Health Insurance Company,33,33,7,106.32,0.0658,,
2024,2025,EPO/PPO,Independent Health Benefits Corporation,1,3,0,696.03,0.0,,
2024,2025,EPO/PPO,MVP Health Services Corporation,2,9,1,729.67,0.0014,,
2024,2025,EPO/PPO,"CDPHP Universal Benefits, Inc.",3,5,1,599.6,0.0017,,
2024,2025,EPO/PPO,Independent Health Benefits Corporation3,3,0,0,696.03,0.0,,
2024,2025,EPO/PPO,Nippon Life Insurance Company of America,4,7,1,106.85,0.0094,,
2024,2025,EPO/PPO,"Excellus Health Plan, Inc.",5,74,36,2958.55,0.0122,,
2024,2025,EPO/PPO,Highmark Western and Northeastern New York Inc.,6,48,23,1154.63,0.0199,,
2024,2025,EPO/PPO,Nippon Life Insurance Company of America3,7,1,1,106.85,0.0094,,
2024,2025,EPO/PPO,"Anthem HealthChoice Assurance, Inc.",7,505,225,3865.01,0.0582,,
2024,2025,EPO/PPO,UnitedHealthcare Insurance Company of New York,8,181,69,976.91,0.0706,,
2024,2025,EPO/PPO,MVP Health Services Corporation3,9,5,1,729.67,0.0014,,
2024,2025,EPO/PPO,"Oxford Health Insurance, Inc.",9,1255,589,6580.98,0.0895,,
2024,2025,EPO/PPO,Aetna Life Insurance Company,10,488,259,2467.42,0.105,,
2024,2025,EPO/PPO,CIGNA Health and Life Insurance Company,11,478,321,2207.6,0.1454,,
2024,2025,EPO/PPO,Oscar Insurance Corporation,12,152,81,114.0,0.7105,,
2024,2025,EPO/PPO,"EmblemHealth Plan, Inc.",13,1529,841,512.45,1.6411,,
2024,2025,EPO/PPO,Highmark Western and Northeastern New York Inc.3,48,20,13,1154.63,0.0113,,
2024,2025,EPO/PPO,"Excellus Health Plan, Inc.3",74,29,23,2958.55,0.0078,,
2024,2025,EPO/PPO,UnitedHealthcare Insurance Company of New York3,181,45,19,976.91,0.0194,,
2024,2025,EPO/PPO,CIGNA Health and Life Insurance Company3,478,186,121,2207.6,0.0548,,
2024,2025,EPO/PPO,Aetna Life Insurance Company3,488,153,83,2467.42,0.0336,,
2024,2025,EPO/PPO,"Anthem HealthChoice Assurance, Inc.3",505,212,90,3865.01,0.0233,,
2024,2025,EPO/PPO,"Oxford Health Insurance, Inc.3",1255,453,242,6580.98,0.0368,,
2024,2025,EPO/PPO,"EmblemHealth Plan, Inc.3",1529,351,250,512.45,0.4879,,
2024,2025,HMO,Excellus Health Plan,1,2,0,907.54,0.0,0,0
2024,2025,HMO,"Independent Health Association, Inc.",2,4,0,262.75,0.0,0,0
2024,2025,HMO,Highmark Western and Northeastern,3,3,0,138.99,0.0,0,0
2024,2025,HMO,"MVP Health Plan, Inc.",4,10,1,462.98,0.0022,0,0
2024,2025,HMO,Capital District Physicians Health Plan,5,25,3,668.5,0.0045,0,0
2024,2025,HMO,"UnitedHealthcare of New York, Inc.",6,31,12,976.91,0.0123,0,0
2024,2025,HMO,HIP Health Maintenance Organization,7,619,360,3119.06,0.1154,0,0
