year,line,rank_in_study,company_canonical,company_name,exposure,justified_ratio,justified_count,study_year
2020,auto,1,CALIFORNIA CAS IND EXCH,California Cas Ind Exch,156638,1.3,2,2023
2020,auto,2,CSAA INSURANCE EXCHANGE,CSAA Insurance Exchange,1938284,1.0,20,2023
2020,auto,3,INTERINSURANCE EXCHANGE OF THE AUTOMOBILE CLUB,Interinsurance Exchange of the Automobile Club,2719460,1.2,32,2023
2020,auto,4,UNITED SERVICES AUTOMOBILE ASSOCIATION,United Services Automobile Association,375865,1.7,7,2023
2020,auto,5,MERCURY INSURANCE COMPANY,Mercury Insurance Company,1698534,1.3,21,2023
2020,auto,6,GARRISON PROPERTY AND CASUALTY INSURANCE COMPANY,Garrison Property and Casualty Insurance Company,222995,0.5,1,2023
2020,auto,7,WAWANESA GENERAL INSURANCE CO.,Wawanesa General Insurance Co.,576011,0.9,5,2023
2020,auto,8,PROGRESSIVE DIRECT INSURANCE COMPANY,Progressive Direct Insurance Company,123617,1.8,2,2023
2020,auto,9,GOVERNMENT EMPLOYEES INSURANCE COMPANY,Government Employees insurance Company,300446,0.3,1,2023
2020,auto,10,VIKINGS INS CO OF WI,Vikings Ins Co Of WI,256958,1.6,4,2023
2020,auto,11,MID CENTURY INS CO,Mid Century Ins Co,299987,1.1,4,2023
2020,auto,12,PROGRESSIVE WEST INSURANCE COMPANY,Progressive West Insurance Company,482641,1.7,7,2023
2020,auto,13,SAFECO INSURANCE COMPANY OF AMERICA,Safeco Insurance Company of America,352797,3.4,12,2023
2020,auto,14,USAA CASUALTY INSURANCE COMPANY,USAA Casualty Insurance Company,484598,1.8,9,2023
2020,auto,15,USAA GENERAL INDEMNITY COMPANY,USAA General Indemnity Company,259267,2.3,6,2023
2020,auto,16,AMERICAN FAMILY CONNECT PROPERTY AND CASUALTY INSURANCE,American Family Connect Property and Casualty Insurance,634556,2.0,11,2023
2020,auto,17,"FOREMOST INSURANCE COMPANY GRAND RAPIDS, MICHIGAN","Foremost Insurance Company Grand Rapids, Michigan",82915,1.2,1,2023
2020,auto,18,TRAVELERS COMMERCIAL INSURANCE COMPANY,Travelers Commercial Insurance Company,289186,2.4,6,2023
2020,auto,19,NATIONWIDE INSURANCE COMPANY OF AMERICA,Nationwide Insurance Company of America,316243,2.0,8,2023
2020,auto,20,GEICO GENERAL INSURANCE COMPANY,GEICO General Insurance Company,2287723,0.6,13,2023
2020,auto,21,STATE FARM MUTUAL AUTOMOBILE INSURANCE COMPANY,State Farm Mutual Automobile Insurance Company,3780159,2.1,75,2023
2020,auto,22,ALLSTATE NORTHBROOK INDEMNITY COMPANY,Allstate Northbrook Indemnity Company,1939285,2.2,43,2023
2020,auto,23,GEICO INDEMNITY COMPANY,GEICO Indemnity Company,726600,0.8,6,2023
2020,auto,24,CALIFORNIA AUTOMOBILE INSURANCE COMPANY,California Automobile Insurance Company,123449,2.1,5,2023
2020,auto,25,21ST CENTURY INSURANCE COMPANY,21st Century Insurance Company,375394,2.5,11,2023
2020,auto,26,ALLSTATE INSURANCE COMPANY,Allstate Insurance Company,56560,5.5,3,2023
2020,auto,27,FARMERS INS EXCH,Farmers Ins Exch,1387800,2.1,30,2023
2020,auto,28,ANCHOR GENERAL INSURANCE COMPANY,Anchor General Insurance Company,116946,1.8,2,2023
2020,auto,29,FARMERS SPECIALTY INSURANCE COMPANY,Farmers Specialty Insurance Company,65732,4.2,3,2023
2020,auto,30,COMMERCE WEST INSURANCE COMPANY,Commerce West Insurance Company,65312,4.0,2,2023
2020,auto,31,METROMILE INSURANCE COMPANY,Metromile Insurance Company,64599,6.2,4,2023
2020,auto,32,HARTFORD UNDERWRITERS INSURANCE COMPANY,Hartford Underwriters Insurance Company,125506,8.9,13,2023
2020,auto,33,UNITED FINANCIAL CASUALTY COMPANY,United Financial Casualty Company,743089,2.2,14,2023
2020,auto,34,PROGRESSIVE SELECT INSURANCE COMPANY,Progressive Select Insurance Company,337427,2.0,7,2023
2020,auto,35,AMICA MUTUAL INSURANCE COMPANY,Amica Mutual Insurance Company,71958,3.8,3,2023
2020,auto,36,LIBERTY MUTUAL FIRE INSURANCE COMPANY,Liberty Mutual Fire Insurance Company,304843,5.3,19,2023
2020,auto,37,ASPIRE GENERAL INSURANCE COMPANY,Aspire General Insurance Company,140008,4.6,4,2023
2020,auto,38,COAST NATIONAL INSURANCE CO.,Coast National Insurance Co.,154550,3.2,6,2023
2020,auto,39,LOYA CASUALTY INSURANCE COMPANY,Loya Casualty Insurance Company,233447,2.6,6,2023
2020,auto,40,GEICO CASUALTY COMPANY,GEICO Casualty Company,421234,1.4,5,2023
2020,auto,41,ALLIANCE UNITED INSURANCE COMPANY,Alliance United Insurance Company,1024068,15.4,186,2023
2020,auto,42,INFINITY INSURANCE COMPANY,Infinity Insurance Company,978062,6.6,64,2023
2020,auto,43,FARMERS DIRECT PROPERTY AND CASUALTY INSURANCE COMPANY,Farmers Direct Property and Casualty Insurance Company,112262,4.8,6,2023
2020,auto,44,PERMANENT GENERAL ASSURANCE CORPORATION,Permanent General Assurance Corporation,69310,4.7,3,2023
2020,auto,45,NATIONAL GENERAL PREMIER INSURANCE COMPANY,National General Premier Insurance Company,75438,8.4,8,2023
2020,auto,46,FINANCIAL INDEMNITY COMPANY,Financial Indemnity Company,243876,16.6,40,2023
2020,auto,47,ESURANCE PROPERTY AND CASUALTY INSURANCE COMPANY,Esurance Property and Casualty Insurance Company,243028,2.7,8,2023
2020,auto,48,INTEGON NATIONAL INSURANCE COMPANY,Integon National Insurance Company,424861,11.8,36,2023
2020,auto,49,INTEGON PREFERRED INSURANCE COMPANY,Integon Preferred Insurance Company,79163,9.9,4,2023
2020,auto,50,STATE NATIONAL INSURANCE COMPANY,State National Insurance Company,92253,40.9,11,2023
2020,home,1,GARRISON PROPERTY AND CASUALTY INSURANCE COMPANY,Garrison Property and Casualty Insurance Company,115066,3.0,3,2023
2020,home,2,AMERICAN NATIONAL PROP & CAS CO,American National Prop & Cas Co,82749,0.0,0,2023
2020,home,3,SAFECO INSURANCE COMPANY OF ILLINOIS,Safeco Insurance Company of Illinois,58402,1.8,1,2023
2020,home,4,CENTURY NATIONAL INSURANCE COMPANY,Century National Insurance Company,55045,2.7,1,2023
2020,home,5,AMCO INSURANCE COMPANY,AMCO Insurance Company,45097,12.4,8,2023
2020,home,6,INTERINSURANCE EXCHANGE OF THE AUTOMOBILE CLUB,Interinsurance Exchange of the Automobile Club,865433,2.6,21,2023
2020,home,7,CALIFORNIA AUTOMOBILE INSURANCE COMPANY,California Automobile Insurance Company,638347,1.3,8,2023
2020,home,8,FIRST NATIONAL INSURANCE COMPANY OF AMERICA,First National Insurance Company of America,100837,0.0,0,2023
2020,home,9,"FOREMOST INSURANCE COMPANY GRAND RAPIDS, MICHIGAN","Foremost Insurance Company Grand Rapids, Michigan",277174,2.8,6,2023
2020,home,10,CSAA FIRE & CASUALTY INSURANCE COMPANY,CSAA Fire & Casualty Insurance Company,79219,1.2,1,2023
2020,home,11,ASI SELECT INSURANCE CORP.,ASI Select Insurance Corp.,71553,6.1,3,2023
2020,home,12,STATE FARM GENERAL INSURANCE COMPANY,State Farm General Insurance Company,2293718,1.4,31,2023
2020,home,13,USAA GENERAL INDEMNITY COMPANY,USAA General Indemnity Company,122583,2.5,3,2023
2020,home,14,SAFECO INSURANCE COMPANY OF AMERICA,Safeco Insurance Company of America,301475,0.7,2,2023
2020,home,15,USAA CASUALTY INSURANCE COMPANY,USAA Casualty Insurance Company,228087,1.8,4,2023
2020,home,16,FIRE INS EXCH,Fire Ins Exch,911296,1.4,14,2023
2020,home,17,STILLWATER INSURANCE COMPANY,Stillwater Insurance Company,107803,8.0,5,2023
2020,home,18,WAWANESA GENERAL INSURANCE CO.,Wawanesa General Insurance Co.,51189,0.0,0,2023
2020,home,19,AMERICAN MODERN INSURANCE COMPANY,American Modern Insurance Company,50140,4.0,2,2023
2020,home,20,KEMPER INDEPENDENCE INSURANCE COMPANY,Kemper Independence Insurance Company,45151,7.3,4,2023
2020,home,21,CSAA INSURANCE EXCHANGE,CSAA Insurance Exchange,621984,5.8,36,2023
2020,home,22,INTEGON NATIONAL INSURANCE COMPANY,Integon National Insurance Company,84244,14.4,15,2023
2020,home,23,AMERICAN SECURITY INSURANCE COMPANY,American Security Insurance Company,79772,2.7,2,2023
2020,home,24,HOMESITE INSURANCE COMPANY OF CALIFORNIA,Homesite Insurance Company of California,236957,4.2,8,2023
2020,home,25,GENERAL INSURANCE COMPANY OF AMERICA,General Insurance Company of America,192702,2.6,4,2023
2020,home,26,THE STANDARD FIRE INSURANCE COMPANY,The Standard Fire Insurance Company,326275,8.4,1,2023
2020,home,27,UNITED SERVICES AUTOMOBILE ASSOCIATION,United Services Automobile Association,207064,0.9,2,2023
2020,home,28,CALIFORNIA CAPITAL INS CO,California Capital Ins Co,60183,37.8,27,2023
2020,home,29,AMERICAN BANKERS INSURANCE COMPANY,American Bankers Insurance Company,231372,2.9,6,2023
2020,home,30,ALLSTATE INSURANCE COMPANY,Allstate Insurance Company,717260,3.4,24,2023
2020,home,31,AMERICAN FAMILY CONNECT P&C INSURANCE COMPANY,American Family Connect P&C Insurance Company,109124,1.2,1,2023
2020,home,32,CSE SAFEGUARD INSURANCE COMPANY,CSE Safeguard Insurance Company,49994,1.4,1,2023
2020,home,33,LIBERTY INSURANCE CORPORATION,Liberty Insurance Corporation,240320,2.6,7,2023
2020,home,34,MID CENTURY INS CO,Mid Century Ins Co,224134,5.9,16,2023
2020,home,35,FARMERS INS EXCH,Farmers Ins Exch,403056,1.4,4,2023
2020,home,36,LEMONADE INSURANCE COMPANY,Lemonade Insurance Company,327305,6.1,13,2023
2020,home,37,FARMERS DIRECT P&C INSURANCE COMPANY,Farmers Direct P&C Insurance Company,39130,2.7,1,2023
2020,home,38,NATIONWIDE MUTUAL INSURANCE COMPANY,Nationwide Mutual Insurance Company,214012,1.6,3,2023
2020,home,39,RESIDENCE MUTUAL INSURANCE COMPANY,Residence Mutual Insurance Company,52914,0.0,0,2023
2020,home,40,PACIFIC SPECIALTY INSRUANCE,Pacific Specialty Insruance,191301,3.9,8,2023
2020,home,41,HOMESITE INSURANCE COMPANY OF THE MIDWEST,Homesite Insurance Company of the Midwest,57689,6.5,2,2023
2020,home,42,PROPERTY & CASUALTY INSURANCE COMPANY,Property & Casualty Insurance Company,49360,10.2,6,2023
2020,home,43,AMICA MUTUAL INSURANCE COMPANY,Amica Mutual Insurance Company,36582,2.7,1,2023
2020,home,44,CALIFORNIA CAS IND EXCH,California Cas Ind Exch,60679,1.6,1,2023
2020,home,45,QBE INSURANCE CORPORATION,QBE Insurance Corporation,47162,4.0,2,2023
2020,home,46,AMERICAN MODERN P&C INSURANCE COMPANY,American Modern P&C Insurance Company,105028,11.2,11,2023
2020,home,47,ZURICH AMERICAN INSURANCE COMPANY,Zurich American Insurance Company,64680,5.7,2,2023
2020,home,48,UNIVERSAL NORTH AMERICA INSURANCE COMPANY,Universal North America Insurance Company,46993,6.0,4,2023
2020,home,49,SPINNAKER INSURANCE COMPANY,Spinnaker Insurance Company,107953,0.0,0,2023
2020,home,50,AMGUARD INSURANCE COMPANY,AMGUARD INSURANCE COMPANY,49292,13.3,3,2023
2020,life,1,NORTHWESTERN MUT LIFE INS CO,Northwestern Mut Life Ins Co,358276,0.9,3,2023
2020,life,2,GERBER LIFE INS CO,Gerber Life Ins Co,251673,0.0,0,2023
2020,life,3,LINCOLN HERITAGE LIFE INS CO,Lincoln Heritage Life Ins Co,205908,1.0,2,2023
2020,life,4,PROTECTIVE LIFE INS CO,Protective Life Ins Co,142794,0.7,1,2023
2020,life,5,USAA LIFE INS CO,USAA Life Ins Co,113737,0.0,0,2023
2020,life,6,AMERICAN FIDELITY ASSUR CO,American Fidelity Assur Co,97122,1.2,1,2023
2020,life,7,TEXAS LIFE INS CO,Texas Life Ins Co,96458,0.0,0,2023
2020,life,8,GENWORTH LIFE & ANN INS CO,Genworth Life & Ann Ins Co,89543,0.0,0,2023
2020,life,9,BRIGHTHOUSE LIFE INS CO,Brighthouse Life Ins Co,83945,3.2,3,2023
2020,life,10,RELIASTAR LIFE INS CO,Reliastar Life Ins Co,82937,0.0,0,2023
2020,life,11,FIDELITY & GUAR LIFE INS CO,Fidelity & Guar Life Ins Co,77226,0.0,0,2023
2020,life,12,COLONIAL LIFE & ACCIDENT INS CO,Colonial Life & Accident Ins Co,69755,1.4,1,2023
2020,life,13,MIDLAND NATL LIFE INS CO,Midland Natl Life Ins Co,64147,1.6,1,2023
2020,life,14,PROVIDENT LIFE & ACCIDENT INS CO,Provident Life & Accident Ins Co,58940,0.0,0,2023
2020,life,15,AMERICAN FAMILY LIFE ASSUR CO OF COL,American Family Life Assur Co of Col,51040,0.0,0,2023
2020,life,16,PRINCIPAL NATL LIFE INS CO,Principal Natl Life Ins Co,45117,0.0,0,2023
2020,life,17,ALLSTATE ASSUR CO,Allstate Assur Co,44212,0.0,0,2023
2020,life,18,GUARDIAN LIFE INS CO OF AMER,Guardian Life Ins Co Of Amer,38375,0.0,0,2023
2020,life,19,STATE FARM LIFE INS CO,State Farm Life Ins Co,639252,0.2,1,2023
2020,life,20,NEW YORK LIFE INS CO,New York Life Ins Co,612221,0.2,1,2023
2020,life,21,PRIMERICA LIFE INS CO,Primerica Life Ins Co,437388,0.2,1,2023
2020,life,22,BANNER LIFE INS CO,Banner Life Ins Co,119510,0.0,0,2023
2020,life,23,UNITED INS CO OF AMER,United Ins Co Of Amer,119034,2.5,3,2023
2020,life,24,LIFE INS CO OF THE SOUTHWEST,Life Ins Co Of The Southwest,229717,2.2,4,2023
2020,life,25,JOHN HANCOCK LIFE INS CO USA,John Hancock Life Ins Co USA,114342,3.3,4,2023
2020,life,26,LINCOLN BENEFIT LIFE CO,Lincoln Benefit Life Co,99921,1.8,2,2023
2020,life,27,FARMERS NEW WORLD LIFE INS CO,Farmers New World Life Ins Co,389483,1.8,7,2023
2020,life,28,GLOBE LIFE & ACCIDENT INS CO,Globe Life & Accident Ins Co,278252,0.8,2,2023
2020,life,29,AMERICAN NATL INS CO,American Natl Ins Co,173715,1.2,2,2023
2020,life,30,NATIONWIDE LIFE & ANN INS CO,Nationwide Life & Ann Ins Co,85778,4.3,3,2023
2020,life,31,AAA LIFE INS CO,AAA Life Ins Co,254399,0.0,0,2023
2020,life,32,PRUCO LIFE INS CO,Pruco Life Ins Co,165038,0.0,0,2023
2020,life,33,PACIFIC LIFE INS CO,Pacific Life Ins Co,79207,1.4,1,2023
2020,life,34,EQUITABLE FINANCIAL LIFE INS CO,Equitable Financial Life Ins Co,62777,2.9,2,2023
2020,life,35,PRUDENTIAL INS CO OF AMER,Prudential Ins Co Of Amer,186648,2.2,5,2023
2020,life,36,AMERICAN INCOME LIFE INS CO,American Income Life Ins Co,308891,1.1,3,2023
2020,life,37,IA AMER LIFE INS CO,IA Amer Life Ins Co,60534,1.8,1,2023
2020,life,38,MASSACHUSETTS MUT LIFE INS CO,Massachusetts Mut Life Ins Co,158862,0.0,0,2023
2020,life,39,ALLSTATE LIFE INS CO,Allstate Life Ins Co,51184,0.0,0,2023
2020,life,40,WEST COAST LIFE INS CO,West Coast Life Ins Co,48980,0.0,0,2023
2020,life,41,AMERICAN GEN LIFE INS CO,American Gen Life Ins Co,456056,1.7,8,2023
2020,life,42,LINCOLN NATL LIFE INS CO,Lincoln Natl Life Ins Co,163323,1.5,2,2023
2020,life,43,UNITED OF OMAHA LIFE INS CO,United Of Omaha Life Ins Co,203287,2.2,4,2023
2020,life,44,METROPOLITAN LIFE INS CO,Metropolitan Life Ins Co,161748,2.7,5,2023
2020,life,45,NEW YORK LIFE INS & ANN CORP,New York Life Ins & Ann Corp,71934,1.4,1,2023
2020,life,46,CMFG LIFE INS CO,CMFG Life Ins Co,66741,0.0,0,2023
2020,life,47,TRANSAMERICA LIFE INS CO,Transamerica Life Ins Co,565274,1.3,7,2023
2020,life,48,JACKSON NATL LIFE INS CO,Jackson Natl Life Ins Co,55603,7.2,5,2023
2020,life,49,NORTH AMER CO LIFE & HLTH INS,North Amer Co Life & Hlth Ins,51770,2.2,1,2023
2020,life,50,BANKERS LIFE & CAS CO,Bankers Life & Cas Co,43988,2.4,1,2023
2021,auto,1,VIKING INSURANCE COMPANY OF WISCONSIN,VIKING INSURANCE COMPANY OF WISCONSIN,289553,2.0,5,2024
2021,auto,1,CALIFORNIA CAS IND EXCH,California Cas Ind Exch,156638,1.9,3,2023
2021,auto,2,ESSENTIA INSURANCE COMPANY,ESSENTIA INSURANCE COMPANY,229890,0.5,1,2024
2021,auto,3,CSAA INSURANCE EXCHANGE,CSAA INSURANCE EXCHANGE,2045680,1.1,22,2024
2021,auto,4,PROGRESSIVE DIRECT INSURANCE COMPANY,PROGRESSIVE DIRECT INSURANCE COMPANY,134298,0.0,0,2024
2021,auto,5,INTERINSURANCE EXCHANGE OF THE AUTOMOBILE CLUB,INTERINSURANCE EXCHANGE OF THE AUTOMOBILE CLUB,2858094,0.6,16,2024
2021,auto,6,GARRISON PROPERTY AND CASUALTY INSURANCE COMPANY,Garrison Property and Casualty Insurance Company,222995,2.4,5,2023
2021,auto,6,COAST NATIONAL INSURANCE COMPANY,COAST NATIONAL INSURANCE COMPANY,156431,3.4,6,2024
2021,auto,7,WAWANESA GENERAL INSURANCE COMPANY,WAWANESA GENERAL INSURANCE COMPANY,538916,1.4,8,2024
2021,auto,7,WAWANESA GENERAL INSURANCE CO.,Wawanesa General Insurance Co.,576011,1.4,8,2023
2021,auto,8,GEICO GENERAL INSURANCE COMPANY,GEICO GENERAL INSURANCE COMPANY,2455817,1.8,40,2024
2021,auto,9,GOVERNMENT EMPLOYEES INSURANCE COMPANY,GOVERNMENT EMPLOYEES INSURANCE COMPANY,198513,2.8,9,2024
2021,auto,10,VIKINGS INS CO OF WI,Vikings Ins Co Of WI,256958,2.0,5,2023
2021,auto,10,TRAVELERS COMMERCIAL INSURANCE COMPANY,TRAVELERS COMMERCIAL INSURANCE COMPANY,294561,5.8,16,2024
2021,auto,11,MID-CENTURY INSURANCE COMPANY,MID-CENTURY INSURANCE COMPANY,275719,2.7,9,2024
2021,auto,11,MID CENTURY INS CO,Mid Century Ins Co,299987,2.7,9,2023
2021,auto,12,KEMPER INDEPENDENCE INSURANCE COMPANY,KEMPER INDEPENDENCE INSURANCE COMPANY,54321,7.4,4,2024
2021,auto,12,PROGRESSIVE WEST INSURANCE COMPANY,Progressive West Insurance Company,482641,2.1,10,2023
2021,auto,13,FARMERS INSURANCE EXCHANGE,FARMERS INSURANCE EXCHANGE,1358359,2.9,40,2024
2021,auto,14,AMERICAN FAMILY CONNECT P&C INSURANCE COMPANY,AMERICAN FAMILY CONNECT P&C INSURANCE COMPANY,677231,2.9,17,2024
2021,auto,15,UNITED SERVICES AUTOMOBILE ASSOCIATION,UNITED SERVICES AUTOMOBILE ASSOCIATION,384721,1.5,6,2024
2021,auto,16,USAA CASUALTY INSURANCE COMPANY,USAA CASUALTY INSURANCE COMPANY,504620,1.6,8,2024
2021,auto,16,AMERICAN FAMILY CONNECT PROPERTY AND CASUALTY INSURANCE,American Family Connect Property and Casualty Insurance,634556,2.9,17,2023
2021,auto,17,SAFECO INSURANCE COMPANY OF AMERICA,SAFECO INSURANCE COMPANY OF AMERICA,366740,2.6,9,2024
2021,auto,17,"FOREMOST INSURANCE COMPANY GRAND RAPIDS, MICHIGAN","Foremost Insurance Company Grand Rapids, Michigan",82915,2.4,2,2023
2021,auto,18,MERCURY INSURANCE COMPANY,MERCURY INSURANCE COMPANY,1616454,1.9,32,2024
2021,auto,19,NATIONWIDE INSURANCE COMPANY OF AMERICA,NATIONWIDE INSURANCE COMPANY OF AMERICA,306561,1.6,6,2024
2021,auto,20,"FOREMOST INSURANCE COMPANY GRAND RAPIDS, MI","FOREMOST INSURANCE COMPANY GRAND RAPIDS, MI",83676,2.4,2,2024
2021,auto,21,STATE FARM MUTUAL AUTOMOBILE INSURANCE COMPANY,State Farm Mutual Automobile Insurance Company,3780159,2.5,92,2023
2021,auto,21,ALLIANCE UNITED INSURANCE COMPANY,ALLIANCE UNITED INSURANCE COMPANY,333737,10.9,125,2024
2021,auto,22,UNITED FINANCIAL CASUALTY COMPANY,UNITED FINANCIAL CASUALTY COMPANY,853530,3.2,23,2024
2021,auto,23,HARTFORD UNDERWRITERS INSURANCE COMPANY,HARTFORD UNDERWRITERS INSURANCE COMPANY,120028,6.0,8,2024
2021,auto,24,STATE FARM MUTUAL AUTOMOBILE INSURANCE CO,STATE FARM MUTUAL AUTOMOBILE INSURANCE CO,3954638,2.5,92,2024
2021,auto,25,GEICO INDEMNITY COMPANY,GEICO INDEMNITY COMPANY,521983,2.2,16,2024
2021,auto,26,AMICA MUTUAL INSURANCE COMPANY,AMICA MUTUAL INSURANCE COMPANY,72525,2.7,2,2024
2021,auto,27,ALLSTATE NORTHBROOK INDEMNITY COMPANY,ALLSTATE NORTHBROOK INDEMNITY COMPANY,1890414,3.4,66,2024
2021,auto,27,FARMERS INS EXCH,Farmers Ins Exch,1387800,2.9,40,2023
2021,auto,28,CALIFORNIA AUTOMOBILE INSURANCE COMPANY,CALIFORNIA AUTOMOBILE INSURANCE COMPANY,101974,4.4,10,2024
2021,auto,29,FARMERS SPECIALTY INSURANCE COMPANY,Farmers Specialty Insurance Company,65732,6.5,4,2023
2021,auto,29,DRIVE INSURANCE COMPANY,DRIVE INSURANCE COMPANY,504242,2.1,10,2024
2021,auto,30,COMMERCE WEST INSURANCE COMPANY,Commerce West Insurance Company,65312,6.9,3,2023
2021,auto,30,PROGRESSIVE SELECT INSURANCE COMPANY,PROGRESSIVE SELECT INSURANCE COMPANY,360687,3.5,13,2024
2021,auto,31,ALLSTATE INSURANCE COMPANY,ALLSTATE INSURANCE COMPANY,57367,1.8,1,2024
2021,auto,32,GARRISON PROPERTY AND CASUALTY INSURANCE CO,GARRISON PROPERTY AND CASUALTY INSURANCE CO,249455,2.4,5,2024
2021,auto,33,USAA GENERAL INDEMNITY COMPANY,USAA GENERAL INDEMNITY COMPANY,280203,2.3,6,2024
2021,auto,34,GEICO CASUALTY COMPANY,GEICO CASUALTY COMPANY,252776,2.9,12,2024
2021,auto,35,LIBERTY MUTUAL FIRE INSURANCE COMPANY,LIBERTY MUTUAL FIRE INSURANCE COMPANY,298052,5.5,18,2024
2021,auto,36,INFINITY INSURANCE COMPANY,INFINITY INSURANCE COMPANY,1724718,10.8,108,2024
2021,auto,37,CALIFORNIA CASUALTY INDEMNITY EXCHANGE (THE),CALIFORNIA CASUALTY INDEMNITY EXCHANGE (THE),156828,1.9,3,2024
2021,auto,38,COAST NATIONAL INSURANCE CO.,Coast National Insurance Co.,154550,3.4,6,2023
2021,auto,38,SAFEWAY INSURANCE COMPANY,SAFEWAY INSURANCE COMPANY,68465,1.5,1,2024
2021,auto,39,ASPIRE GENERAL INSURANCE COMPANY,ASPIRE GENERAL INSURANCE COMPANY,300989,3.6,4,2024
2021,auto,40,FARMERS DIRECT P&C INSURANCE COMPANY,FARMERS DIRECT P&C INSURANCE COMPANY,112118,4.2,5,2024
2021,auto,41,ANCHOR GENERAL INSURANCE COMPANY,ANCHOR GENERAL INSURANCE COMPANY,131057,3.5,4,2024
2021,auto,42,LOYA CASUALTY INSURANCE COMPANY,LOYA CASUALTY INSURANCE COMPANY,228190,6.3,15,2024
2021,auto,43,FARMERS DIRECT PROPERTY AND CASUALTY INSURANCE COMPANY,Farmers Direct Property and Casualty Insurance Company,112262,4.2,5,2023
2021,auto,43,21ST CENTURY INSURANCE COMPANY,21ST CENTURY INSURANCE COMPANY,353642,3.3,13,2024
2021,auto,44,NATIONAL GENERAL PREMIER INSURANCE COMPANY,NATIONAL GENERAL PREMIER INSURANCE COMPANY,72816,6.3,5,2024
2021,auto,45,INTEGON PREFERRED INSURANCE COMPANY,INTEGON PREFERRED INSURANCE COMPANY,118784,25.4,14,2024
2021,auto,46,INTEGON NATIONAL INSURANCE COMPANY,INTEGON NATIONAL INSURANCE COMPANY,448672,21.0,80,2024
2021,auto,46,FINANCIAL INDEMNITY COMPANY,Financial Indemnity Company,243876,13.4,35,2023
2021,auto,47,ESURANCE PROPERTY AND CASUALTY INSURANCE COMPANY,Esurance Property and Casualty Insurance Company,243028,2.6,7,2023
2021,auto,47,METROMILE INSURANCE COMPANY,METROMILE INSURANCE COMPANY,54204,4.5,3,2024
2021,auto,48,PERMANENT GENERAL ASSURANCE CORPORATION,PERMANENT GENERAL ASSURANCE CORPORATION,71846,5.7,4,2024
2021,auto,49,ESURANCE PROPERTY AND CASUALTY INSURANCE CO,ESURANCE PROPERTY AND CASUALTY INSURANCE CO,210133,2.6,7,2024
2021,auto,50,"STATE NATIONAL INSURANCE COMPANY, INC.","STATE NATIONAL INSURANCE COMPANY, INC.",161070,26.7,14,2024
2021,auto,50,STATE NATIONAL INSURANCE COMPANY,State National Insurance Company,92253,26.7,14,2023
2021,home,1,GARRISON PROPERTY AND CASUALTY INSURANCE COMPANY,Garrison Property and Casualty Insurance Company,115066,0.9,1,2023
2021,home,1,AMERICAN NATIONAL P&C COMPANY,AMERICAN NATIONAL P&C COMPANY,105710,2.2,2,2024
2021,home,2,MARKEL AMERICAN INSURANCE COMPANY,MARKEL AMERICAN INSURANCE COMPANY,50731,0.0,0,2024
2021,home,2,AMERICAN NATIONAL PROP & CAS CO,American National Prop & Cas Co,82749,3.2,2,2023
2021,home,3,INTERINSURANCE EXCHANGE OF THE AUTOMOBILE CLUB,INTERINSURANCE EXCHANGE OF THE AUTOMOBILE CLUB,913759,2.0,16,2024
2021,home,4,CENTURY NATIONAL INSURANCE COMPANY,Century National Insurance Company,55045,0.0,0,2023
2021,home,4,UNITED SERVICES AUTOMOBILE ASSOCIATION,UNITED SERVICES AUTOMOBILE ASSOCIATION,225597,2.3,5,2024
2021,home,5,USAA GENERAL INDEMNITY COMPANY,USAA GENERAL INDEMNITY COMPANY,134043,1.6,2,2024
2021,home,5,AMCO INSURANCE COMPANY,AMCO Insurance Company,45097,8.8,5,2023
2021,home,6,GARRISON PROPERTY AND CASUALTY INSURANCE CO,GARRISON PROPERTY AND CASUALTY INSURANCE CO,128203,0.9,1,2024
2021,home,7,STATE FARM GENERAL INSURANCE COMPANY,STATE FARM GENERAL INSURANCE COMPANY,2323301,2.2,50,2024
2021,home,8,USAA CASUALTY INSURANCE COMPANY,USAA CASUALTY INSURANCE COMPANY,250624,2.6,6,2024
2021,home,9,WAWANESA GENERAL INSURANCE COMPANY,WAWANESA GENERAL INSURANCE COMPANY,48036,3.7,2,2024
2021,home,9,"FOREMOST INSURANCE COMPANY GRAND RAPIDS, MICHIGAN","Foremost Insurance Company Grand Rapids, Michigan",277174,1.6,4,2023
2021,home,10,NATIONWIDE MUTUAL INSURANCE COMPANY,NATIONWIDE MUTUAL INSURANCE COMPANY,266670,11.3,25,2024
2021,home,11,CENTURY-NATIONAL INSURANCE COMPANY,CENTURY-NATIONAL INSURANCE COMPANY,41998,0.0,0,2024
2021,home,11,ASI SELECT INSURANCE CORP.,ASI Select Insurance Corp.,71553,4.9,3,2023
2021,home,12,HOMESITE INSURANCE COMPANY OF CALIFORNIA,HOMESITE INSURANCE COMPANY OF CALIFORNIA,234542,2.7,6,2024
2021,home,13,UNIVERSAL NORTH AMERICA INSURANCE COMPANY,UNIVERSAL NORTH AMERICA INSURANCE COMPANY,38311,7.0,4,2024
2021,home,14,ALLSTATE INSURANCE COMPANY,ALLSTATE INSURANCE COMPANY,703991,5.7,40,2024
2021,home,15,CALIFORNIA CAPITAL INSURANCE COMPANY,CALIFORNIA CAPITAL INSURANCE COMPANY,69420,10.9,7,2024
2021,home,16,FIRE INS EXCH,Fire Ins Exch,911296,1.4,13,2023
2021,home,16,LIBERTY INSURANCE CORPORATION,LIBERTY INSURANCE CORPORATION,233146,3.6,9,2024
2021,home,17,AMERICAN SECURITY INSURANCE COMPANY,AMERICAN SECURITY INSURANCE COMPANY,91645,8.1,6,2024
2021,home,18,WAWANESA GENERAL INSURANCE CO.,Wawanesa General Insurance Co.,51189,3.7,2,2023
2021,home,18,SAFECO INSURANCE COMPANY OF AMERICA,SAFECO INSURANCE COMPANY OF AMERICA,304957,2.4,7,2024
2021,home,19,AMERICAN MODERN INSURANCE COMPANY,American Modern Insurance Company,50140,0.0,0,2023
2021,home,19,AMERICAN MODERN HOME INSURANCE COMPANY,AMERICAN MODERN HOME INSURANCE COMPANY,53192,0.0,0,2024
2021,home,20,FIRST NATIONAL INSURANCE COMPANY OF AMERICA,FIRST NATIONAL INSURANCE COMPANY OF AMERICA,100012,6.2,6,2024
2021,home,21,STILLWATER INSURANCE COMPANY,STILLWATER INSURANCE COMPANY,111198,2.5,2,2024
2021,home,22,INTEGON NATIONAL INSURANCE COMPANY,INTEGON NATIONAL INSURANCE COMPANY,83417,4.6,4,2024
2021,home,23,AMERICAN FAMILY CONNECT P&C INSURANCE COMPANY,AMERICAN FAMILY CONNECT P&C INSURANCE COMPANY,119169,7.9,7,2024
2021,home,24,CSAA FIRE & CASUALTY INSURANCE COMPANY,CSAA FIRE & CASUALTY INSURANCE COMPANY,77438,5.0,4,2024
2021,home,25,CALIFORNIA AUTOMOBILE INSURANCE COMPANY,CALIFORNIA AUTOMOBILE INSURANCE COMPANY,638184,1.8,11,2024
2021,home,26,"FOREMOST INSURANCE COMPANY GRAND RAPIDS, MI","FOREMOST INSURANCE COMPANY GRAND RAPIDS, MI",267782,1.6,4,2024
2021,home,26,THE STANDARD FIRE INSURANCE COMPANY,The Standard Fire Insurance Company,326275,1.3,2,2023
2021,home,27,STANDARD FIRE INSURANCE COMPANY (THE),STANDARD FIRE INSURANCE COMPANY (THE),321015,1.3,2,2024
2021,home,28,CALIFORNIA CAPITAL INS CO,California Capital Ins Co,60183,10.9,7,2023
2021,home,28,AMGUARD INSURANCE COMPANY,AMGUARD INSURANCE COMPANY,50607,29.8,12,2024
2021,home,29,AMERICAN BANKERS INSURANCE COMPANY,American Bankers Insurance Company,231372,6.4,14,2023
2021,home,29,RESIDENCE MUTUAL INSURANCE COMPANY,RESIDENCE MUTUAL INSURANCE COMPANY,49573,1.8,1,2024
2021,home,30,AMERICAN BANKERS INSURANCE COMPANY OF FLORIDA,AMERICAN BANKERS INSURANCE COMPANY OF FLORIDA,246638,6.4,14,2024
2021,home,31,PACIFIC SPECIALTY INSURANCE COMPANY,PACIFIC SPECIALTY INSURANCE COMPANY,208808,6.3,12,2024
2021,home,32,PROPERTY AND CASUALTY INS CO OF HARTFORD,PROPERTY AND CASUALTY INS CO OF HARTFORD,46324,11.2,6,2024
2021,home,33,GENERAL INSURANCE COMPANY OF AMERICA,GENERAL INSURANCE COMPANY OF AMERICA,208766,3.7,6,2024
2021,home,34,ZURICH AMERICAN INSURANCE COMPANY,ZURICH AMERICAN INSURANCE COMPANY,53460,9.4,5,2024
2021,home,34,MID CENTURY INS CO,Mid Century Ins Co,224134,0.8,2,2023
2021,home,35,FIRE INSURANCE EXCHANGE,FIRE INSURANCE EXCHANGE,871681,1.4,13,2024
2021,home,35,FARMERS INS EXCH,Farmers Ins Exch,403056,2.3,8,2023
2021,home,36,CSAA INSURANCE EXCHANGE,CSAA INSURANCE EXCHANGE,633098,2.7,17,2024
2021,home,37,SAFECO INSURANCE COMPANY OF ILLINOIS,SAFECO INSURANCE COMPANY OF ILLINOIS,58955,0.0,0,2024
2021,home,38,SUTTON NATIONAL INSURANCE COMPANY,SUTTON NATIONAL INSURANCE COMPANY,80170,0.0,0,2024
2021,home,39,CSE SAFEGUARD INSURANCE COMPANY,CSE SAFEGUARD INSURANCE COMPANY,40807,4.7,3,2024
2021,home,40,PACIFIC SPECIALTY INSRUANCE,Pacific Specialty Insruance,191301,6.3,12,2023
2021,home,40,SPINNAKER INSURANCE COMPANY,SPINNAKER INSURANCE COMPANY,140056,4.2,3,2024
2021,home,41,LEMONADE INSURANCE COMPANY,LEMONADE INSURANCE COMPANY,350192,9.0,25,2024
2021,home,42,PROPERTY & CASUALTY INSURANCE COMPANY,Property & Casualty Insurance Company,49360,11.2,6,2023
2021,home,42,ASI SELECT INSURANCE CORP,ASI SELECT INSURANCE CORP,67222,4.9,3,2024
2021,home,43,HOMESITE INSURANCE COMPANY OF THE MIDWEST,HOMESITE INSURANCE COMPANY OF THE MIDWEST,67645,11.3,5,2024
2021,home,43,AMICA MUTUAL INSURANCE COMPANY,Amica Mutual Insurance Company,36582,8.1,3,2023
2021,home,44,CALIFORNIA CAS IND EXCH,California Cas Ind Exch,60679,9.9,6,2023
2021,home,44,QBE INSURANCE CORPORATION,QBE INSURANCE CORPORATION,44454,8.4,4,2024
2021,home,45,CALIFORNIA CASUALTY INDEMNITY EXCHANGE (THE),CALIFORNIA CASUALTY INDEMNITY EXCHANGE (THE),60081,9.9,6,2024
2021,home,46,AMERICAN MODERN P&C INSURANCE COMPANY,AMERICAN MODERN P&C INSURANCE COMPANY,107346,17.2,20,2024
2021,home,47,FARMERS DIRECT P&C INSURANCE COMPANY,FARMERS DIRECT P&C INSURANCE COMPANY,37746,2.6,1,2024
2021,home,48,FARMERS INSURANCE EXCHANGE,FARMERS INSURANCE EXCHANGE,436610,2.3,8,2024
2021,home,49,MID-CENTURY INSURANCE COMPANY,MID-CENTURY INSURANCE COMPANY,207839,0.8,2,2024
2021,home,50,KEMPER INDEPENDENCE INSURANCE COMPANY,KEMPER INDEPENDENCE INSURANCE COMPANY,38417,8.2,4,2024
2021,life,1,NORTHWESTERN MUT LIFE INS CO,Northwestern Mut Life Ins Co,358276,0.3,1,2023
2021,life,1,STATE FARM LIFE INSURANCE COMPANY,STATE FARM LIFE INSURANCE COMPANY,651304,0.2,1,2024
2021,life,2,NORTHWESTERN MUTUAL LIFE INSURANCE CO (THE),NORTHWESTERN MUTUAL LIFE INSURANCE CO (THE),364516,0.9,3,2024
2021,life,2,GERBER LIFE INS CO,Gerber Life Ins Co,251673,0.4,1,2023
2021,life,3,LINCOLN HERITAGE LIFE INS CO,Lincoln Heritage Life Ins Co,205908,0.0,0,2023
2021,life,3,LIFE INSURANCE COMPANY OF THE SOUTHWEST,LIFE INSURANCE COMPANY OF THE SOUTHWEST,250962,1.9,4,2024
2021,life,4,UNITED OF OMAHA LIFE INSURANCE COMPANY,UNITED OF OMAHA LIFE INSURANCE COMPANY,209679,2.1,4,2024
2021,life,4,PROTECTIVE LIFE INS CO,Protective Life Ins Co,142794,0.0,0,2023
2021,life,5,BANNER LIFE INSURANCE COMPANY,BANNER LIFE INSURANCE COMPANY,122589,0.0,0,2024
2021,life,5,USAA LIFE INS CO,USAA Life Ins Co,113737,0.9,1,2023
2021,life,6,TEXAS LIFE INSURANCE COMPANY,TEXAS LIFE INSURANCE COMPANY,103046,0.0,0,2024
2021,life,6,AMERICAN FIDELITY ASSUR CO,American Fidelity Assur Co,97122,1.1,1,2023
2021,life,7,TEXAS LIFE INS CO,Texas Life Ins Co,96458,0.0,0,2023
2021,life,7,NATIONWIDE LIFE AND ANNUITY INSURANCE COMPANY,NATIONWIDE LIFE AND ANNUITY INSURANCE COMPANY,92167,3.8,3,2024
2021,life,8,GENWORTH LIFE & ANN INS CO,Genworth Life & Ann Ins Co,89543,0.0,0,2023
2021,life,8,BRIGHTHOUSE LIFE INSURANCE COMPANY,BRIGHTHOUSE LIFE INSURANCE COMPANY,79330,3.4,3,2024
2021,life,9,BRIGHTHOUSE LIFE INS CO,Brighthouse Life Ins Co,83945,1.1,1,2023
2021,life,9,NEW YORK LIFE INSURANCE AND ANNUITY CORPORATION,NEW YORK LIFE INSURANCE AND ANNUITY CORPORATION,72293,1.4,1,2024
2021,life,10,COLONIAL LIFE & ACCIDENT INSURANCE COMPANY,COLONIAL LIFE & ACCIDENT INSURANCE COMPANY,69191,1.4,1,2024
2021,life,10,RELIASTAR LIFE INS CO,Reliastar Life Ins Co,82937,1.1,1,2023
2021,life,11,MIDLAND NATIONAL LIFE INSURANCE COMPANY,MIDLAND NATIONAL LIFE INSURANCE COMPANY,63383,1.6,1,2024
2021,life,11,FIDELITY & GUAR LIFE INS CO,Fidelity & Guar Life Ins Co,77226,2.7,2,2023
2021,life,12,PROVIDENT LIFE AND ACCIDENT INSURANCE COMPANY,PROVIDENT LIFE AND ACCIDENT INSURANCE COMPANY,58570,0.0,0,2024
2021,life,12,COLONIAL LIFE & ACCIDENT INS CO,Colonial Life & Accident Ins Co,69755,1.4,1,2023
2021,life,13,MIDLAND NATL LIFE INS CO,Midland Natl Life Ins Co,64147,0.0,0,2023
2021,life,13,IA AMERICAN LIFE INSURANCE COMPANY,IA AMERICAN LIFE INSURANCE COMPANY,61510,1.7,1,2024
2021,life,14,PROVIDENT LIFE & ACCIDENT INS CO,Provident Life & Accident Ins Co,58940,0.0,0,2023
2021,life,14,NORTH AMERICAN COMPANY FOR LIFE AND HEALTH INS,NORTH AMERICAN COMPANY FOR LIFE AND HEALTH INS,52384,2.0,1,2024
2021,life,15,AMERICAN FAMILY LIFE ASSURANCE CO OF COLUMBUS,AMERICAN FAMILY LIFE ASSURANCE CO OF COLUMBUS,49944,0.0,0,2024
2021,life,15,AMERICAN FAMILY LIFE ASSUR CO OF COL,American Family Life Assur Co of Col,51040,0.0,0,2023
2021,life,16,EVERLAKE LIFE INSURANCE COMPANY,EVERLAKE LIFE INSURANCE COMPANY,47500,0.0,0,2024
2021,life,16,PRINCIPAL NATL LIFE INS CO,Principal Natl Life Ins Co,45117,0.0,0,2023
2021,life,17,ALLSTATE ASSUR CO,Allstate Assur Co,44212,0.0,0,2023
2021,life,17,PRINCIPAL NATIONAL LIFE INSURANCE COMPANY,PRINCIPAL NATIONAL LIFE INSURANCE COMPANY,45183,0.0,0,2024
2021,life,18,WEST COAST LIFE INSURANCE COMPANY,WEST COAST LIFE INSURANCE COMPANY,42916,0.0,0,2024
2021,life,18,GUARDIAN LIFE INS CO OF AMER,Guardian Life Ins Co Of Amer,38375,0.0,0,2023
2021,life,19,STATE FARM LIFE INS CO,State Farm Life Ins Co,639252,0.3,2,2023
2021,life,19,EVERLAKE ASSURANCE COMPANY,EVERLAKE ASSURANCE COMPANY,40998,0.0,0,2024
2021,life,20,NEW YORK LIFE INS CO,New York Life Ins Co,612221,0.0,0,2023
2021,life,20,PRIMERICA LIFE INSURANCE COMPANY,PRIMERICA LIFE INSURANCE COMPANY,443290,0.2,1,2024
2021,life,21,NEW YORK LIFE INSURANCE COMPANY,NEW YORK LIFE INSURANCE COMPANY,614767,0.2,1,2024
2021,life,21,PRIMERICA LIFE INS CO,Primerica Life Ins Co,437388,0.2,1,2023
2021,life,22,BANNER LIFE INS CO,Banner Life Ins Co,119510,1.7,2,2023
2021,life,22,GERBER LIFE INSURANCE COMPANY,GERBER LIFE INSURANCE COMPANY,247744,0.0,0,2024
2021,life,23,PRUCO LIFE INSURANCE COMPANY,PRUCO LIFE INSURANCE COMPANY,162516,0.0,0,2024
2021,life,23,UNITED INS CO OF AMER,United Ins Co Of Amer,119034,0.8,1,2023
2021,life,24,LIFE INS CO OF THE SOUTHWEST,Life Ins Co Of The Southwest,229717,1.4,3,2023
2021,life,24,UNITED INSURANCE COMPANY OF AMERICA,UNITED INSURANCE COMPANY OF AMERICA,162478,2.5,3,2024
2021,life,25,JOHN HANCOCK LIFE INS CO USA,John Hancock Life Ins Co USA,114342,1.7,2,2023
2021,life,25,PROTECTIVE LIFE INSURANCE COMPANY,PROTECTIVE LIFE INSURANCE COMPANY,142740,0.7,1,2024
2021,life,26,FARMERS NEW WORLD LIFE INSURANCE COMPANY,FARMERS NEW WORLD LIFE INSURANCE COMPANY,388087,1.8,7,2024
2021,life,26,LINCOLN BENEFIT LIFE CO,Lincoln Benefit Life Co,99921,0.9,1,2023
2021,life,27,USAA LIFE INSURANCE COMPANY,USAA LIFE INSURANCE COMPANY,111907,0.0,0,2024
2021,life,27,FARMERS NEW WORLD LIFE INS CO,Farmers New World Life Ins Co,389483,0.0,0,2023
2021,life,28,GLOBE LIFE & ACCIDENT INS CO,Globe Life & Accident Ins Co,278252,0.8,2,2023
2021,life,28,AMERICAN FIDELITY ASSURANCE COMPANY,AMERICAN FIDELITY ASSURANCE COMPANY,105626,1.1,1,2024
2021,life,29,AMERICAN NATL INS CO,American Natl Ins Co,173715,1.7,3,2023
2021,life,29,LINCOLN HERITAGE LIFE INSURANCE COMPANY,LINCOLN HERITAGE LIFE INSURANCE COMPANY,211020,1.0,2,2024
2021,life,30,NATIONWIDE LIFE & ANN INS CO,Nationwide Life & Ann Ins Co,85778,5.1,4,2023
2021,life,30,AMERICAN NATIONAL INSURANCE COMPANY,AMERICAN NATIONAL INSURANCE COMPANY,202896,1.2,2,2024
2021,life,31,AMERICAN GENERAL LIFE INSURANCE COMPANY,AMERICAN GENERAL LIFE INSURANCE COMPANY,464660,1.7,8,2024
2021,life,31,AAA LIFE INS CO,AAA Life Ins Co,254399,0.4,1,2023
2021,life,32,PRUCO LIFE INS CO,Pruco Life Ins Co,165038,1.2,2,2023
2021,life,32,LINCOLN BENEFIT LIFE COMPANY,LINCOLN BENEFIT LIFE COMPANY,93164,1.9,2,2024
2021,life,33,PACIFIC LIFE INSURANCE COMPANY,PACIFIC LIFE INSURANCE COMPANY,84287,1.3,1,2024
2021,life,33,PACIFIC LIFE INS CO,Pacific Life Ins Co,79207,5.3,4,2023
2021,life,34,EQUITABLE FINANCIAL LIFE INS CO,Equitable Financial Life Ins Co,62777,0.0,0,2023
2021,life,34,LINCOLN NATIONAL LIFE INSURANCE COMPANY (THE),LINCOLN NATIONAL LIFE INSURANCE COMPANY (THE),165698,1.2,2,2024
2021,life,35,PRUDENTIAL INS CO OF AMER,Prudential Ins Co Of Amer,186648,1.9,4,2023
2021,life,35,AMERICAN INCOME LIFE INSURANCE COMPANY,AMERICAN INCOME LIFE INSURANCE COMPANY,325054,1.0,3,2024
2021,life,36,AMERICAN INCOME LIFE INS CO,American Income Life Ins Co,308891,1.7,5,2023
2021,life,36,CMFG LIFE INSURANCE COMPANY,CMFG LIFE INSURANCE COMPANY,70835,0.0,0,2024
2021,life,37,PRUDENTIAL INSURANCE COMPANY OF AMERICA (THE),PRUDENTIAL INSURANCE COMPANY OF AMERICA (THE),184249,2.4,5,2024
2021,life,37,IA AMER LIFE INS CO,IA Amer Life Ins Co,60534,0.0,0,2023
2021,life,38,MASSACHUSETTS MUT LIFE INS CO,Massachusetts Mut Life Ins Co,158862,0.6,1,2023
2021,life,38,AAA LIFE INSURANCE COMPANY,AAA LIFE INSURANCE COMPANY,263012,0.0,0,2024
2021,life,39,ALLSTATE LIFE INS CO,Allstate Life Ins Co,51184,0.0,0,2023
2021,life,39,GLOBE LIFE AND ACCIDENT INSURANCE COMPANY,GLOBE LIFE AND ACCIDENT INSURANCE COMPANY,279320,0.8,2,2024
2021,life,40,WEST COAST LIFE INS CO,West Coast Life Ins Co,48980,1.8,1,2023
2021,life,40,TRANSAMERICA LIFE INSURANCE COMPANY,TRANSAMERICA LIFE INSURANCE COMPANY,577664,1.2,7,2024
2021,life,41,GENWORTH LIFE AND ANNUITY INSURANCE COMPANY,GENWORTH LIFE AND ANNUITY INSURANCE COMPANY,80424,0.0,0,2024
2021,life,41,AMERICAN GEN LIFE INS CO,American Gen Life Ins Co,456056,1.1,5,2023
2021,life,42,MASSACHUSETTS MUTUAL LIFE INSURANCE COMPANY,MASSACHUSETTS MUTUAL LIFE INSURANCE COMPANY,159115,0.0,0,2024
2021,life,42,LINCOLN NATL LIFE INS CO,Lincoln Natl Life Ins Co,163323,2.5,4,2023
2021,life,43,UNITED OF OMAHA LIFE INS CO,United Of Omaha Life Ins Co,203287,1.5,3,2023
2021,life,43,GUARDIAN LIFE INSURANCE COMPANY OF AMERICA (THE),GUARDIAN LIFE INSURANCE COMPANY OF AMERICA (THE),38076,0.0,0,2024
2021,life,44,METROPOLITAN LIFE INS CO,Metropolitan Life Ins Co,161748,1.7,3,2023
2021,life,44,METROPOLITAN LIFE INSURANCE COMPANY,METROPOLITAN LIFE INSURANCE COMPANY,161625,2.9,5,2024
2021,life,45,NEW YORK LIFE INS & ANN CORP,New York Life Ins & Ann Corp,71934,1.4,1,2023
2021,life,45,FIDELITY & GUARANTY LIFE INSURANCE COMPANY,FIDELITY & GUARANTY LIFE INSURANCE COMPANY,83826,0.0,0,2024
2021,life,46,CMFG LIFE INS CO,CMFG Life Ins Co,66741,0.0,0,2023
2021,life,46,JACKSON NATIONAL LIFE INSURANCE COMPANY,JACKSON NATIONAL LIFE INSURANCE COMPANY,49543,8.1,5,2024
2021,life,47,TRANSAMERICA LIFE INS CO,Transamerica Life Ins Co,565274,2.1,12,2023
2021,life,47,JOHN HANCOCK LIFE INSURANCE COMPANY (U.S.A.),JOHN HANCOCK LIFE INSURANCE COMPANY (U.S.A.),110157,3.4,4,2024
2021,life,48,BANKERS LIFE AND CASUALTY COMPANY,BANKERS LIFE AND CASUALTY COMPANY,43990,2.3,1,2024
2021,life,48,JACKSON NATL LIFE INS CO,Jackson Natl Life Ins Co,55603,3.2,2,2023
2021,life,49,EQUITABLE FINANCIAL LIFE INSURANCE COMPANY,EQUITABLE FINANCIAL LIFE INSURANCE COMPANY,59823,3.0,2,2024
2021,life,49,NORTH AMER CO LIFE & HLTH INS,North Amer Co Life & Hlth Ins,51770,2.0,1,2023
2021,life,50,BANKERS LIFE & CAS CO,Bankers Life & Cas Co,43988,4.7,2,2023
2021,life,50,RELIASTAR LIFE INSURANCE COMPANY,RELIASTAR LIFE INSURANCE COMPANY,78187,0.0,0,2024
2022,auto,1,CALIFORNIA CAS IND EXCH,California Cas Ind Exch,156638,0.0,0,2023
2022,auto,1,AMERICAN NATIONAL PROPERTY AND CASUALTY CO,AMERICAN NATIONAL PROPERTY AND CASUALTY CO,55658,0.0,0,2025
2022,auto,2,ESSENTIA INSURANCE COMPANY,ESSENTIA INSURANCE COMPANY,247262,1.4,3,2025
2022,auto,3,WAWANESA GENERAL INSURANCE COMPANY,WAWANESA GENERAL INSURANCE COMPANY,525724,1.6,9,2025
2022,auto,4,VIKING INSURANCE COMPANY OF WISCONSIN,VIKING INSURANCE COMPANY OF WISCONSIN,320565,1.9,5,2025
2022,auto,5,PROGRESSIVE DIRECT INSURANCE COMPANY,PROGRESSIVE DIRECT INSURANCE COMPANY,155631,1.6,2,2025
2022,auto,6,INTERINSURANCE EXCHANGE OF THE AUTOMOBILE CLUB,INTERINSURANCE EXCHANGE OF THE AUTOMOBILE CLUB,3007873,1.0,26,2025
2022,auto,6,GARRISON PROPERTY AND CASUALTY INSURANCE COMPANY,Garrison Property and Casualty Insurance Company,222995,1.3,3,2023
2022,auto,7,WAWANESA GENERAL INSURANCE CO.,Wawanesa General Insurance Co.,576011,1.6,9,2023
2022,auto,7,CSAA INSURANCE EXCHANGE,CSAA INSURANCE EXCHANGE,2257761,0.9,17,2025
2022,auto,8,CALIFORNIA AUTOMOBILE INSURANCE COMPANY,CALIFORNIA AUTOMOBILE INSURANCE COMPANY,124040,3.2,4,2025
2022,auto,9,MERCURY INSURANCE COMPANY,MERCURY INSURANCE COMPANY,1522352,1.1,19,2025
2022,auto,9,GOVERNMENT EMPLOYEES INSURANCE COMPANY,GOVERNMENT EMPLOYEES INSURANCE COMPANY,198513,1.7,5,2024
2022,auto,10,VIKINGS INS CO OF WI,Vikings Ins Co Of WI,256958,1.9,5,2023
2022,auto,10,DRIVE INSURANCE COMPANY,DRIVE INSURANCE COMPANY,515427,2.1,10,2025
2022,auto,11,MID CENTURY INS CO,Mid Century Ins Co,299987,2.0,6,2023
2022,auto,11,GEICO GENERAL INSURANCE COMPANY,GEICO GENERAL INSURANCE COMPANY,3165200,2.8,63,2025
2022,auto,12,KEMPER INDEPENDENCE INSURANCE COMPANY,KEMPER INDEPENDENCE INSURANCE COMPANY,54321,0.0,0,2024
2022,auto,12,PROGRESSIVE WEST INSURANCE COMPANY,Progressive West Insurance Company,482641,2.1,10,2023
2022,auto,12,CALIFORNIA CASUALTY INDEMNITY EXCHANGE (THE),CALIFORNIA CASUALTY INDEMNITY EXCHANGE (THE),150313,0.0,0,2025
2022,auto,13,UNITED FINANCIAL CASUALTY COMPANY,UNITED FINANCIAL CASUALTY COMPANY,1044208,5.2,39,2025
2022,auto,14,MID-CENTURY INSURANCE COMPANY,MID-CENTURY INSURANCE COMPANY,240748,2.0,6,2025
2022,auto,15,USAA GENERAL INDEMNITY COMPANY,USAA GENERAL INDEMNITY COMPANY,326218,2.3,6,2025
2022,auto,16,AMERICAN FAMILY CONNECT PROPERTY AND CASUALTY INSURANCE,American Family Connect Property and Casualty Insurance,634556,2.4,15,2023
2022,auto,16,AMERICAN FAMILY CONNECT P&C INSURANCE COMPANY,AMERICAN FAMILY CONNECT P&C INSURANCE COMPANY,648309,2.4,15,2025
2022,auto,17,TRAVELERS COMMERCIAL INSURANCE COMPANY,TRAVELERS COMMERCIAL INSURANCE COMPANY,283157,2.4,7,2025
2022,auto,17,"FOREMOST INSURANCE COMPANY GRAND RAPIDS, MICHIGAN","Foremost Insurance Company Grand Rapids, Michigan",82915,2.4,2,2023
2022,auto,18,AMICA MUTUAL INSURANCE COMPANY,AMICA MUTUAL INSURANCE COMPANY,70658,5.6,4,2025
2022,auto,19,NATIONWIDE INSURANCE COMPANY OF AMERICA,NATIONWIDE INSURANCE COMPANY OF AMERICA,269902,2.3,8,2025
2022,auto,20,"FOREMOST INSURANCE COMPANY GRAND RAPIDS, MI","FOREMOST INSURANCE COMPANY GRAND RAPIDS, MI",83676,2.4,2,2024
2022,auto,20,ALLSTATE NORTHBROOK INDEMNITY COMPANY,ALLSTATE NORTHBROOK INDEMNITY COMPANY,1640382,3.1,61,2025
2022,auto,21,SAFECO INSURANCE COMPANY OF AMERICA,SAFECO INSURANCE COMPANY OF AMERICA,360499,2.3,8,2025
2022,auto,21,STATE FARM MUTUAL AUTOMOBILE INSURANCE COMPANY,State Farm Mutual Automobile Insurance Company,3780159,3.0,113,2023
2022,auto,21,ALLIANCE UNITED INSURANCE COMPANY,ALLIANCE UNITED INSURANCE COMPANY,333737,7.1,73,2024
2022,auto,22,USAA CASUALTY INSURANCE COMPANY,USAA CASUALTY INSURANCE COMPANY,516979,2.3,11,2025
2022,auto,23,PROGRESSIVE SELECT INSURANCE COMPANY,PROGRESSIVE SELECT INSURANCE COMPANY,380459,5.3,18,2025
2022,auto,24,STATE FARM MUTUAL AUTOMOBILE INSURANCE CO,STATE FARM MUTUAL AUTOMOBILE INSURANCE CO,4084379,3.0,113,2025
2022,auto,25,ALLSTATE INSURANCE COMPANY,ALLSTATE INSURANCE COMPANY,55897,3.5,2,2025
2022,auto,26,"FOREMOST INS CO GRAND RAPIDS, MICHIGAN","FOREMOST INS CO GRAND RAPIDS, MICHIGAN",81543,2.4,2,2025
2022,auto,27,FARMERS INS EXCH,Farmers Ins Exch,1387800,3.7,52,2023
2022,auto,27,CALIFORNIA CAPITAL INSURANCE COMPANY,CALIFORNIA CAPITAL INSURANCE COMPANY,50716,4.3,2,2025
2022,auto,28,INFINITY INSURANCE COMPANY,INFINITY INSURANCE COMPANY,1471202,8.0,78,2025
2022,auto,29,FARMERS SPECIALTY INSURANCE COMPANY,Farmers Specialty Insurance Company,65732,4.6,3,2023
2022,auto,29,FARMERS INSURANCE EXCHANGE,FARMERS INSURANCE EXCHANGE,1141390,3.8,52,2025
2022,auto,30,COMMERCE WEST INSURANCE COMPANY,Commerce West Insurance Company,65312,4.6,3,2023
2022,auto,30,GARRISON PROPERTY AND CASUALTY INSURANCE CO,GARRISON PROPERTY AND CASUALTY INSURANCE CO,283519,1.3,3,2025
2022,auto,31,GEICO INDEMNITY COMPANY,GEICO INDEMNITY COMPANY,197585,3.2,23,2025
2022,auto,32,UNITED SERVICES AUTOMOBILE ASSOCIATION,UNITED SERVICES AUTOMOBILE ASSOCIATION,385144,1.1,4,2025
2022,auto,33,COAST NATIONAL INSURANCE COMPANY,COAST NATIONAL INSURANCE COMPANY,230777,6.5,10,2025
2022,auto,34,NATIONAL GENERAL INSURANCE COMPANY,NATIONAL GENERAL INSURANCE COMPANY,40506,4.6,2,2025
2022,auto,34,GEICO CASUALTY COMPANY,GEICO CASUALTY COMPANY,252776,7.1,30,2024
2022,auto,35,LIBERTY MUTUAL FIRE INSURANCE COMPANY,LIBERTY MUTUAL FIRE INSURANCE COMPANY,278032,5.6,17,2025
2022,auto,36,ASPIRE GENERAL INSURANCE COMPANY,ASPIRE GENERAL INSURANCE COMPANY,514280,5.7,8,2025
2022,auto,37,INTEGON NATIONAL INSURANCE COMPANY,INTEGON NATIONAL INSURANCE COMPANY,411505,24.5,104,2025
2022,auto,38,COAST NATIONAL INSURANCE CO.,Coast National Insurance Co.,154550,6.5,10,2023
2022,auto,38,SAFEWAY INSURANCE COMPANY,SAFEWAY INSURANCE COMPANY,68465,2.9,2,2024
2022,auto,38,ANCHOR GENERAL INSURANCE COMPANY,ANCHOR GENERAL INSURANCE COMPANY,112709,4.3,5,2025
2022,auto,39,HARTFORD UNDERWRITERS INSURANCE COMPANY,HARTFORD UNDERWRITERS INSURANCE COMPANY,118982,4.8,6,2025
2022,auto,40,FARMERS DIRECT P&C INSURANCE COMPANY,FARMERS DIRECT P&C INSURANCE COMPANY,112118,8.0,9,2024
2022,auto,40,PERMANENT GENERAL ASSURANCE CORPORATION,PERMANENT GENERAL ASSURANCE CORPORATION,68814,8.7,6,2025
2022,auto,41,ESURANCE PROPERTY AND CASUALTY INSURANCE CO,ESURANCE PROPERTY AND CASUALTY INSURANCE CO,130732,23.9,58,2025
2022,auto,42,ENCOMPASS INSURANCE COMPANY,ENCOMPASS INSURANCE COMPANY,86111,29.6,14,2025
2022,auto,43,FARMERS DIRECT PROPERTY AND CASUALTY INSURANCE COMPANY,Farmers Direct Property and Casualty Insurance Company,112262,8.0,9,2023
2022,auto,43,21ST CENTURY INSURANCE COMPANY,21ST CENTURY INSURANCE COMPANY,78959,3.5,13,2025
2022,auto,44,LOYA CASUALTY INSURANCE COMPANY,LOYA CASUALTY INSURANCE COMPANY,242289,6.9,16,2025
2022,auto,44,NATIONAL GENERAL PREMIER INSURANCE COMPANY,NATIONAL GENERAL PREMIER INSURANCE COMPANY,72816,9.3,7,2024
2022,auto,45,INCLINE NATIONAL INSURANCE COMPANY,INCLINE NATIONAL INSURANCE COMPANY,91333,33.3,1,2025
2022,auto,46,SEAVIEW INSURANCE COMPANY,SEAVIEW INSURANCE COMPANY,76516,0.0,0,2025
2022,auto,46,FINANCIAL INDEMNITY COMPANY,Financial Indemnity Company,243876,11.5,28,2023
2022,auto,47,INTEGON PREFERRED INSURANCE COMPANY,INTEGON PREFERRED INSURANCE COMPANY,137313,29.1,23,2025
2022,auto,47,ESURANCE PROPERTY AND CASUALTY INSURANCE COMPANY,Esurance Property and Casualty Insurance Company,243028,23.9,58,2023
2022,auto,48,METROMILE INSURANCE COMPANY,METROMILE INSURANCE COMPANY,41580,4.6,3,2025
2022,auto,49,21ST CENTURY CASUALTY COMPANY,21ST CENTURY CASUALTY COMPANY,190646,0.0,0,2025
2022,auto,50,STATE NATIONAL INSURANCE COMPANY,State National Insurance Company,92253,30.4,28,2023
2022,auto,50,"STATE NATIONAL INSURANCE COMPANY, INC.","STATE NATIONAL INSURANCE COMPANY, INC.",280127,30.4,28,2025
2022,home,1,GARRISON PROPERTY AND CASUALTY INSURANCE COMPANY,Garrison Property and Casualty Insurance Company,115066,0.0,0,2023
2022,home,1,AMERICAN NATIONAL P&C COMPANY,AMERICAN NATIONAL P&C COMPANY,105710,0.0,0,2024
2022,home,1,AMERICAN SECURITY INSURANCE COMPANY,AMERICAN SECURITY INSURANCE COMPANY,121973,2.5,2,2025
2022,home,2,AMERICAN NATIONAL PROP & CAS CO,American National Prop & Cas Co,82749,0.0,0,2023
2022,home,2,"DB INSURANCE CO., LTD. (U.S. BRANCH)","DB INSURANCE CO., LTD. (U.S. BRANCH)",62324,4.7,1,2025
2022,home,3,MARKEL AMERICAN INSURANCE COMPANY,MARKEL AMERICAN INSURANCE COMPANY,60035,0.0,0,2025
2022,home,4,WAWANESA GENERAL INSURANCE COMPANY,WAWANESA GENERAL INSURANCE COMPANY,45254,2.0,1,2025
2022,home,4,CENTURY NATIONAL INSURANCE COMPANY,Century National Insurance Company,55045,0.0,0,2023
2022,home,5,AMCO INSURANCE COMPANY,AMCO Insurance Company,45097,0.0,0,2023
2022,home,5,USAA GENERAL INDEMNITY COMPANY,USAA GENERAL INDEMNITY COMPANY,159197,1.6,2,2025
2022,home,6,CSAA FIRE & CASUALTY INSURANCE COMPANY,CSAA FIRE & CASUALTY INSURANCE COMPANY,88215,1.3,1,2025
2022,home,7,UNITED SERVICES AUTOMOBILE ASSOCIATION,UNITED SERVICES AUTOMOBILE ASSOCIATION,231339,2.9,6,2025
2022,home,8,GARRISON PROPERTY AND CASUALTY INSURANCE CO,GARRISON PROPERTY AND CASUALTY INSURANCE CO,137272,0.0,0,2025
2022,home,9,AMERICAN MODERN HOME INSURANCE COMPANY,AMERICAN MODERN HOME INSURANCE COMPANY,53788,2.0,1,2025
2022,home,9,"FOREMOST INSURANCE COMPANY GRAND RAPIDS, MICHIGAN","Foremost Insurance Company Grand Rapids, Michigan",277174,1.1,3,2023
2022,home,10,INTERINSURANCE EXCHANGE OF THE AUTOMOBILE CLUB,INTERINSURANCE EXCHANGE OF THE AUTOMOBILE CLUB,962777,0.9,8,2025
2022,home,11,ASI SELECT INSURANCE CORP.,ASI Select Insurance Corp.,71553,1.4,1,2023
2022,home,11,SUTTON NATIONAL INSURANCE COMPANY,SUTTON NATIONAL INSURANCE COMPANY,201438,0.0,0,2025
2022,home,12,FIRST NATIONAL INSURANCE COMPANY OF AMERICA,FIRST NATIONAL INSURANCE COMPANY OF AMERICA,84638,1.0,1,2025
2022,home,13,PRAETORIAN INSURANCE COMPANY,PRAETORIAN INSURANCE COMPANY,40753,5.3,1,2025
2022,home,14,NATIONWIDE MUTUAL INSURANCE COMPANY,NATIONWIDE MUTUAL INSURANCE COMPANY,233460,5.2,11,2025
2022,home,15,CENTURY-NATIONAL INSURANCE COMPANY,CENTURY-NATIONAL INSURANCE COMPANY,38411,0.0,0,2025
2022,home,16,FIRE INS EXCH,Fire Ins Exch,911296,1.8,16,2023
2022,home,16,CALIFORNIA AUTOMOBILE INSURANCE COMPANY,CALIFORNIA AUTOMOBILE INSURANCE COMPANY,689862,0.9,6,2025
2022,home,17,INTEGON NATIONAL INSURANCE COMPANY,INTEGON NATIONAL INSURANCE COMPANY,65480,2.4,2,2025
2022,home,18,WAWANESA GENERAL INSURANCE CO.,Wawanesa General Insurance Co.,51189,2.0,1,2023
2022,home,18,STILLWATER INSURANCE COMPANY,STILLWATER INSURANCE COMPANY,93094,1.9,2,2025
2022,home,19,AMERICAN MODERN INSURANCE COMPANY,American Modern Insurance Company,50140,2.0,1,2023
2022,home,19,USAA CASUALTY INSURANCE COMPANY,USAA CASUALTY INSURANCE COMPANY,255048,1.7,4,2025
2022,home,20,CALIFORNIA CASUALTY INDEMNITY EXCHANGE (THE),CALIFORNIA CASUALTY INDEMNITY EXCHANGE (THE),55653,8.2,5,2025
2022,home,21,AMERICAN NATIONAL PROPERTY AND CASUALTY CO,AMERICAN NATIONAL PROPERTY AND CASUALTY CO,104883,0.0,0,2025
2022,home,22,HOMESITE INSURANCE COMPANY OF CALIFORNIA,HOMESITE INSURANCE COMPANY OF CALIFORNIA,253839,2.5,6,2025
2022,home,23,ALLSTATE INSURANCE COMPANY,ALLSTATE INSURANCE COMPANY,684245,3.5,25,2025
2022,home,24,CSAA INSURANCE EXCHANGE,CSAA INSURANCE EXCHANGE,675433,2.3,14,2025
2022,home,25,AMERICAN BANKERS INSURANCE COMPANY OF FLORIDA,AMERICAN BANKERS INSURANCE COMPANY OF FLORIDA,276054,3.5,8,2025
2022,home,26,QBE INSURANCE CORPORATION,QBE INSURANCE CORPORATION,39420,8.5,4,2025
2022,home,26,"FOREMOST INSURANCE COMPANY GRAND RAPIDS, MI","FOREMOST INSURANCE COMPANY GRAND RAPIDS, MI",267782,1.1,3,2024
2022,home,26,THE STANDARD FIRE INSURANCE COMPANY,The Standard Fire Insurance Company,326275,2.8,9,2023
2022,home,27,RESPONSE INDEMNITY COMPANY OF CALIFORNIA,RESPONSE INDEMNITY COMPANY OF CALIFORNIA,38716,19.2,4,2025
2022,home,28,SAFECO INSURANCE COMPANY OF AMERICA,SAFECO INSURANCE COMPANY OF AMERICA,286202,1.7,5,2025
2022,home,28,CALIFORNIA CAPITAL INS CO,California Capital Ins Co,60183,3.3,2,2023
2022,home,28,AMGUARD INSURANCE COMPANY,AMGUARD INSURANCE COMPANY,50607,26.4,13,2024
2022,home,29,STANDARD FIRE INSURANCE COMPANY (THE),STANDARD FIRE INSURANCE COMPANY (THE),302691,2.8,9,2025
2022,home,29,AMERICAN BANKERS INSURANCE COMPANY,American Bankers Insurance Company,231372,3.5,8,2023
2022,home,30,UNIVERSAL NORTH AMERICA INSURANCE COMPANY,UNIVERSAL NORTH AMERICA INSURANCE COMPANY,34784,21.3,10,2025
2022,home,31,CALIFORNIA CAPITAL INSURANCE COMPANY,CALIFORNIA CAPITAL INSURANCE COMPANY,68476,3.3,2,2025
2022,home,32,"FOREMOST INS CO GRAND RAPIDS, MICHIGAN","FOREMOST INS CO GRAND RAPIDS, MICHIGAN",225784,1.1,3,2025
2022,home,33,AMERICAN FAMILY CONNECT P&C INSURANCE COMPANY,AMERICAN FAMILY CONNECT P&C INSURANCE COMPANY,113439,3.7,4,2025
2022,home,34,SAFECO INSURANCE COMPANY OF ILLINOIS,SAFECO INSURANCE COMPANY OF ILLINOIS,56481,0.0,0,2025
2022,home,34,MID CENTURY INS CO,Mid Century Ins Co,224134,4.5,10,2023
2022,home,35,FARMERS INS EXCH,Farmers Ins Exch,403056,4.5,18,2023
2022,home,35,GENERAL INSURANCE COMPANY OF AMERICA,GENERAL INSURANCE COMPANY OF AMERICA,195300,2.6,5,2025
2022,home,36,HOMESITE INSURANCE COMPANY OF THE MIDWEST,HOMESITE INSURANCE COMPANY OF THE MIDWEST,102035,6.9,4,2025
2022,home,37,ZURICH AMERICAN INSURANCE COMPANY,ZURICH AMERICAN INSURANCE COMPANY,45784,16.3,9,2025
2022,home,38,PROPERTY AND CASUALTY INS CO OF HARTFORD,PROPERTY AND CASUALTY INS CO OF HARTFORD,43155,8.1,4,2025
2022,home,39,PACIFIC SPECIALTY INSURANCE COMPANY,PACIFIC SPECIALTY INSURANCE COMPANY,188359,6.2,12,2025
2022,home,39,CSE SAFEGUARD INSURANCE COMPANY,CSE SAFEGUARD INSURANCE COMPANY,40807,4.0,2,2024
2022,home,40,AMERICAN MODERN PROPERTY AND CASUALTY INS CO,AMERICAN MODERN PROPERTY AND CASUALTY INS CO,111148,9.5,10,2025
2022,home,40,PACIFIC SPECIALTY INSRUANCE,Pacific Specialty Insruance,191301,6.3,12,2023
2022,home,41,STATE FARM GENERAL INSURANCE COMPANY,STATE FARM GENERAL INSURANCE COMPANY,2139816,1.4,33,2025
2022,home,42,RESIDENCE MUTUAL INSURANCE COMPANY,RESIDENCE MUTUAL INSURANCE COMPANY,48593,5.7,3,2025
2022,home,42,PROPERTY & CASUALTY INSURANCE COMPANY,Property & Casualty Insurance Company,49360,8.1,4,2023
2022,home,43,LEMONADE INSURANCE COMPANY,LEMONADE INSURANCE COMPANY,385729,4.9,16,2025
2022,home,44,CALIFORNIA CAS IND EXCH,California Cas Ind Exch,60679,8.2,5,2023
2022,home,44,FIRE INSURANCE EXCHANGE,FIRE INSURANCE EXCHANGE,775464,1.8,16,2025
2022,home,45,AMICA MUTUAL INSURANCE COMPANY,AMICA MUTUAL INSURANCE COMPANY,42839,8.2,3,2025
2022,home,46,LIBERTY INSURANCE CORPORATION,LIBERTY INSURANCE CORPORATION,212616,4.2,10,2025
2022,home,46,AMERICAN MODERN P&C INSURANCE COMPANY,AMERICAN MODERN P&C INSURANCE COMPANY,107346,9.5,10,2024
2022,home,47,FARMERS DIRECT P&C INSURANCE COMPANY,FARMERS DIRECT P&C INSURANCE COMPANY,37746,5.1,2,2024
2022,home,47,ASI SELECT INSURANCE CORP,ASI SELECT INSURANCE CORP,57604,1.4,1,2025
2022,home,48,FARMERS INSURANCE EXCHANGE,FARMERS INSURANCE EXCHANGE,439921,4.5,18,2025
2022,home,49,SPINNAKER INSURANCE COMPANY,SPINNAKER INSURANCE COMPANY,160687,21.6,23,2025
2022,home,50,KEMPER INDEPENDENCE INSURANCE COMPANY,KEMPER INDEPENDENCE INSURANCE COMPANY,38417,2.2,1,2024
2022,home,50,MID-CENTURY INSURANCE COMPANY,MID-CENTURY INSURANCE COMPANY,186617,4.5,10,2025
2022,life,1,STATE FARM LIFE INSURANCE COMPANY,STATE FARM LIFE INSURANCE COMPANY,666391,0.2,1,2025
2022,life,1,NORTHWESTERN MUT LIFE INS CO,Northwestern Mut Life Ins Co,358276,0.0,0,2023
2022,life,2,GERBER LIFE INS CO,Gerber Life Ins Co,251673,0.0,0,2023
2022,life,2,NORTHWESTERN MUTUAL LIFE INSURANCE CO (THE),NORTHWESTERN MUTUAL LIFE INSURANCE CO (THE),368660,0.0,0,2025
2022,life,3,GERBER LIFE INSURANCE COMPANY,GERBER LIFE INSURANCE COMPANY,243436,0.0,0,2025
2022,life,3,LINCOLN HERITAGE LIFE INS CO,Lincoln Heritage Life Ins Co,205908,0.0,0,2023
2022,life,4,LINCOLN HERITAGE LIFE INSURANCE COMPANY,LINCOLN HERITAGE LIFE INSURANCE COMPANY,215616,0.0,0,2025
2022,life,4,PROTECTIVE LIFE INS CO,Protective Life Ins Co,142794,0.0,0,2023
2022,life,5,USAA LIFE INS CO,USAA Life Ins Co,113737,0.0,0,2023
2022,life,5,PRUCO LIFE INSURANCE COMPANY,PRUCO LIFE INSURANCE COMPANY,160143,1.2,2,2025
2022,life,6,AMERICAN FIDELITY ASSUR CO,American Fidelity Assur Co,97122,0.0,0,2023
2022,life,6,AMERICAN FIDELITY ASSURANCE COMPANY,AMERICAN FIDELITY ASSURANCE COMPANY,116318,0.0,0,2025
2022,life,7,USAA LIFE INSURANCE COMPANY,USAA LIFE INSURANCE COMPANY,111453,0.0,0,2025
2022,life,7,TEXAS LIFE INS CO,Texas Life Ins Co,96458,0.0,0,2023
2022,life,8,GENWORTH LIFE & ANN INS CO,Genworth Life & Ann Ins Co,89543,0.0,0,2023
2022,life,8,TEXAS LIFE INSURANCE COMPANY,TEXAS LIFE INSURANCE COMPANY,108788,0.0,0,2025
2022,life,9,BRIGHTHOUSE LIFE INS CO,Brighthouse Life Ins Co,83945,0.0,0,2023
2022,life,9,CMFG LIFE INSURANCE COMPANY,CMFG LIFE INSURANCE COMPANY,75532,3.0,2,2025
2022,life,10,GENWORTH LIFE AND ANNUITY INSURANCE COMPANY,GENWORTH LIFE AND ANNUITY INSURANCE COMPANY,72603,0.0,0,2025
2022,life,10,RELIASTAR LIFE INS CO,Reliastar Life Ins Co,82937,0.0,0,2023
2022,life,11,NEW YORK LIFE INSURANCE AND ANNUITY CORPORATION,NEW YORK LIFE INSURANCE AND ANNUITY CORPORATION,72285,2.8,2,2025
2022,life,11,FIDELITY & GUAR LIFE INS CO,Fidelity & Guar Life Ins Co,77226,0.0,0,2023
2022,life,12,COLONIAL LIFE & ACCIDENT INSURANCE COMPANY,COLONIAL LIFE & ACCIDENT INSURANCE COMPANY,69342,0.0,0,2025
2022,life,12,COLONIAL LIFE & ACCIDENT INS CO,Colonial Life & Accident Ins Co,69755,0.0,0,2023
2022,life,13,MIDLAND NATL LIFE INS CO,Midland Natl Life Ins Co,64147,0.0,0,2023
2022,life,13,PROVIDENT LIFE AND ACCIDENT INSURANCE COMPANY,PROVIDENT LIFE AND ACCIDENT INSURANCE COMPANY,58888,0.0,0,2025
2022,life,14,PROVIDENT LIFE & ACCIDENT INS CO,Provident Life & Accident Ins Co,58940,0.0,0,2023
2022,life,14,EQUITABLE FINANCIAL LIFE INSURANCE COMPANY,EQUITABLE FINANCIAL LIFE INSURANCE COMPANY,56744,1.6,1,2025
2022,life,15,NORTH AMERICAN COMPANY FOR LIFE AND HEALTH INS,NORTH AMERICAN COMPANY FOR LIFE AND HEALTH INS,52558,3.9,2,2025
2022,life,15,AMERICAN FAMILY LIFE ASSUR CO OF COL,American Family Life Assur Co of Col,51040,0.0,0,2023
2022,life,16,PRINCIPAL NATIONAL LIFE INSURANCE COMPANY,PRINCIPAL NATIONAL LIFE INSURANCE COMPANY,45452,0.0,0,2025
2022,life,16,PRINCIPAL NATL LIFE INS CO,Principal Natl Life Ins Co,45117,0.0,0,2023
2022,life,17,EVERLAKE LIFE INSURANCE COMPANY,EVERLAKE LIFE INSURANCE COMPANY,43875,2.0,1,2025
2022,life,17,ALLSTATE ASSUR CO,Allstate Assur Co,44212,0.0,0,2023
2022,life,18,WEST COAST LIFE INSURANCE COMPANY,WEST COAST LIFE INSURANCE COMPANY,42916,2.0,1,2024
2022,life,18,GUARDIAN LIFE INS CO OF AMER,Guardian Life Ins Co Of Amer,38375,0.0,0,2023
2022,life,18,GUARDIAN LIFE INSURANCE COMPANY OF AMERICA (THE),GUARDIAN LIFE INSURANCE COMPANY OF AMERICA (THE),37870,0.0,0,2025
2022,life,19,NEW YORK LIFE INSURANCE COMPANY,NEW YORK LIFE INSURANCE COMPANY,602147,0.2,1,2025
2022,life,19,STATE FARM LIFE INS CO,State Farm Life Ins Co,639252,0.2,1,2023
2022,life,20,NEW YORK LIFE INS CO,New York Life Ins Co,612221,0.2,1,2023
2022,life,20,PRIMERICA LIFE INSURANCE COMPANY,PRIMERICA LIFE INSURANCE COMPANY,446997,0.2,1,2025
2022,life,21,UNITED OF OMAHA LIFE INSURANCE COMPANY,UNITED OF OMAHA LIFE INSURANCE COMPANY,215874,2.5,5,2025
2022,life,21,PRIMERICA LIFE INS CO,Primerica Life Ins Co,437388,0.2,1,2023
2022,life,22,BANNER LIFE INS CO,Banner Life Ins Co,119510,0.8,1,2023
2022,life,22,AMERICAN NATIONAL INSURANCE COMPANY,AMERICAN NATIONAL INSURANCE COMPANY,165796,1.2,2,2025
2022,life,23,UNITED INS CO OF AMER,United Ins Co Of Amer,119034,0.8,1,2023
2022,life,23,MASSACHUSETTS MUTUAL LIFE INSURANCE COMPANY,MASSACHUSETTS MUTUAL LIFE INSURANCE COMPANY,157738,1.9,3,2025
2022,life,24,GLOBE LIFE AND ACCIDENT INSURANCE COMPANY,GLOBE LIFE AND ACCIDENT INSURANCE COMPANY,277282,1.1,3,2025
2022,life,24,LIFE INS CO OF THE SOUTHWEST,Life Ins Co Of The Southwest,229717,0.9,2,2023
2022,life,25,JOHN HANCOCK LIFE INS CO USA,John Hancock Life Ins Co USA,114342,0.9,1,2023
2022,life,25,BANNER LIFE INSURANCE COMPANY,BANNER LIFE INSURANCE COMPANY,129598,0.8,1,2025
2022,life,26,LINCOLN BENEFIT LIFE CO,Lincoln Benefit Life Co,99921,1.0,1,2023
2022,life,26,FARMERS NEW WORLD LIFE INSURANCE COMPANY,FARMERS NEW WORLD LIFE INSURANCE COMPANY,387730,1.0,4,2025
2022,life,27,FARMERS NEW WORLD LIFE INS CO,Farmers New World Life Ins Co,389483,1.0,4,2023
2022,life,27,FIDELITY & GUARANTY LIFE INSURANCE COMPANY,FIDELITY & GUARANTY LIFE INSURANCE COMPANY,91764,0.0,0,2025
2022,life,28,GLOBE LIFE & ACCIDENT INS CO,Globe Life & Accident Ins Co,278252,1.1,3,2023
2022,life,28,PACIFIC LIFE INSURANCE COMPANY,PACIFIC LIFE INSURANCE COMPANY,90509,1.3,1,2025
2022,life,29,LINCOLN BENEFIT LIFE COMPANY,LINCOLN BENEFIT LIFE COMPANY,86144,1.0,1,2025
2022,life,29,AMERICAN NATL INS CO,American Natl Ins Co,173715,1.2,2,2023
2022,life,30,NATIONWIDE LIFE & ANN INS CO,Nationwide Life & Ann Ins Co,85778,1.2,1,2023
2022,life,30,AMERICAN INCOME LIFE INSURANCE COMPANY,AMERICAN INCOME LIFE INSURANCE COMPANY,342397,1.6,5,2025
2022,life,31,LIFE INSURANCE COMPANY OF THE SOUTHWEST,LIFE INSURANCE COMPANY OF THE SOUTHWEST,274560,0.9,2,2025
2022,life,31,AAA LIFE INS CO,AAA Life Ins Co,254399,1.2,3,2023
2022,life,32,PRUCO LIFE INS CO,Pruco Life Ins Co,165038,1.2,2,2023
2022,life,32,MIDLAND NATIONAL LIFE INSURANCE COMPANY,MIDLAND NATIONAL LIFE INSURANCE COMPANY,62051,0.0,0,2025
2022,life,33,PACIFIC LIFE INS CO,Pacific Life Ins Co,79207,1.3,1,2023
2022,life,33,IA AMERICAN LIFE INSURANCE COMPANY,IA AMERICAN LIFE INSURANCE COMPANY,61421,1.7,1,2025
2022,life,34,EQUITABLE FINANCIAL LIFE INS CO,Equitable Financial Life Ins Co,62777,1.6,1,2023
2022,life,34,UNITED INSURANCE COMPANY OF AMERICA,UNITED INSURANCE COMPANY OF AMERICA,116541,0.8,1,2025
2022,life,35,PRUDENTIAL INS CO OF AMER,Prudential Ins Co Of Amer,186648,1.6,3,2023
2022,life,35,LINCOLN NATIONAL LIFE INSURANCE COMPANY (THE),LINCOLN NATIONAL LIFE INSURANCE COMPANY (THE),163739,2.4,4,2025
2022,life,36,JOHN HANCOCK LIFE INSURANCE COMPANY (U.S.A.),JOHN HANCOCK LIFE INSURANCE COMPANY (U.S.A.),105884,0.9,1,2025
2022,life,36,AMERICAN INCOME LIFE INS CO,American Income Life Ins Co,308891,1.6,5,2023
2022,life,37,AMERICAN FAMILY LIFE ASSURANCE CO OF COLUMBUS,AMERICAN FAMILY LIFE ASSURANCE CO OF COLUMBUS,50453,0.0,0,2025
2022,life,37,IA AMER LIFE INS CO,IA Amer Life Ins Co,60534,1.7,1,2023
2022,life,38,MASSACHUSETTS MUT LIFE INS CO,Massachusetts Mut Life Ins Co,158862,1.9,3,2023
2022,life,38,NATIONWIDE LIFE AND ANNUITY INSURANCE COMPANY,NATIONWIDE LIFE AND ANNUITY INSURANCE COMPANY,99282,1.2,1,2025
2022,life,39,METROPOLITAN LIFE INSURANCE COMPANY,METROPOLITAN LIFE INSURANCE COMPANY,142266,2.5,4,2025
2022,life,39,ALLSTATE LIFE INS CO,Allstate Life Ins Co,51184,2.0,1,2023
2022,life,40,PROTECTIVE LIFE INSURANCE COMPANY,PROTECTIVE LIFE INSURANCE COMPANY,142188,0.0,0,2025
2022,life,40,WEST COAST LIFE INS CO,West Coast Life Ins Co,48980,2.0,1,2023
2022,life,41,AMERICAN GEN LIFE INS CO,American Gen Life Ins Co,456056,2.2,10,2023
2022,life,41,PRUDENTIAL INSURANCE COMPANY OF AMERICA (THE),PRUDENTIAL INSURANCE COMPANY OF AMERICA (THE),163925,1.6,3,2025
2022,life,42,LINCOLN NATL LIFE INS CO,Lincoln Natl Life Ins Co,163323,2.4,4,2023
2022,life,42,AMERICAN GENERAL LIFE INSURANCE COMPANY,AMERICAN GENERAL LIFE INSURANCE COMPANY,439918,2.2,10,2025
2022,life,43,UNITED OF OMAHA LIFE INS CO,United Of Omaha Life Ins Co,203287,2.5,5,2023
2022,life,43,AAA LIFE INSURANCE COMPANY,AAA LIFE INSURANCE COMPANY,273174,1.2,3,2025
2022,life,44,AMERITAS LIFE INSURANCE CORP.,AMERITAS LIFE INSURANCE CORP.,37803,0.0,0,2025
2022,life,44,METROPOLITAN LIFE INS CO,Metropolitan Life Ins Co,161748,2.5,4,2023
2022,life,45,NEW YORK LIFE INS & ANN CORP,New York Life Ins & Ann Corp,71934,2.8,2,2023
2022,life,45,BRIGHTHOUSE LIFE INSURANCE COMPANY,BRIGHTHOUSE LIFE INSURANCE COMPANY,74851,0.0,0,2025
2022,life,46,CMFG LIFE INS CO,CMFG Life Ins Co,66741,3.0,2,2023
2022,life,46,RELIASTAR LIFE INSURANCE COMPANY,RELIASTAR LIFE INSURANCE COMPANY,73576,0.0,0,2025
2022,life,47,TRANSAMERICA LIFE INS CO,Transamerica Life Ins Co,565274,3.4,19,2023
2022,life,47,TRANSAMERICA LIFE INSURANCE COMPANY,TRANSAMERICA LIFE INSURANCE COMPANY,561573,3.4,19,2025
2022,life,48,JACKSON NATL LIFE INS CO,Jackson Natl Life Ins Co,55603,3.6,2,2023
2022,life,48,JACKSON NATIONAL LIFE INSURANCE COMPANY,JACKSON NATIONAL LIFE INSURANCE COMPANY,44445,3.6,2,2025
2022,life,49,BANKERS LIFE AND CASUALTY COMPANY,BANKERS LIFE AND CASUALTY COMPANY,43868,4.5,2,2025
2022,life,49,NORTH AMER CO LIFE & HLTH INS,North Amer Co Life & Hlth Ins,51770,3.9,2,2023
2022,life,50,EVERLAKE ASSURANCE COMPANY,EVERLAKE ASSURANCE COMPANY,37966,0.0,0,2025
2022,life,50,BANKERS LIFE & CAS CO,Bankers Life & Cas Co,43988,4.5,2,2023
2023,auto,1,AMERICAN NATIONAL PROPERTY AND CASUALTY CO,AMERICAN NATIONAL PROPERTY AND CASUALTY CO,55658,1.9,1,2025
2023,auto,2,ESSENTIA INSURANCE COMPANY,ESSENTIA INSURANCE COMPANY,247262,0.4,1,2025
2023,auto,3,WAWANESA GENERAL INSURANCE COMPANY,WAWANESA GENERAL INSURANCE COMPANY,525724,1.3,7,2025
2023,auto,4,VIKING INSURANCE COMPANY OF WISCONSIN,VIKING INSURANCE COMPANY OF WISCONSIN,320565,0.3,1,2025
2023,auto,5,PROGRESSIVE DIRECT INSURANCE COMPANY,PROGRESSIVE DIRECT INSURANCE COMPANY,155631,0.7,1,2025
2023,auto,6,INTERINSURANCE EXCHANGE OF THE AUTOMOBILE CLUB,INTERINSURANCE EXCHANGE OF THE AUTOMOBILE CLUB,3007873,1.2,35,2025
2023,auto,7,CSAA INSURANCE EXCHANGE,CSAA INSURANCE EXCHANGE,2257761,0.5,11,2025
2023,auto,8,CALIFORNIA AUTOMOBILE INSURANCE COMPANY,CALIFORNIA AUTOMOBILE INSURANCE COMPANY,124040,2.9,3,2025
2023,auto,9,GOVERNMENT EMPLOYEES INSURANCE COMPANY,GOVERNMENT EMPLOYEES INSURANCE COMPANY,198513,1.5,3,2024
2023,auto,9,MERCURY INSURANCE COMPANY,MERCURY INSURANCE COMPANY,1522352,2.2,36,2025
2023,auto,10,DRIVE INSURANCE COMPANY,DRIVE INSURANCE COMPANY,515427,3.0,15,2025
2023,auto,11,GEICO GENERAL INSURANCE COMPANY,GEICO GENERAL INSURANCE COMPANY,3165200,1.4,35,2025
2023,auto,12,KEMPER INDEPENDENCE INSURANCE COMPANY,KEMPER INDEPENDENCE INSURANCE COMPANY,54321,1.8,1,2024
2023,auto,12,CALIFORNIA CASUALTY INDEMNITY EXCHANGE (THE),CALIFORNIA CASUALTY INDEMNITY EXCHANGE (THE),150313,5.7,9,2025
2023,auto,13,UNITED FINANCIAL CASUALTY COMPANY,UNITED FINANCIAL CASUALTY COMPANY,1044208,2.5,21,2025
2023,auto,14,MID-CENTURY INSURANCE COMPANY,MID-CENTURY INSURANCE COMPANY,240748,1.8,5,2025
2023,auto,15,USAA GENERAL INDEMNITY COMPANY,USAA GENERAL INDEMNITY COMPANY,326218,5.0,14,2025
2023,auto,16,AMERICAN FAMILY CONNECT P&C INSURANCE COMPANY,AMERICAN FAMILY CONNECT P&C INSURANCE COMPANY,648309,2.1,14,2025
2023,auto,17,TRAVELERS COMMERCIAL INSURANCE COMPANY,TRAVELERS COMMERCIAL INSURANCE COMPANY,283157,1.7,5,2025
2023,auto,18,AMICA MUTUAL INSURANCE COMPANY,AMICA MUTUAL INSURANCE COMPANY,70658,2.8,2,2025
2023,auto,19,NATIONWIDE INSURANCE COMPANY OF AMERICA,NATIONWIDE INSURANCE COMPANY OF AMERICA,269902,2.3,7,2025
2023,auto,20,"FOREMOST INSURANCE COMPANY GRAND RAPIDS, MI","FOREMOST INSURANCE COMPANY GRAND RAPIDS, MI",83676,2.4,2,2024
2023,auto,20,ALLSTATE NORTHBROOK INDEMNITY COMPANY,ALLSTATE NORTHBROOK INDEMNITY COMPANY,1640382,2.8,53,2025
2023,auto,21,ALLIANCE UNITED INSURANCE COMPANY,ALLIANCE UNITED INSURANCE COMPANY,333737,2.4,8,2024
2023,auto,21,SAFECO INSURANCE COMPANY OF AMERICA,SAFECO INSURANCE COMPANY OF AMERICA,360499,2.2,8,2025
2023,auto,22,USAA CASUALTY INSURANCE COMPANY,USAA CASUALTY INSURANCE COMPANY,516979,2.2,11,2025
2023,auto,23,PROGRESSIVE SELECT INSURANCE COMPANY,PROGRESSIVE SELECT INSURANCE COMPANY,380459,3.0,11,2025
2023,auto,24,STATE FARM MUTUAL AUTOMOBILE INSURANCE CO,STATE FARM MUTUAL AUTOMOBILE INSURANCE CO,4084379,2.7,105,2025
2023,auto,25,ALLSTATE INSURANCE COMPANY,ALLSTATE INSURANCE COMPANY,55897,3.5,2,2025
2023,auto,26,"FOREMOST INS CO GRAND RAPIDS, MICHIGAN","FOREMOST INS CO GRAND RAPIDS, MICHIGAN",81543,1.9,2,2025
2023,auto,27,CALIFORNIA CAPITAL INSURANCE COMPANY,CALIFORNIA CAPITAL INSURANCE COMPANY,50716,2.1,1,2025
2023,auto,28,INFINITY INSURANCE COMPANY,INFINITY INSURANCE COMPANY,1471202,5.4,93,2025
2023,auto,29,FARMERS INSURANCE EXCHANGE,FARMERS INSURANCE EXCHANGE,1141390,2.0,27,2025
2023,auto,30,GARRISON PROPERTY AND CASUALTY INSURANCE CO,GARRISON PROPERTY AND CASUALTY INSURANCE CO,283519,4.8,12,2025
2023,auto,31,GEICO INDEMNITY COMPANY,GEICO INDEMNITY COMPANY,197585,2.7,14,2025
2023,auto,32,UNITED SERVICES AUTOMOBILE ASSOCIATION,UNITED SERVICES AUTOMOBILE ASSOCIATION,385144,2.1,8,2025
2023,auto,33,COAST NATIONAL INSURANCE COMPANY,COAST NATIONAL INSURANCE COMPANY,230777,1.3,2,2025
2023,auto,34,GEICO CASUALTY COMPANY,GEICO CASUALTY COMPANY,252776,5.1,13,2024
2023,auto,34,NATIONAL GENERAL INSURANCE COMPANY,NATIONAL GENERAL INSURANCE COMPANY,40506,2.5,1,2025
2023,auto,35,LIBERTY MUTUAL FIRE INSURANCE COMPANY,LIBERTY MUTUAL FIRE INSURANCE COMPANY,278032,5.4,16,2025
2023,auto,36,ASPIRE GENERAL INSURANCE COMPANY,ASPIRE GENERAL INSURANCE COMPANY,514280,6.3,19,2025
2023,auto,37,INTEGON NATIONAL INSURANCE COMPANY,INTEGON NATIONAL INSURANCE COMPANY,411505,14.9,67,2025
2023,auto,38,SAFEWAY INSURANCE COMPANY,SAFEWAY INSURANCE COMPANY,68465,5.8,4,2024
2023,auto,38,ANCHOR GENERAL INSURANCE COMPANY,ANCHOR GENERAL INSURANCE COMPANY,112709,9.9,13,2025
2023,auto,39,HARTFORD UNDERWRITERS INSURANCE COMPANY,HARTFORD UNDERWRITERS INSURANCE COMPANY,118982,2.5,3,2025
2023,auto,40,PERMANENT GENERAL ASSURANCE CORPORATION,PERMANENT GENERAL ASSURANCE CORPORATION,68814,19.5,14,2025
2023,auto,40,FARMERS DIRECT P&C INSURANCE COMPANY,FARMERS DIRECT P&C INSURANCE COMPANY,112118,9.8,11,2024
2023,auto,41,ESURANCE PROPERTY AND CASUALTY INSURANCE CO,ESURANCE PROPERTY AND CASUALTY INSURANCE CO,130732,27.6,58,2025
2023,auto,42,ENCOMPASS INSURANCE COMPANY,ENCOMPASS INSURANCE COMPANY,86111,15.8,8,2025
2023,auto,43,21ST CENTURY INSURANCE COMPANY,21ST CENTURY INSURANCE COMPANY,78959,11.3,40,2025
2023,auto,44,NATIONAL GENERAL PREMIER INSURANCE COMPANY,NATIONAL GENERAL PREMIER INSURANCE COMPANY,72816,12.4,9,2024
2023,auto,44,LOYA CASUALTY INSURANCE COMPANY,LOYA CASUALTY INSURANCE COMPANY,242289,10.1,23,2025
2023,auto,45,INCLINE NATIONAL INSURANCE COMPANY,INCLINE NATIONAL INSURANCE COMPANY,91333,15.2,7,2025
2023,auto,46,SEAVIEW INSURANCE COMPANY,SEAVIEW INSURANCE COMPANY,76516,3.3,1,2025
2023,auto,47,INTEGON PREFERRED INSURANCE COMPANY,INTEGON PREFERRED INSURANCE COMPANY,137313,12.6,15,2025
2023,auto,48,METROMILE INSURANCE COMPANY,METROMILE INSURANCE COMPANY,41580,18.4,10,2025
2023,auto,49,21ST CENTURY CASUALTY COMPANY,21ST CENTURY CASUALTY COMPANY,190646,0.0,0,2025
2023,auto,50,"STATE NATIONAL INSURANCE COMPANY, INC.","STATE NATIONAL INSURANCE COMPANY, INC.",280127,55.9,90,2025
2023,home,1,AMERICAN SECURITY INSURANCE COMPANY,AMERICAN SECURITY INSURANCE COMPANY,121973,3.3,3,2025
2023,home,1,AMERICAN NATIONAL P&C COMPANY,AMERICAN NATIONAL P&C COMPANY,105710,0.0,0,2024
2023,home,2,"DB INSURANCE CO., LTD. (U.S. BRANCH)","DB INSURANCE CO., LTD. (U.S. BRANCH)",62324,9.2,3,2025
2023,home,3,MARKEL AMERICAN INSURANCE COMPANY,MARKEL AMERICAN INSURANCE COMPANY,60035,0.0,0,2025
2023,home,4,WAWANESA GENERAL INSURANCE COMPANY,WAWANESA GENERAL INSURANCE COMPANY,45254,2.1,1,2025
2023,home,5,USAA GENERAL INDEMNITY COMPANY,USAA GENERAL INDEMNITY COMPANY,159197,1.4,2,2025
2023,home,6,CSAA FIRE & CASUALTY INSURANCE COMPANY,CSAA FIRE & CASUALTY INSURANCE COMPANY,88215,5.2,4,2025
2023,home,7,UNITED SERVICES AUTOMOBILE ASSOCIATION,UNITED SERVICES AUTOMOBILE ASSOCIATION,231339,1.3,3,2025
2023,home,8,GARRISON PROPERTY AND CASUALTY INSURANCE CO,GARRISON PROPERTY AND CASUALTY INSURANCE CO,137272,1.5,2,2025
2023,home,9,AMERICAN MODERN HOME INSURANCE COMPANY,AMERICAN MODERN HOME INSURANCE COMPANY,53788,3.8,2,2025
2023,home,10,INTERINSURANCE EXCHANGE OF THE AUTOMOBILE CLUB,INTERINSURANCE EXCHANGE OF THE AUTOMOBILE CLUB,962777,1.2,11,2025
2023,home,11,SUTTON NATIONAL INSURANCE COMPANY,SUTTON NATIONAL INSURANCE COMPANY,201438,8.7,7,2025
2023,home,12,FIRST NATIONAL INSURANCE COMPANY OF AMERICA,FIRST NATIONAL INSURANCE COMPANY OF AMERICA,84638,4.0,4,2025
2023,home,13,PRAETORIAN INSURANCE COMPANY,PRAETORIAN INSURANCE COMPANY,40753,0.0,0,2025
2023,home,14,NATIONWIDE MUTUAL INSURANCE COMPANY,NATIONWIDE MUTUAL INSURANCE COMPANY,233460,2.2,6,2025
2023,home,15,CENTURY-NATIONAL INSURANCE COMPANY,CENTURY-NATIONAL INSURANCE COMPANY,38411,2.4,1,2025
2023,home,16,CALIFORNIA AUTOMOBILE INSURANCE COMPANY,CALIFORNIA AUTOMOBILE INSURANCE COMPANY,689862,5.2,33,2025
2023,home,17,INTEGON NATIONAL INSURANCE COMPANY,INTEGON NATIONAL INSURANCE COMPANY,65480,4.8,4,2025
2023,home,18,STILLWATER INSURANCE COMPANY,STILLWATER INSURANCE COMPANY,93094,4.6,5,2025
2023,home,19,USAA CASUALTY INSURANCE COMPANY,USAA CASUALTY INSURANCE COMPANY,255048,1.6,4,2025
2023,home,20,CALIFORNIA CASUALTY INDEMNITY EXCHANGE (THE),CALIFORNIA CASUALTY INDEMNITY EXCHANGE (THE),55653,16.6,10,2025
2023,home,21,AMERICAN NATIONAL PROPERTY AND CASUALTY CO,AMERICAN NATIONAL PROPERTY AND CASUALTY CO,104883,0.0,0,2025
2023,home,22,HOMESITE INSURANCE COMPANY OF CALIFORNIA,HOMESITE INSURANCE COMPANY OF CALIFORNIA,253839,2.6,6,2025
2023,home,23,ALLSTATE INSURANCE COMPANY,ALLSTATE INSURANCE COMPANY,684245,2.8,20,2025
2023,home,24,CSAA INSURANCE EXCHANGE,CSAA INSURANCE EXCHANGE,675433,8.1,51,2025
2023,home,25,AMERICAN BANKERS INSURANCE COMPANY OF FLORIDA,AMERICAN BANKERS INSURANCE COMPANY OF FLORIDA,276054,6.1,15,2025
2023,home,26,QBE INSURANCE CORPORATION,QBE INSURANCE CORPORATION,39420,15.7,7,2025
2023,home,26,"FOREMOST INSURANCE COMPANY GRAND RAPIDS, MI","FOREMOST INSURANCE COMPANY GRAND RAPIDS, MI",267782,5.6,15,2024
2023,home,27,RESPONSE INDEMNITY COMPANY OF CALIFORNIA,RESPONSE INDEMNITY COMPANY OF CALIFORNIA,38716,0.0,0,2025
2023,home,28,SAFECO INSURANCE COMPANY OF AMERICA,SAFECO INSURANCE COMPANY OF AMERICA,286202,3.3,10,2025
2023,home,28,AMGUARD INSURANCE COMPANY,AMGUARD INSURANCE COMPANY,50607,5.9,3,2024
2023,home,29,STANDARD FIRE INSURANCE COMPANY (THE),STANDARD FIRE INSURANCE COMPANY (THE),302691,5.6,18,2025
2023,home,30,UNIVERSAL NORTH AMERICA INSURANCE COMPANY,UNIVERSAL NORTH AMERICA INSURANCE COMPANY,34784,2.6,1,2025
2023,home,31,CALIFORNIA CAPITAL INSURANCE COMPANY,CALIFORNIA CAPITAL INSURANCE COMPANY,68476,2.9,2,2025
2023,home,32,"FOREMOST INS CO GRAND RAPIDS, MICHIGAN","FOREMOST INS CO GRAND RAPIDS, MICHIGAN",225784,5.6,15,2025
2023,home,33,AMERICAN FAMILY CONNECT P&C INSURANCE COMPANY,AMERICAN FAMILY CONNECT P&C INSURANCE COMPANY,113439,5.0,6,2025
2023,home,34,SAFECO INSURANCE COMPANY OF ILLINOIS,SAFECO INSURANCE COMPANY OF ILLINOIS,56481,8.5,5,2025
2023,home,35,GENERAL INSURANCE COMPANY OF AMERICA,GENERAL INSURANCE COMPANY OF AMERICA,195300,6.7,14,2025
2023,home,36,HOMESITE INSURANCE COMPANY OF THE MIDWEST,HOMESITE INSURANCE COMPANY OF THE MIDWEST,102035,14.8,10,2025
2023,home,37,ZURICH AMERICAN INSURANCE COMPANY,ZURICH AMERICAN INSURANCE COMPANY,45784,7.5,4,2025
2023,home,38,PROPERTY AND CASUALTY INS CO OF HARTFORD,PROPERTY AND CASUALTY INS CO OF HARTFORD,43155,6.5,3,2025
2023,home,39,CSE SAFEGUARD INSURANCE COMPANY,CSE SAFEGUARD INSURANCE COMPANY,40807,9.8,4,2024
2023,home,39,PACIFIC SPECIALTY INSURANCE COMPANY,PACIFIC SPECIALTY INSURANCE COMPANY,188359,6.2,13,2025
2023,home,40,AMERICAN MODERN PROPERTY AND CASUALTY INS CO,AMERICAN MODERN PROPERTY AND CASUALTY INS CO,111148,21.4,23,2025
2023,home,41,STATE FARM GENERAL INSURANCE COMPANY,STATE FARM GENERAL INSURANCE COMPANY,2139816,1.6,37,2025
2023,home,42,RESIDENCE MUTUAL INSURANCE COMPANY,RESIDENCE MUTUAL INSURANCE COMPANY,48593,6.1,3,2025
2023,home,43,LEMONADE INSURANCE COMPANY,LEMONADE INSURANCE COMPANY,385729,11.7,41,2025
2023,home,44,FIRE INSURANCE EXCHANGE,FIRE INSURANCE EXCHANGE,775464,7.8,68,2025
2023,home,45,AMICA MUTUAL INSURANCE COMPANY,AMICA MUTUAL INSURANCE COMPANY,42839,2.7,1,2025
2023,home,46,LIBERTY INSURANCE CORPORATION,LIBERTY INSURANCE CORPORATION,212616,3.0,7,2025
2023,home,46,AMERICAN MODERN P&C INSURANCE COMPANY,AMERICAN MODERN P&C INSURANCE COMPANY,107346,21.4,23,2024
2023,home,47,ASI SELECT INSURANCE CORP,ASI SELECT INSURANCE CORP,57604,11.9,8,2025
2023,home,47,FARMERS DIRECT P&C INSURANCE COMPANY,FARMERS DIRECT P&C INSURANCE COMPANY,37746,23.8,9,2024
2023,home,48,FARMERS INSURANCE EXCHANGE,FARMERS INSURANCE EXCHANGE,439921,24.0,105,2025
2023,home,49,SPINNAKER INSURANCE COMPANY,SPINNAKER INSURANCE COMPANY,160687,11.4,16,2025
2023,home,50,MID-CENTURY INSURANCE COMPANY,MID-CENTURY INSURANCE COMPANY,186617,31.8,66,2025
2023,home,50,KEMPER INDEPENDENCE INSURANCE COMPANY,KEMPER INDEPENDENCE INSURANCE COMPANY,38417,46.9,18,2024
2023,life,1,STATE FARM LIFE INSURANCE COMPANY,STATE FARM LIFE INSURANCE COMPANY,666391,0.0,0,2025
2023,life,2,NORTHWESTERN MUTUAL LIFE INSURANCE CO (THE),NORTHWESTERN MUTUAL LIFE INSURANCE CO (THE),368660,0.0,0,2025
2023,life,3,GERBER LIFE INSURANCE COMPANY,GERBER LIFE INSURANCE COMPANY,243436,0.4,1,2025
2023,life,4,LINCOLN HERITAGE LIFE INSURANCE COMPANY,LINCOLN HERITAGE LIFE INSURANCE COMPANY,215616,0.9,2,2025
2023,life,5,PRUCO LIFE INSURANCE COMPANY,PRUCO LIFE INSURANCE COMPANY,160143,0.6,1,2025
2023,life,6,AMERICAN FIDELITY ASSURANCE COMPANY,AMERICAN FIDELITY ASSURANCE COMPANY,116318,0.9,1,2025
2023,life,7,USAA LIFE INSURANCE COMPANY,USAA LIFE INSURANCE COMPANY,111453,0.9,1,2025
2023,life,8,TEXAS LIFE INSURANCE COMPANY,TEXAS LIFE INSURANCE COMPANY,108788,0.0,0,2025
2023,life,9,CMFG LIFE INSURANCE COMPANY,CMFG LIFE INSURANCE COMPANY,75532,1.4,1,2025
2023,life,10,GENWORTH LIFE AND ANNUITY INSURANCE COMPANY,GENWORTH LIFE AND ANNUITY INSURANCE COMPANY,72603,2.5,2,2025
2023,life,11,NEW YORK LIFE INSURANCE AND ANNUITY CORPORATION,NEW YORK LIFE INSURANCE AND ANNUITY CORPORATION,72285,0.0,0,2025
2023,life,12,COLONIAL LIFE & ACCIDENT INSURANCE COMPANY,COLONIAL LIFE & ACCIDENT INSURANCE COMPANY,69342,0.0,0,2025
2023,life,13,PROVIDENT LIFE AND ACCIDENT INSURANCE COMPANY,PROVIDENT LIFE AND ACCIDENT INSURANCE COMPANY,58888,0.0,0,2025
2023,life,14,EQUITABLE FINANCIAL LIFE INSURANCE COMPANY,EQUITABLE FINANCIAL LIFE INSURANCE COMPANY,56744,5.0,3,2025
2023,life,15,NORTH AMERICAN COMPANY FOR LIFE AND HEALTH INS,NORTH AMERICAN COMPANY FOR LIFE AND HEALTH INS,52558,0.0,0,2025
2023,life,16,PRINCIPAL NATIONAL LIFE INSURANCE COMPANY,PRINCIPAL NATIONAL LIFE INSURANCE COMPANY,45452,0.0,0,2025
2023,life,17,EVERLAKE LIFE INSURANCE COMPANY,EVERLAKE LIFE INSURANCE COMPANY,43875,0.0,0,2025
2023,life,18,GUARDIAN LIFE INSURANCE COMPANY OF AMERICA (THE),GUARDIAN LIFE INSURANCE COMPANY OF AMERICA (THE),37870,2.6,1,2025
2023,life,18,WEST COAST LIFE INSURANCE COMPANY,WEST COAST LIFE INSURANCE COMPANY,42916,0.0,0,2024
2023,life,19,NEW YORK LIFE INSURANCE COMPANY,NEW YORK LIFE INSURANCE COMPANY,602147,0.3,2,2025
2023,life,20,PRIMERICA LIFE INSURANCE COMPANY,PRIMERICA LIFE INSURANCE COMPANY,446997,0.2,1,2025
2023,life,21,UNITED OF OMAHA LIFE INSURANCE COMPANY,UNITED OF OMAHA LIFE INSURANCE COMPANY,215874,0.0,0,2025
2023,life,22,AMERICAN NATIONAL INSURANCE COMPANY,AMERICAN NATIONAL INSURANCE COMPANY,165796,1.0,2,2025
2023,life,23,MASSACHUSETTS MUTUAL LIFE INSURANCE COMPANY,MASSACHUSETTS MUTUAL LIFE INSURANCE COMPANY,157738,1.3,2,2025
2023,life,24,GLOBE LIFE AND ACCIDENT INSURANCE COMPANY,GLOBE LIFE AND ACCIDENT INSURANCE COMPANY,277282,2.1,6,2025
2023,life,25,BANNER LIFE INSURANCE COMPANY,BANNER LIFE INSURANCE COMPANY,129598,0.0,0,2025
2023,life,26,FARMERS NEW WORLD LIFE INSURANCE COMPANY,FARMERS NEW WORLD LIFE INSURANCE COMPANY,387730,0.8,3,2025
2023,life,27,FIDELITY & GUARANTY LIFE INSURANCE COMPANY,FIDELITY & GUARANTY LIFE INSURANCE COMPANY,91764,3.6,3,2025
2023,life,28,PACIFIC LIFE INSURANCE COMPANY,PACIFIC LIFE INSURANCE COMPANY,90509,1.2,1,2025
2023,life,29,LINCOLN BENEFIT LIFE COMPANY,LINCOLN BENEFIT LIFE COMPANY,86144,1.1,1,2025
2023,life,30,AMERICAN INCOME LIFE INSURANCE COMPANY,AMERICAN INCOME LIFE INSURANCE COMPANY,342397,1.2,4,2025
2023,life,31,LIFE INSURANCE COMPANY OF THE SOUTHWEST,LIFE INSURANCE COMPANY OF THE SOUTHWEST,274560,0.0,0,2025
2023,life,32,MIDLAND NATIONAL LIFE INSURANCE COMPANY,MIDLAND NATIONAL LIFE INSURANCE COMPANY,62051,0.0,0,2025
2023,life,33,IA AMERICAN LIFE INSURANCE COMPANY,IA AMERICAN LIFE INSURANCE COMPANY,61421,0.0,0,2025
2023,life,34,UNITED INSURANCE COMPANY OF AMERICA,UNITED INSURANCE COMPANY OF AMERICA,116541,0.6,1,2025
2023,life,35,LINCOLN NATIONAL LIFE INSURANCE COMPANY (THE),LINCOLN NATIONAL LIFE INSURANCE COMPANY (THE),163739,1.2,2,2025
2023,life,36,JOHN HANCOCK LIFE INSURANCE COMPANY (U.S.A.),JOHN HANCOCK LIFE INSURANCE COMPANY (U.S.A.),105884,4.5,5,2025
2023,life,37,AMERICAN FAMILY LIFE ASSURANCE CO OF COLUMBUS,AMERICAN FAMILY LIFE ASSURANCE CO OF COLUMBUS,50453,0.0,0,2025
2023,life,38,NATIONWIDE LIFE AND ANNUITY INSURANCE COMPANY,NATIONWIDE LIFE AND ANNUITY INSURANCE COMPANY,99282,0.0,0,2025
2023,life,39,METROPOLITAN LIFE INSURANCE COMPANY,METROPOLITAN LIFE INSURANCE COMPANY,142266,3.1,5,2025
2023,life,40,PROTECTIVE LIFE INSURANCE COMPANY,PROTECTIVE LIFE INSURANCE COMPANY,142188,0.7,1,2025
2023,life,41,PRUDENTIAL INSURANCE COMPANY OF AMERICA (THE),PRUDENTIAL INSURANCE COMPANY OF AMERICA (THE),163925,1.6,3,2025
2023,life,42,AMERICAN GENERAL LIFE INSURANCE COMPANY,AMERICAN GENERAL LIFE INSURANCE COMPANY,439918,1.1,5,2025
2023,life,43,AAA LIFE INSURANCE COMPANY,AAA LIFE INSURANCE COMPANY,273174,1.9,5,2025
2023,life,44,AMERITAS LIFE INSURANCE CORP.,AMERITAS LIFE INSURANCE CORP.,37803,0.0,0,2025
2023,life,45,BRIGHTHOUSE LIFE INSURANCE COMPANY,BRIGHTHOUSE LIFE INSURANCE COMPANY,74851,0.0,0,2025
2023,life,46,RELIASTAR LIFE INSURANCE COMPANY,RELIASTAR LIFE INSURANCE COMPANY,73576,6.4,5,2025
2023,life,47,TRANSAMERICA LIFE INSURANCE COMPANY,TRANSAMERICA LIFE INSURANCE COMPANY,561573,2.4,14,2025
2023,life,48,JACKSON NATIONAL LIFE INSURANCE COMPANY,JACKSON NATIONAL LIFE INSURANCE COMPANY,44445,4.0,2,2025
2023,life,49,BANKERS LIFE AND CASUALTY COMPANY,BANKERS LIFE AND CASUALTY COMPANY,43868,4.5,2,2025
2023,life,50,EVERLAKE ASSURANCE COMPANY,EVERLAKE ASSURANCE COMPANY,37966,0.0,0,2025
2024,auto,1,AMERICAN NATIONAL PROPERTY AND CASUALTY CO,AMERICAN NATIONAL PROPERTY AND CASUALTY CO,55658,0.0,0,2025
2024,auto,2,ESSENTIA INSURANCE COMPANY,ESSENTIA INSURANCE COMPANY,247262,0.4,1,2025
2024,auto,3,WAWANESA GENERAL INSURANCE COMPANY,WAWANESA GENERAL INSURANCE COMPANY,525724,0.6,3,2025
2024,auto,4,VIKING INSURANCE COMPANY OF WISCONSIN,VIKING INSURANCE COMPANY OF WISCONSIN,320565,0.9,3,2025
2024,auto,5,PROGRESSIVE DIRECT INSURANCE COMPANY,PROGRESSIVE DIRECT INSURANCE COMPANY,155631,1.3,2,2025
2024,auto,6,INTERINSURANCE EXCHANGE OF THE AUTOMOBILE CLUB,INTERINSURANCE EXCHANGE OF THE AUTOMOBILE CLUB,3007873,1.3,39,2025
2024,auto,7,CSAA INSURANCE EXCHANGE,CSAA INSURANCE EXCHANGE,2257761,1.5,34,2025
2024,auto,8,CALIFORNIA AUTOMOBILE INSURANCE COMPANY,CALIFORNIA AUTOMOBILE INSURANCE COMPANY,124040,1.6,2,2025
2024,auto,9,MERCURY INSURANCE COMPANY,MERCURY INSURANCE COMPANY,1522352,1.7,26,2025
2024,auto,10,DRIVE INSURANCE COMPANY,DRIVE INSURANCE COMPANY,515427,1.7,9,2025
2024,auto,11,GEICO GENERAL INSURANCE COMPANY,GEICO GENERAL INSURANCE COMPANY,3165200,2.0,63,2025
2024,auto,12,CALIFORNIA CASUALTY INDEMNITY EXCHANGE (THE),CALIFORNIA CASUALTY INDEMNITY EXCHANGE (THE),150313,2.0,3,2025
2024,auto,13,UNITED FINANCIAL CASUALTY COMPANY,UNITED FINANCIAL CASUALTY COMPANY,1044208,2.5,26,2025
2024,auto,14,MID-CENTURY INSURANCE COMPANY,MID-CENTURY INSURANCE COMPANY,240748,2.5,6,2025
2024,auto,15,USAA GENERAL INDEMNITY COMPANY,USAA GENERAL INDEMNITY COMPANY,326218,2.8,9,2025
2024,auto,16,AMERICAN FAMILY CONNECT P&C INSURANCE COMPANY,AMERICAN FAMILY CONNECT P&C INSURANCE COMPANY,648309,2.8,18,2025
2024,auto,17,TRAVELERS COMMERCIAL INSURANCE COMPANY,TRAVELERS COMMERCIAL INSURANCE COMPANY,283157,2.8,8,2025
2024,auto,18,AMICA MUTUAL INSURANCE COMPANY,AMICA MUTUAL INSURANCE COMPANY,70658,2.8,2,2025
2024,auto,19,NATIONWIDE INSURANCE COMPANY OF AMERICA,NATIONWIDE INSURANCE COMPANY OF AMERICA,269902,3.0,8,2025
2024,auto,20,ALLSTATE NORTHBROOK INDEMNITY COMPANY,ALLSTATE NORTHBROOK INDEMNITY COMPANY,1640382,3.0,50,2025
2024,auto,21,SAFECO INSURANCE COMPANY OF AMERICA,SAFECO INSURANCE COMPANY OF AMERICA,360499,3.1,11,2025
2024,auto,22,USAA CASUALTY INSURANCE COMPANY,USAA CASUALTY INSURANCE COMPANY,516979,3.1,16,2025
2024,auto,23,PROGRESSIVE SELECT INSURANCE COMPANY,PROGRESSIVE SELECT INSURANCE COMPANY,380459,3.2,12,2025
2024,auto,24,STATE FARM MUTUAL AUTOMOBILE INSURANCE CO,STATE FARM MUTUAL AUTOMOBILE INSURANCE CO,4084379,3.4,140,2025
2024,auto,25,ALLSTATE INSURANCE COMPANY,ALLSTATE INSURANCE COMPANY,55897,3.6,2,2025
2024,auto,26,"FOREMOST INS CO GRAND RAPIDS, MICHIGAN","FOREMOST INS CO GRAND RAPIDS, MICHIGAN",81543,3.7,3,2025
2024,auto,27,CALIFORNIA CAPITAL INSURANCE COMPANY,CALIFORNIA CAPITAL INSURANCE COMPANY,50716,3.9,2,2025
2024,auto,28,INFINITY INSURANCE COMPANY,INFINITY INSURANCE COMPANY,1471202,4.1,60,2025
2024,auto,29,FARMERS INSURANCE EXCHANGE,FARMERS INSURANCE EXCHANGE,1141390,4.2,48,2025
2024,auto,30,GARRISON PROPERTY AND CASUALTY INSURANCE CO,GARRISON PROPERTY AND CASUALTY INSURANCE CO,283519,4.2,12,2025
2024,auto,31,GEICO INDEMNITY COMPANY,GEICO INDEMNITY COMPANY,197585,4.6,9,2025
2024,auto,32,UNITED SERVICES AUTOMOBILE ASSOCIATION,UNITED SERVICES AUTOMOBILE ASSOCIATION,385144,4.7,18,2025
2024,auto,33,COAST NATIONAL INSURANCE COMPANY,COAST NATIONAL INSURANCE COMPANY,230777,4.8,11,2025
2024,auto,34,NATIONAL GENERAL INSURANCE COMPANY,NATIONAL GENERAL INSURANCE COMPANY,40506,4.9,2,2025
2024,auto,35,LIBERTY MUTUAL FIRE INSURANCE COMPANY,LIBERTY MUTUAL FIRE INSURANCE COMPANY,278032,5.0,14,2025
2024,auto,36,ASPIRE GENERAL INSURANCE COMPANY,ASPIRE GENERAL INSURANCE COMPANY,514280,5.6,29,2025
2024,auto,37,INTEGON NATIONAL INSURANCE COMPANY,INTEGON NATIONAL INSURANCE COMPANY,411505,9.2,38,2025
2024,auto,38,ANCHOR GENERAL INSURANCE COMPANY,ANCHOR GENERAL INSURANCE COMPANY,112709,9.8,11,2025
2024,auto,39,HARTFORD UNDERWRITERS INSURANCE COMPANY,HARTFORD UNDERWRITERS INSURANCE COMPANY,118982,10.1,12,2025
2024,auto,40,PERMANENT GENERAL ASSURANCE CORPORATION,PERMANENT GENERAL ASSURANCE CORPORATION,68814,10.2,7,2025
2024,auto,41,ESURANCE PROPERTY AND CASUALTY INSURANCE CO,ESURANCE PROPERTY AND CASUALTY INSURANCE CO,130732,10.7,14,2025
2024,auto,42,ENCOMPASS INSURANCE COMPANY,ENCOMPASS INSURANCE COMPANY,86111,11.6,10,2025
2024,auto,43,21ST CENTURY INSURANCE COMPANY,21ST CENTURY INSURANCE COMPANY,78959,12.7,10,2025
2024,auto,44,LOYA CASUALTY INSURANCE COMPANY,LOYA CASUALTY INSURANCE COMPANY,242289,15.7,38,2025
2024,auto,45,INCLINE NATIONAL INSURANCE COMPANY,INCLINE NATIONAL INSURANCE COMPANY,91333,19.7,18,2025
2024,auto,46,SEAVIEW INSURANCE COMPANY,SEAVIEW INSURANCE COMPANY,76516,22.2,17,2025
2024,auto,47,INTEGON PREFERRED INSURANCE COMPANY,INTEGON PREFERRED INSURANCE COMPANY,137313,53.9,74,2025
2024,auto,48,METROMILE INSURANCE COMPANY,METROMILE INSURANCE COMPANY,41580,64.9,27,2025
2024,auto,49,21ST CENTURY CASUALTY COMPANY,21ST CENTURY CASUALTY COMPANY,190646,91.3,174,2025
2024,auto,50,"STATE NATIONAL INSURANCE COMPANY, INC.","STATE NATIONAL INSURANCE COMPANY, INC.",280127,99.6,279,2025
2024,home,1,AMERICAN SECURITY INSURANCE COMPANY,AMERICAN SECURITY INSURANCE COMPANY,121973,0.0,0,2025
2024,home,2,"DB INSURANCE CO., LTD. (U.S. BRANCH)","DB INSURANCE CO., LTD. (U.S. BRANCH)",62324,0.0,0,2025
2024,home,3,MARKEL AMERICAN INSURANCE COMPANY,MARKEL AMERICAN INSURANCE COMPANY,60035,0.0,0,2025
2024,home,4,WAWANESA GENERAL INSURANCE COMPANY,WAWANESA GENERAL INSURANCE COMPANY,45254,0.0,0,2025
2024,home,5,USAA GENERAL INDEMNITY COMPANY,USAA GENERAL INDEMNITY COMPANY,159197,0.6,1,2025
2024,home,6,CSAA FIRE & CASUALTY INSURANCE COMPANY,CSAA FIRE & CASUALTY INSURANCE COMPANY,88215,1.1,1,2025
2024,home,7,UNITED SERVICES AUTOMOBILE ASSOCIATION,UNITED SERVICES AUTOMOBILE ASSOCIATION,231339,1.3,3,2025
2024,home,8,GARRISON PROPERTY AND CASUALTY INSURANCE CO,GARRISON PROPERTY AND CASUALTY INSURANCE CO,137272,1.5,2,2025
2024,home,9,AMERICAN MODERN HOME INSURANCE COMPANY,AMERICAN MODERN HOME INSURANCE COMPANY,53788,1.9,1,2025
2024,home,10,INTERINSURANCE EXCHANGE OF THE AUTOMOBILE CLUB,INTERINSURANCE EXCHANGE OF THE AUTOMOBILE CLUB,962777,1.9,18,2025
2024,home,11,SUTTON NATIONAL INSURANCE COMPANY,SUTTON NATIONAL INSURANCE COMPANY,201438,2.0,4,2025
2024,home,12,FIRST NATIONAL INSURANCE COMPANY OF AMERICA,FIRST NATIONAL INSURANCE COMPANY OF AMERICA,84638,2.4,2,2025
2024,home,13,PRAETORIAN INSURANCE COMPANY,PRAETORIAN INSURANCE COMPANY,40753,2.5,1,2025
2024,home,14,NATIONWIDE MUTUAL INSURANCE COMPANY,NATIONWIDE MUTUAL INSURANCE COMPANY,233460,2.6,6,2025
2024,home,15,CENTURY-NATIONAL INSURANCE COMPANY,CENTURY-NATIONAL INSURANCE COMPANY,38411,2.6,1,2025
2024,home,16,CALIFORNIA AUTOMOBILE INSURANCE COMPANY,CALIFORNIA AUTOMOBILE INSURANCE COMPANY,689862,2.8,19,2025
2024,home,17,INTEGON NATIONAL INSURANCE COMPANY,INTEGON NATIONAL INSURANCE COMPANY,65480,3.1,2,2025
2024,home,18,STILLWATER INSURANCE COMPANY,STILLWATER INSURANCE COMPANY,93094,3.2,3,2025
2024,home,19,USAA CASUALTY INSURANCE COMPANY,USAA CASUALTY INSURANCE COMPANY,255048,3.5,9,2025
2024,home,20,CALIFORNIA CASUALTY INDEMNITY EXCHANGE (THE),CALIFORNIA CASUALTY INDEMNITY EXCHANGE (THE),55653,3.6,2,2025
2024,home,21,AMERICAN NATIONAL PROPERTY AND CASUALTY CO,AMERICAN NATIONAL PROPERTY AND CASUALTY CO,104883,3.8,4,2025
2024,home,22,HOMESITE INSURANCE COMPANY OF CALIFORNIA,HOMESITE INSURANCE COMPANY OF CALIFORNIA,253839,3.9,10,2025
2024,home,23,ALLSTATE INSURANCE COMPANY,ALLSTATE INSURANCE COMPANY,684245,4.5,31,2025
2024,home,24,CSAA INSURANCE EXCHANGE,CSAA INSURANCE EXCHANGE,675433,4.6,31,2025
2024,home,25,AMERICAN BANKERS INSURANCE COMPANY OF FLORIDA,AMERICAN BANKERS INSURANCE COMPANY OF FLORIDA,276054,5.1,14,2025
2024,home,26,QBE INSURANCE CORPORATION,QBE INSURANCE CORPORATION,39420,5.1,2,2025
2024,home,27,RESPONSE INDEMNITY COMPANY OF CALIFORNIA,RESPONSE INDEMNITY COMPANY OF CALIFORNIA,38716,5.2,2,2025
2024,home,28,SAFECO INSURANCE COMPANY OF AMERICA,SAFECO INSURANCE COMPANY OF AMERICA,286202,5.2,15,2025
2024,home,29,STANDARD FIRE INSURANCE COMPANY (THE),STANDARD FIRE INSURANCE COMPANY (THE),302691,5.6,17,2025
2024,home,30,UNIVERSAL NORTH AMERICA INSURANCE COMPANY,UNIVERSAL NORTH AMERICA INSURANCE COMPANY,34784,5.7,2,2025
2024,home,31,CALIFORNIA CAPITAL INSURANCE COMPANY,CALIFORNIA CAPITAL INSURANCE COMPANY,68476,5.8,4,2025
2024,home,32,"FOREMOST INS CO GRAND RAPIDS, MICHIGAN","FOREMOST INS CO GRAND RAPIDS, MICHIGAN",225784,6.2,14,2025
2024,home,33,AMERICAN FAMILY CONNECT P&C INSURANCE COMPANY,AMERICAN FAMILY CONNECT P&C INSURANCE COMPANY,113439,7.1,8,2025
2024,home,34,SAFECO INSURANCE COMPANY OF ILLINOIS,SAFECO INSURANCE COMPANY OF ILLINOIS,56481,7.1,4,2025
2024,home,35,GENERAL INSURANCE COMPANY OF AMERICA,GENERAL INSURANCE COMPANY OF AMERICA,195300,7.2,14,2025
2024,home,36,HOMESITE INSURANCE COMPANY OF THE MIDWEST,HOMESITE INSURANCE COMPANY OF THE MIDWEST,102035,7.8,8,2025
2024,home,37,ZURICH AMERICAN INSURANCE COMPANY,ZURICH AMERICAN INSURANCE COMPANY,45784,8.7,4,2025
2024,home,38,PROPERTY AND CASUALTY INS CO OF HARTFORD,PROPERTY AND CASUALTY INS CO OF HARTFORD,43155,9.3,4,2025
2024,home,39,PACIFIC SPECIALTY INSURANCE COMPANY,PACIFIC SPECIALTY INSURANCE COMPANY,188359,9.6,18,2025
2024,home,40,AMERICAN MODERN PROPERTY AND CASUALTY INS CO,AMERICAN MODERN PROPERTY AND CASUALTY INS CO,111148,9.9,11,2025
2024,home,41,STATE FARM GENERAL INSURANCE COMPANY,STATE FARM GENERAL INSURANCE COMPANY,2139816,11.9,254,2025
2024,home,42,RESIDENCE MUTUAL INSURANCE COMPANY,RESIDENCE MUTUAL INSURANCE COMPANY,48593,18.5,9,2025
2024,home,43,LEMONADE INSURANCE COMPANY,LEMONADE INSURANCE COMPANY,385729,20.7,80,2025
2024,home,44,FIRE INSURANCE EXCHANGE,FIRE INSURANCE EXCHANGE,775464,22.7,176,2025
2024,home,45,AMICA MUTUAL INSURANCE COMPANY,AMICA MUTUAL INSURANCE COMPANY,42839,23.3,10,2025
2024,home,46,LIBERTY INSURANCE CORPORATION,LIBERTY INSURANCE CORPORATION,212616,36.7,78,2025
2024,home,47,ASI SELECT INSURANCE CORP,ASI SELECT INSURANCE CORP,57604,38.2,22,2025
2024,home,48,FARMERS INSURANCE EXCHANGE,FARMERS INSURANCE EXCHANGE,439921,40.2,177,2025
2024,home,49,SPINNAKER INSURANCE COMPANY,SPINNAKER INSURANCE COMPANY,160687,45.4,73,2025
2024,home,50,MID-CENTURY INSURANCE COMPANY,MID-CENTURY INSURANCE COMPANY,186617,51.4,96,2025
2024,life,1,STATE FARM LIFE INSURANCE COMPANY,STATE FARM LIFE INSURANCE COMPANY,666391,0.0,0,2025
2024,life,2,NORTHWESTERN MUTUAL LIFE INSURANCE CO (THE),NORTHWESTERN MUTUAL LIFE INSURANCE CO (THE),368660,0.0,0,2025
2024,life,3,GERBER LIFE INSURANCE COMPANY,GERBER LIFE INSURANCE COMPANY,243436,0.0,0,2025
2024,life,4,LINCOLN HERITAGE LIFE INSURANCE COMPANY,LINCOLN HERITAGE LIFE INSURANCE COMPANY,215616,0.0,0,2025
2024,life,5,PRUCO LIFE INSURANCE COMPANY,PRUCO LIFE INSURANCE COMPANY,160143,0.0,0,2025
2024,life,6,AMERICAN FIDELITY ASSURANCE COMPANY,AMERICAN FIDELITY ASSURANCE COMPANY,116318,0.0,0,2025
2024,life,7,USAA LIFE INSURANCE COMPANY,USAA LIFE INSURANCE COMPANY,111453,0.0,0,2025
2024,life,8,TEXAS LIFE INSURANCE COMPANY,TEXAS LIFE INSURANCE COMPANY,108788,0.0,0,2025
2024,life,9,CMFG LIFE INSURANCE COMPANY,CMFG LIFE INSURANCE COMPANY,75532,0.0,0,2025
2024,life,10,GENWORTH LIFE AND ANNUITY INSURANCE COMPANY,GENWORTH LIFE AND ANNUITY INSURANCE COMPANY,72603,0.0,0,2025
2024,life,11,NEW YORK LIFE INSURANCE AND ANNUITY CORPORATION,NEW YORK LIFE INSURANCE AND ANNUITY CORPORATION,72285,0.0,0,2025
2024,life,12,COLONIAL LIFE & ACCIDENT INSURANCE COMPANY,COLONIAL LIFE & ACCIDENT INSURANCE COMPANY,69342,0.0,0,2025
2024,life,13,PROVIDENT LIFE AND ACCIDENT INSURANCE COMPANY,PROVIDENT LIFE AND ACCIDENT INSURANCE COMPANY,58888,0.0,0,2025
2024,life,14,EQUITABLE FINANCIAL LIFE INSURANCE COMPANY,EQUITABLE FINANCIAL LIFE INSURANCE COMPANY,56744,0.0,0,2025
2024,life,15,NORTH AMERICAN COMPANY FOR LIFE AND HEALTH INS,NORTH AMERICAN COMPANY FOR LIFE AND HEALTH INS,52558,0.0,0,2025
2024,life,16,PRINCIPAL NATIONAL LIFE INSURANCE COMPANY,PRINCIPAL NATIONAL LIFE INSURANCE COMPANY,45452,0.0,0,2025
2024,life,17,EVERLAKE LIFE INSURANCE COMPANY,EVERLAKE LIFE INSURANCE COMPANY,43875,0.0,0,2025
2024,life,18,GUARDIAN LIFE INSURANCE COMPANY OF AMERICA (THE),GUARDIAN LIFE INSURANCE COMPANY OF AMERICA (THE),37870,0.0,0,2025
2024,life,19,NEW YORK LIFE INSURANCE COMPANY,NEW YORK LIFE INSURANCE COMPANY,602147,0.2,1,2025
2024,life,20,PRIMERICA LIFE INSURANCE COMPANY,PRIMERICA LIFE INSURANCE COMPANY,446997,0.2,1,2025
2024,life,21,UNITED OF OMAHA LIFE INSURANCE COMPANY,UNITED OF OMAHA LIFE INSURANCE COMPANY,215874,0.5,1,2025
2024,life,22,AMERICAN NATIONAL INSURANCE COMPANY,AMERICAN NATIONAL INSURANCE COMPANY,165796,0.6,1,2025
2024,life,23,MASSACHUSETTS MUTUAL LIFE INSURANCE COMPANY,MASSACHUSETTS MUTUAL LIFE INSURANCE COMPANY,157738,0.6,1,2025
2024,life,24,GLOBE LIFE AND ACCIDENT INSURANCE COMPANY,GLOBE LIFE AND ACCIDENT INSURANCE COMPANY,277282,0.7,2,2025
2024,life,25,BANNER LIFE INSURANCE COMPANY,BANNER LIFE INSURANCE COMPANY,129598,0.8,1,2025
2024,life,26,FARMERS NEW WORLD LIFE INSURANCE COMPANY,FARMERS NEW WORLD LIFE INSURANCE COMPANY,387730,0.8,3,2025
2024,life,27,FIDELITY & GUARANTY LIFE INSURANCE COMPANY,FIDELITY & GUARANTY LIFE INSURANCE COMPANY,91764,1.1,1,2025
2024,life,28,PACIFIC LIFE INSURANCE COMPANY,PACIFIC LIFE INSURANCE COMPANY,90509,1.1,1,2025
2024,life,29,LINCOLN BENEFIT LIFE COMPANY,LINCOLN BENEFIT LIFE COMPANY,86144,1.2,1,2025
2024,life,30,AMERICAN INCOME LIFE INSURANCE COMPANY,AMERICAN INCOME LIFE INSURANCE COMPANY,342397,1.2,4,2025
2024,life,31,LIFE INSURANCE COMPANY OF THE SOUTHWEST,LIFE INSURANCE COMPANY OF THE SOUTHWEST,274560,1.5,4,2025
2024,life,32,MIDLAND NATIONAL LIFE INSURANCE COMPANY,MIDLAND NATIONAL LIFE INSURANCE COMPANY,62051,1.6,1,2025
2024,life,33,IA AMERICAN LIFE INSURANCE COMPANY,IA AMERICAN LIFE INSURANCE COMPANY,61421,1.6,1,2025
2024,life,34,UNITED INSURANCE COMPANY OF AMERICA,UNITED INSURANCE COMPANY OF AMERICA,116541,1.7,2,2025
2024,life,35,LINCOLN NATIONAL LIFE INSURANCE COMPANY (THE),LINCOLN NATIONAL LIFE INSURANCE COMPANY (THE),163739,1.8,3,2025
2024,life,36,JOHN HANCOCK LIFE INSURANCE COMPANY (U.S.A.),JOHN HANCOCK LIFE INSURANCE COMPANY (U.S.A.),105884,1.9,2,2025
2024,life,37,AMERICAN FAMILY LIFE ASSURANCE CO OF COLUMBUS,AMERICAN FAMILY LIFE ASSURANCE CO OF COLUMBUS,50453,2.0,1,2025
2024,life,38,NATIONWIDE LIFE AND ANNUITY INSURANCE COMPANY,NATIONWIDE LIFE AND ANNUITY INSURANCE COMPANY,99282,2.0,2,2025
2024,life,39,METROPOLITAN LIFE INSURANCE COMPANY,METROPOLITAN LIFE INSURANCE COMPANY,142266,2.1,3,2025
2024,life,40,PROTECTIVE LIFE INSURANCE COMPANY,PROTECTIVE LIFE INSURANCE COMPANY,142188,2.1,3,2025
2024,life,41,PRUDENTIAL INSURANCE COMPANY OF AMERICA (THE),PRUDENTIAL INSURANCE COMPANY OF AMERICA (THE),163925,2.4,4,2025
2024,life,42,AMERICAN GENERAL LIFE INSURANCE COMPANY,AMERICAN GENERAL LIFE INSURANCE COMPANY,439918,2.5,11,2025
2024,life,43,AAA LIFE INSURANCE COMPANY,AAA LIFE INSURANCE COMPANY,273174,2.6,7,2025
2024,life,44,AMERITAS LIFE INSURANCE CORP.,AMERITAS LIFE INSURANCE CORP.,37803,2.6,1,2025
2024,life,45,BRIGHTHOUSE LIFE INSURANCE COMPANY,BRIGHTHOUSE LIFE INSURANCE COMPANY,74851,2.7,2,2025
2024,life,46,RELIASTAR LIFE INSURANCE COMPANY,RELIASTAR LIFE INSURANCE COMPANY,73576,2.7,2,2025
2024,life,47,TRANSAMERICA LIFE INSURANCE COMPANY,TRANSAMERICA LIFE INSURANCE COMPANY,561573,4.3,24,2025
2024,life,48,JACKSON NATIONAL LIFE INSURANCE COMPANY,JACKSON NATIONAL LIFE INSURANCE COMPANY,44445,4.5,2,2025
2024,life,49,BANKERS LIFE AND CASUALTY COMPANY,BANKERS LIFE AND CASUALTY COMPANY,43868,4.6,2,2025
2024,life,50,EVERLAKE ASSURANCE COMPANY,EVERLAKE ASSURANCE COMPANY,37966,5.3,2,2025
