year,jurisdiction,jurisdiction_name,complaints,inquiries
1998,AK,Alaska,438,259
1998,AL,Alabama,252,2632
1998,AR,Arkansas,2516,24353
1998,AZ,Arizona,5619,97292
1998,CA,California,31540,625841
1998,CO,Colorado,8696,59099
1998,CT,Connecticut,10953,50000
1998,DC,Dist. of Columbia,997,7200
1998,DE,Delaware,7125,9445
1998,FL,Florida,37702,299680
1998,GA,Georgia,10611,83109
1998,HI,Hawaii,1522,10500
1998,IA,Iowa,2442,22670
1998,ID,Idaho,1826,14967
1998,IL,Illinois,13812,70000
1998,IN,Indiana,5029,102726
1998,KS,Kansas,5521,1542
1998,KY,Kentucky,6413,25183
1998,LA,Louisiana,4537,5530
1998,MA,Massachusetts,3158,67110
1998,MD,Maryland,22698,3557
1998,ME,Maine,1900,14849
1998,MI,Michigan,4668,761
1998,MN,Minnesota,2213,43430
1998,MO,Missouri,5272,71856
1998,MS,Mississippi,9000,11000
1998,MT,Montana,1948,968
1998,NC,North Carolina,9522,108474
1998,ND,North Dakota,489,12374
1998,NE,Nebraska,2700,6913
1998,NH,New Hampshire,2491,23222
1998,NJ,New Jersey,10619,2287
1998,NM,New Mexico,1876,0
1998,NV,Nevada,2371,68059
1998,NY,New York,57794,600000
1998,OH,Ohio,8389,107036
1998,OK,Oklahoma,6359,55125
1998,OR,Oregon,4489,20311
1998,PA,Pennsylvania,17005,150000
1998,PR,Puerto Rico,0,1508
1998,RI,Rhode Island,839,0
1998,SC,South Carolina,4189,50617
1998,SD,South Dakota,1181,4227
1998,TN,Tennessee,4209,37580
1998,TX,Texas,31006,344244
1998,UT,Utah,1064,35806
1998,VA,Virginia,7994,0
1998,VI,U.S. Virgin Islands,34,0
1998,VT,Vermont,910,278
1998,WA,Washington,7361,100133
1998,WI,Wisconsin,8834,46206
1998,WV,West Virginia,3209,44712
1998,WY,Wyoming,473,3400
1999,AK,Alaska,391,191
1999,AL,Alabama,670,2179
1999,AR,Arkansas,3621,23587
1999,AZ,Arizona,3465,2346
1999,CA,California,46369,530484
1999,CO,Colorado,9036,62245
1999,CT,Connecticut,12119,6698
1999,DC,Dist. of Columbia,634,0
1999,DE,Delaware,6997,8792
1999,FL,Florida,35819,399981
1999,GA,Georgia,11509,68645
1999,HI,Hawaii,1450,10000
1999,IA,Iowa,2641,16724
1999,ID,Idaho,1187,13757
1999,IL,Illinois,14867,3248
1999,IN,Indiana,5136,152459
1999,KS,Kansas,4962,1530
1999,KY,Kentucky,5811,15700
1999,LA,Louisiana,5039,4629
1999,MA,Massachusetts,3951,62187
1999,MD,Maryland,24062,458
1999,ME,Maine,1737,16718
1999,MI,Michigan,4509,512
1999,MN,Minnesota,2113,2832
1999,MO,Missouri,4982,3459
1999,MS,Mississippi,12000,13000
1999,MT,Montana,1821,1052
1999,NC,North Carolina,0,88818
1999,ND,North Dakota,448,11837
1999,NE,Nebraska,2432,16355
1999,NH,New Hampshire,1301,36574
1999,NJ,New Jersey,13698,2163
1999,NM,New Mexico,1923,0
1999,NV,Nevada,4481,39642
1999,NY,New York,70500,600000
1999,OH,Ohio,7432,119276
1999,OK,Oklahoma,6696,50014
1999,OR,Oregon,4994,17560
1999,PA,Pennsylvania,16397,118969
1999,PR,Puerto Rico,2622,0
1999,RI,Rhode Island,823,0
1999,SC,South Carolina,5865,65964
1999,SD,South Dakota,1284,4358
1999,TN,Tennessee,4122,37106
1999,TX,Texas,35067,344002
1999,UT,Utah,1156,47465
1999,VA,Virginia,8470,0
1999,VI,U.S. Virgin Islands,37,0
1999,VT,Vermont,876,487
1999,WA,Washington,8298,147371
1999,WI,Wisconsin,9559,43907
1999,WV,West Virginia,2606,44067
1999,WY,Wyoming,496,3700
2000,AK,Alaska,469,3960
2000,AL,Alabama,11376,7039
2000,AR,Arkansas,3802,24086
2000,AZ,Arizona,3309,2891
2000,CA,California,30611,422364
2000,CO,Colorado,6222,66831
2000,CT,Connecticut,14210,6234
2000,DC,Dist. of Columbia,662,0
2000,DE,Delaware,6295,8011
2000,FL,Florida,38675,326190
2000,GA,Georgia,13319,73949
2000,HI,Hawaii,720,6500
2000,IA,Iowa,2259,20862
2000,ID,Idaho,1290,13357
2000,IL,Illinois,15304,3723
2000,IN,Indiana,5643,187477
2000,KS,Kansas,4951,1232
2000,KY,Kentucky,5206,19828
2000,LA,Louisiana,3083,21463
2000,MA,Massachusetts,2618,50173
2000,MD,Maryland,21859,440
2000,ME,Maine,2199,18856
2000,MI,Michigan,5730,571
2000,MN,Minnesota,1763,3165
2000,MO,Missouri,5066,2491
2000,MS,Mississippi,11600,14000
2000,MT,Montana,2124,916
2000,NC,North Carolina,9471,101666
2000,ND,North Dakota,436,11363
2000,NE,Nebraska,2303,16278
2000,NH,New Hampshire,1434,48485
2000,NJ,New Jersey,11187,2450
2000,NM,New Mexico,1362,11632
2000,NV,Nevada,2460,56755
2000,NY,New York,65000,455000
2000,OH,Ohio,8581,128846
2000,OK,Oklahoma,5818,48116
2000,OR,Oregon,5022,19457
2000,PA,Pennsylvania,17307,109432
2000,RI,Rhode Island,830,0
2000,SC,South Carolina,4495,62439
2000,SD,South Dakota,1491,4567
2000,TN,Tennessee,4058,38192
2000,TX,Texas,34746,343747
2000,UT,Utah,932,42541
2000,VA,Virginia,8047,0
2000,VI,U.S. Virgin Islands,188,0
2000,VT,Vermont,834,419
2000,WA,Washington,7956,124724
2000,WI,Wisconsin,9295,42141
2000,WV,West Virginia,2166,37620
2000,WY,Wyoming,782,3700
2001,AK,Alaska,489,4848
2001,AL,Alabama,14975,12060
2001,AR,Arkansas,4044,31937
2001,AZ,Arizona,3253,3362
2001,CA,California,37100,454205
2001,CO,Colorado,8090,60387
2001,CT,Connecticut,12728,5363
2001,DC,Dist. of Columbia,861,0
2001,DE,Delaware,6298,7988
2001,FL,Florida,37842,302522
2001,GA,Georgia,15725,65836
2001,HI,Hawaii,641,6950
2001,IA,Iowa,2805,16091
2001,ID,Idaho,1651,12599
2001,IL,Illinois,13706,4591
2001,IN,Indiana,6111,156481
2001,KS,Kansas,4849,2187
2001,KY,Kentucky,6791,56648
2001,LA,Louisiana,4996,69972
2001,MA,Massachusetts,2736,33429
2001,MD,Maryland,23710,1291
2001,ME,Maine,2331,18932
2001,MI,Michigan,4937,719
2001,MN,Minnesota,2611,3588
2001,MO,Missouri,5672,2849
2001,MS,Mississippi,13000,15000
2001,MT,Montana,1880,1357
2001,NC,North Carolina,10286,100633
2001,ND,North Dakota,432,14696
2001,NE,Nebraska,2536,16932
2001,NH,New Hampshire,1682,42241
2001,NJ,New Jersey,9341,3270
2001,NM,New Mexico,1426,11658
2001,NV,Nevada,2580,51304
2001,NY,New York,75000,465000
2001,OH,Ohio,9929,168497
2001,OK,Oklahoma,7336,50118
2001,OR,Oregon,4659,17090
2001,PA,Pennsylvania,18946,110612
2001,RI,Rhode Island,753,0
2001,SC,South Carolina,4120,56125
2001,SD,South Dakota,1698,6297
2001,TN,Tennessee,3904,36870
2001,TX,Texas,45091,344428
2001,UT,Utah,1064,47832
2001,VA,Virginia,8172,0
2001,VT,Vermont,841,403
2001,WA,Washington,7051,118143
2001,WI,Wisconsin,9265,40858
2001,WV,West Virginia,3143,36747
2001,WY,Wyoming,821,4260
2002,AK,Alaska,507,6125
2002,AL,Alabama,13982,10835
2002,AR,Arkansas,3874,39723
2002,AZ,Arizona,4061,63761
2002,CA,California,46660,367638
2002,CO,Colorado,7546,78553
2002,CT,Connecticut,13352,86583
2002,DC,Dist. of Columbia,1055,6330
2002,DE,Delaware,6592,8257
2002,FL,Florida,39528,400282
2002,GA,Georgia,20032,65952
2002,HI,Hawaii,1053,7432
2002,IA,Iowa,3010,16617
2002,ID,Idaho,1341,11645
2002,IL,Illinois,13318,25475
2002,IN,Indiana,7385,152013
2002,KS,Kansas,5448,2253
2002,KY,Kentucky,7246,57049
2002,LA,Louisiana,4547,116970
2002,MA,Massachusetts,2964,39311
2002,MD,Maryland,23727,348
2002,ME,Maine,1669,20145
2002,MI,Michigan,5137,1092
2002,MN,Minnesota,3501,2868
2002,MO,Missouri,6214,63992
2002,MS,Mississippi,11000,13000
2002,MT,Montana,2266,1519
2002,NC,North Carolina,11778,105350
2002,ND,North Dakota,429,12872
2002,NE,Nebraska,0,2941
2002,NH,New Hampshire,1004,17104
2002,NJ,New Jersey,11414,44784
2002,NM,New Mexico,2389,8690
2002,NV,Nevada,2875,55812
2002,NY,New York,68000,458000
2002,OH,Ohio,11042,154316
2002,OK,Oklahoma,7182,54389
2002,OR,Oregon,5412,19364
2002,PA,Pennsylvania,23862,108513
2002,RI,Rhode Island,0,731
2002,SC,South Carolina,3723,75287
2002,SD,South Dakota,1632,7351
2002,TN,Tennessee,2864,35667
2002,TX,Texas,51049,621267
2002,UT,Utah,1938,55204
2002,VA,Virginia,7639,1167
2002,VT,Vermont,1245,660
2002,WA,Washington,7630,130240
2002,WI,Wisconsin,9164,39000
2002,WV,West Virginia,2459,27596
2002,WY,Wyoming,855,4320
2004,AK,Alaska,459,7600
2004,AL,Alabama,8011,
2004,AR,Arkansas,3320,38960
2004,AZ,Arizona,2984,64541
2004,CA,California,39737,285562
2004,CO,Colorado,5206,43268
2004,CT,Connecticut,11004,25464
2004,DC,Dist. of Columbia,967,7600
2004,DE,Delaware,7181,3867
2004,FL,Florida,94298,483823
2004,GA,Georgia,17387,66618
2004,HI,Hawaii,661,8000
2004,IA,Iowa,2431,16220
2004,ID,Idaho,1284,10507
2004,IL,Illinois,14180,146268
2004,IN,Indiana,6369,15208
2004,KS,Kansas,5315,7516
2004,KY,Kentucky,5783,398
2004,LA,Louisiana,3807,125840
2004,MA,Massachusetts,2078,34459
2004,MD,Maryland,23272,1181
2004,ME,Maine,1518,15901
2004,MI,Michigan,4771,7055
2004,MN,Minnesota,3051,1329
2004,MO,Missouri,4838,39979
2004,MS,Mississippi,15000,0
2004,MT,Montana,1738,821
2004,NC,North Carolina,11910,76933
2004,ND,North Dakota,311,9669
2004,NE,Nebraska,2122,
2004,NH,New Hampshire,1510,9970
2004,NJ,New Jersey,11406,57039
2004,NM,New Mexico,2464,
2004,NV,Nevada,2303,42598
2004,NY,New York,55097,1726
2004,OH,Ohio,7917,112202
2004,OK,Oklahoma,5744,40588
2004,OR,Oregon,4495,15431
2004,PA,Pennsylvania,21637,128129
2004,PR,Puerto Rico,1004,13072
2004,RI,Rhode Island,705,
2004,SC,South Carolina,3124,60523
2004,SD,South Dakota,1186,38
2004,TN,Tennessee,549,
2004,TX,Texas,30866,984642
2004,UT,Utah,674,46403
2004,VA,Virginia,5896,1349
2004,VT,Vermont,779,349
2004,WA,Washington,5874,98464
2004,WI,Wisconsin,7938,35000
2004,WV,West Virginia,2099,26406
2004,WY,Wyoming,586,
2005,AK,Alaska,395,7000
2005,AL,Alabama,3155,202
2005,AR,Arkansas,3157,34296
2005,AZ,Arizona,2807,57159
2005,CA,California,35823,265555
2005,CO,Colorado,5193,16075
2005,CT,Connecticut,6681,21566
2005,DC,Dist. of Columbia,865,5300
2005,DE,Delaware,8741,1543
2005,FL,Florida,67788,496723
2005,GA,Georgia,18254,58885
2005,HI,Hawaii,893,8219
2005,IA,Iowa,2247,573
2005,ID,Idaho,1045,9448
2005,IL,Illinois,12426,172010
2005,IN,Indiana,5379,54365
2005,KS,Kansas,4709,1703
2005,KY,Kentucky,4895,1010
2005,LA,Louisiana,8242,154043
2005,MA,Massachusetts,2631,27121
2005,MD,Maryland,17701,763
2005,ME,Maine,1239,14731
2005,MI,Michigan,6880,7219
2005,MN,Minnesota,2888,1071
2005,MO,Missouri,3756,35629
2005,MS,Mississippi,20000,0
2005,MT,Montana,1720,787
2005,NC,North Carolina,10264,67508
2005,ND,North Dakota,264,10299
2005,NE,Nebraska,1852,
2005,NH,New Hampshire,1091,12584
2005,NJ,New Jersey,8562,42779
2005,NM,New Mexico,1257,12269
2005,NV,Nevada,2232,40494
2005,NY,New York,54912,1470
2005,OH,Ohio,7042,110861
2005,OK,Oklahoma,4036,33429
2005,OR,Oregon,3488,16755
2005,PA,Pennsylvania,18325,125614
2005,PR,Puerto Rico,1457,11240
2005,RI,Rhode Island,783,
2005,SC,South Carolina,2462,59742
2005,SD,South Dakota,1077,7
2005,TN,Tennessee,3467,
2005,TX,Texas,27773,244492
2005,UT,Utah,648,46539
2005,VA,Virginia,4964,3144
2005,VT,Vermont,703,12446
2005,WA,Washington,5469,112829
2005,WI,Wisconsin,8186,35000
2005,WV,West Virginia,1840,23736
2005,WY,Wyoming,596,
2006,AK,Alaska,339,7400
2006,AL,Alabama,4295,275
2006,AR,Arkansas,2721,27064
2006,AZ,Arizona,2885,69083
2006,CA,California,33054,276419
2006,CO,Colorado,4407,15830
2006,CT,Connecticut,5913,23373
2006,DC,Dist. of Columbia,802,4500
2006,DE,Delaware,9174,1960
2006,FL,Florida,56721,481763
2006,GA,Georgia,13530,62335
2006,HI,Hawaii,684,6162
2006,IA,Iowa,2303,1100
2006,ID,Idaho,973,8308
2006,IL,Illinois,11487,185656
2006,IN,Indiana,4414,57334
2006,KS,Kansas,4857,1696
2006,KY,Kentucky,5202,611
2006,LA,Louisiana,8070,195748
2006,MA,Massachusetts,1873,29333
2006,MD,Maryland,14454,814
2006,ME,Maine,948,13803
2006,MI,Michigan,5530,7661
2006,MN,Minnesota,2803,906
2006,MO,Missouri,4339,39035
2006,MS,Mississippi,15165,0
2006,MT,Montana,2310,600
2006,NC,North Carolina,8245,71185
2006,ND,North Dakota,230,10116
2006,NE,Nebraska,1905,4087
2006,NH,New Hampshire,1188,12004
2006,NJ,New Jersey,7134,37522
2006,NM,New Mexico,1236,10084
2006,NV,Nevada,4249,41360
2006,NY,New York,58526,1619
2006,OH,Ohio,6828,86902
2006,OK,Oklahoma,4386,29447
2006,OR,Oregon,3752,14576
2006,PA,Pennsylvania,18010,125714
2006,PR,Puerto Rico,1172,14684
2006,RI,Rhode Island,703,
2006,SC,South Carolina,2436,61716
2006,SD,South Dakota,1019,19
2006,TN,Tennessee,2945,
2006,TX,Texas,27720,245472
2006,UT,Utah,720,82668
2006,VA,Virginia,4481,2114
2006,VT,Vermont,648,12998
2006,WA,Washington,5831,113342
2006,WI,Wisconsin,8094,35000
2006,WV,West Virginia,2429,30666
2006,WY,Wyoming,514,
2007,AK,Alaska,331,7200
2007,AL,Alabama,4639,4544
2007,AR,Arkansas,3379,28102
2007,AZ,Arizona,3137,52593
2007,CA,California,35280,254337
2007,CO,Colorado,4217,16866
2007,CT,Connecticut,6698,23416
2007,DC,Dist. of Columbia,647,4000
2007,DE,Delaware,3964,4201
2007,FL,Florida,57271,463251
2007,GA,Georgia,10160,51262
2007,HI,Hawaii,491,4920
2007,IA,Iowa,1935,1022
2007,ID,Idaho,926,8425
2007,IL,Illinois,10652,157983
2007,IN,Indiana,5573,76516
2007,KS,Kansas,4581,1549
2007,KY,Kentucky,4475,682
2007,LA,Louisiana,4725,140142
2007,MA,Massachusetts,2290,26669
2007,MD,Maryland,13399,763
2007,ME,Maine,1006,11079
2007,MI,Michigan,4322,7513
2007,MN,Minnesota,2385,1372
2007,MO,Missouri,4661,35896
2007,MS,Mississippi,13500,0
2007,MT,Montana,2310,600
2007,NC,North Carolina,7517,63545
2007,ND,North Dakota,233,23445
2007,NE,Nebraska,1707,4079
2007,NH,New Hampshire,1186,11836
2007,NJ,New Jersey,7464,44522
2007,NM,New Mexico,924,6036
2007,NV,Nevada,2409,37141
2007,NY,New York,53498,1611
2007,OH,Ohio,7140,87184
2007,OK,Oklahoma,4508,27317
2007,OR,Oregon,3861,15481
2007,PA,Pennsylvania,16045,93074
2007,PR,Puerto Rico,1157,14559
2007,RI,Rhode Island,556,
2007,SC,South Carolina,2663,62073
2007,SD,South Dakota,931,22
2007,TN,Tennessee,3325,
2007,TX,Texas,26789,209779
2007,UT,Utah,999,85927
2007,VA,Virginia,4142,1161
2007,VT,Vermont,637,12784
2007,WA,Washington,5623,100658
2007,WI,Wisconsin,8195,35000
2007,WV,West Virginia,2493,29549
2007,WY,Wyoming,488,
2008,AK,Alaska,345,5000
2008,AL,Alabama,5448,4904
2008,AR,Arkansas,2731,23419
2008,AZ,Arizona,3000,58561
2008,CA,California,37513,222405
2008,CO,Colorado,4048,19249
2008,CT,Connecticut,5051,24763
2008,DC,Dist. of Columbia,634,2000
2008,DE,Delaware,1274,5700
2008,FL,Florida,19811,295818
2008,GA,Georgia,10079,54516
2008,HI,Hawaii,730,5058
2008,IA,Iowa,1964,943
2008,ID,Idaho,882,9116
2008,IL,Illinois,10545,161210
2008,IN,Indiana,6012,77741
2008,KS,Kansas,4558,1463
2008,KY,Kentucky,4399,702
2008,LA,Louisiana,4575,125771
2008,MA,Massachusetts,1584,26150
2008,MD,Maryland,13020,786
2008,ME,Maine,999,11319
2008,MI,Michigan,3108,6334
2008,MN,Minnesota,2584,1014
2008,MO,Missouri,4860,34415
2008,MS,Mississippi,13000,0
2008,MT,Montana,1661,400
2008,NC,North Carolina,8230,58582
2008,ND,North Dakota,275,28947
2008,NE,Nebraska,1304,3240
2008,NH,New Hampshire,1297,9355
2008,NJ,New Jersey,7604,43517
2008,NM,New Mexico,611,5346
2008,NV,Nevada,2389,30766
2008,NY,New York,57714,6333
2008,OH,Ohio,6937,79952
2008,OK,Oklahoma,4021,39833
2008,OR,Oregon,3811,13909
2008,PA,Pennsylvania,17402,74587
2008,PR,Puerto Rico,1065,
2008,RI,Rhode Island,569,
2008,SC,South Carolina,2700,66573
2008,SD,South Dakota,900,39
2008,TN,Tennessee,3076,
2008,TX,Texas,29343,220685
2008,UT,Utah,1042,112177
2008,VA,Virginia,4269,829
2008,VT,Vermont,646,10264
2008,WA,Washington,5777,117592
2008,WI,Wisconsin,8811,35000
2008,WV,West Virginia,2632,32769
2008,WY,Wyoming,487,
2009,AK,Alaska,332,3992
2009,AL,Alabama,1146,4646
2009,AR,Arkansas,2864,20513
2009,AZ,Arizona,2471,39742
2009,CA,California,36636,212567
2009,CO,Colorado,4654,23051
2009,CT,Connecticut,5270,29465
2009,DC,Dist. of Columbia,612,398
2009,DE,Delaware,1252,4971
2009,FL,Florida,23211,454251
2009,GA,Georgia,10530,57537
2009,HI,Hawaii,751,4788
2009,IA,Iowa,1830,940
2009,ID,Idaho,844,8582
2009,IL,Illinois,10357,177944
2009,IN,Indiana,4859,71960
2009,KS,Kansas,4522,1561
2009,KY,Kentucky,3736,939
2009,LA,Louisiana,4219,83545
2009,MA,Massachusetts,1705,26664
2009,MD,Maryland,11978,2544
2009,ME,Maine,964,9998
2009,MI,Michigan,4786,6377
2009,MN,Minnesota,2867,35507
2009,MO,Missouri,4767,31115
2009,MP,N. Mariana Islands,12,
2009,MS,Mississippi,1212,9501
2009,MT,Montana,1409,359
2009,NC,North Carolina,8827,62280
2009,ND,North Dakota,264,29521
2009,NE,Nebraska,1599,3000
2009,NH,New Hampshire,1252,9550
2009,NJ,New Jersey,6820,50712
2009,NM,New Mexico,620,5424
2009,NV,Nevada,2522,31639
2009,NY,New York,57754,6829
2009,OH,Ohio,5453,74072
2009,OK,Oklahoma,4291,42620
2009,OR,Oregon,3777,15896
2009,PA,Pennsylvania,17192,77081
2009,PR,Puerto Rico,1016,
2009,RI,Rhode Island,570,
2009,SC,South Carolina,2741,67403
2009,SD,South Dakota,851,50
2009,TN,Tennessee,3577,
2009,TX,Texas,30967,218791
2009,UT,Utah,1397,109351
2009,VA,Virginia,3620,729
2009,VT,Vermont,595,8010
2009,WA,Washington,6202,159641
2009,WI,Wisconsin,8398,35000
2009,WV,West Virginia,2332,31532
2009,WY,Wyoming,439,
2010,AK,Alaska,315,2066
2010,AL,Alabama,2221,3886
2010,AR,Arkansas,2584,23830
2010,AZ,Arizona,2421,38197
2010,CA,California,36226,190460
2010,CO,Colorado,4742,19854
2010,CT,Connecticut,4756,23056
2010,DC,Dist. of Columbia,624,683
2010,DE,Delaware,1047,4375
2010,FL,Florida,21272,285408
2010,GA,Georgia,10048,44296
2010,HI,Hawaii,811,6641
2010,IA,Iowa,1834,1062
2010,ID,Idaho,900,7453
2010,IL,Illinois,9924,160697
2010,IN,Indiana,3696,73528
2010,KS,Kansas,3764,1527
2010,KY,Kentucky,3324,739
2010,LA,Louisiana,3733,55934
2010,MA,Massachusetts,1669,27676
2010,MD,Maryland,13112,1755
2010,ME,Maine,987,9319
2010,MI,Michigan,4660,6177
2010,MN,Minnesota,2392,32395
2010,MO,Missouri,4125,23484
2010,MS,Mississippi,1249,13344
2010,MT,Montana,1545,206
2010,NC,North Carolina,8673,87442
2010,ND,North Dakota,235,23613
2010,NE,Nebraska,1600,10000
2010,NH,New Hampshire,1154,8283
2010,NJ,New Jersey,7232,37323
2010,NM,New Mexico,666,4498
2010,NV,Nevada,2073,29084
2010,NY,New York,52855,10494
2010,OH,Ohio,5152,134414
2010,OK,Oklahoma,5037,36000
2010,OR,Oregon,3565,18059
2010,PA,Pennsylvania,16672,72884
2010,PR,Puerto Rico,1014,
2010,RI,Rhode Island,534,
2010,SC,South Carolina,2677,61809
2010,SD,South Dakota,831,33
2010,TN,Tennessee,2973,
2010,TX,Texas,26136,187210
2010,UT,Utah,1207,95913
2010,VA,Virginia,3764,638
2010,VT,Vermont,316,2810
2010,WA,Washington,5906,198003
2010,WI,Wisconsin,7399,35000
2010,WV,West Virginia,2417,30354
2010,WY,Wyoming,386,
2011,AK,Alaska,280,2366
2011,AL,Alabama,2152,3958
2011,AR,Arkansas,2391,18705
2011,AZ,Arizona,2770,40339
2011,CA,California,34219,181144
2011,CO,Colorado,4012,16346
2011,CT,Connecticut,4569,25712
2011,DC,Dist. of Columbia,672,158
2011,DE,Delaware,1048,4342
2011,FL,Florida,20972,288262
2011,GA,Georgia,8243,34736
2011,HI,Hawaii,519,6515
2011,IA,Iowa,1762,996
2011,ID,Idaho,863,7225
2011,IL,Illinois,9171,233005
2011,IN,Indiana,3828,83050
2011,KS,Kansas,3303,2115
2011,KY,Kentucky,3824,411
2011,LA,Louisiana,3453,13208
2011,MA,Massachusetts,1637,30976
2011,MD,Maryland,11286,579
2011,ME,Maine,888,8901
2011,MI,Michigan,5441,6450
2011,MN,Minnesota,2538,28895
2011,MO,Missouri,3839,23120
2011,MP,N. Mariana Islands,0,12
2011,MS,Mississippi,1130,15126
2011,MT,Montana,1517,137
2011,NC,North Carolina,9437,76114
2011,ND,North Dakota,214,19878
2011,NE,Nebraska,1400,9700
2011,NH,New Hampshire,1092,6644
2011,NJ,New Jersey,8815,40690
2011,NM,New Mexico,741,3987
2011,NV,Nevada,1908,23752
2011,NY,New York,43656,39032
2011,OH,Ohio,5336,144488
2011,OK,Oklahoma,3336,33470
2011,OR,Oregon,3400,15628
2011,PA,Pennsylvania,14651,74032
2011,PR,Puerto Rico,1041,0
2011,RI,Rhode Island,476,0
2011,SC,South Carolina,2650,61500
2011,SD,South Dakota,730,36
2011,TN,Tennessee,4234,0
2011,TX,Texas,24885,171336
2011,UT,Utah,628,91350
2011,VA,Virginia,3568,716
2011,VT,Vermont,577,3254
2011,WA,Washington,5486,158577
2011,WI,Wisconsin,6244,35000
2011,WV,West Virginia,1968,26827
2011,WY,Wyoming,480,0
2012,AK,Alaska,264,3517
2012,AL,Alabama,2296,4366
2012,AR,Arkansas,1954,19605
2012,AZ,Arizona,2152,42280
2012,CA,California,34554,169775
2012,CO,Colorado,3995,15003
2012,CT,Connecticut,4569,25712
2012,DC,Dist. of Columbia,671,247
2012,DE,Delaware,971,6625
2012,FL,Florida,19038,315920
2012,GA,Georgia,8052,49551
2012,HI,Hawaii,514,6225
2012,IA,Iowa,1662,1124
2012,ID,Idaho,780,7107
2012,IL,Illinois,9365,346143
2012,IN,Indiana,3551,110207
2012,KS,Kansas,3086,2717
2012,KY,Kentucky,3907,308
2012,LA,Louisiana,3074,4927
2012,MA,Massachusetts,1286,25957
2012,MD,Maryland,11372,514
2012,ME,Maine,851,8718
2012,MI,Michigan,5207,6411
2012,MN,Minnesota,2576,28764
2012,MO,Missouri,3807,9240
2012,MS,Mississippi,1036,14655
2012,MT,Montana,1399,112
2012,NC,North Carolina,9679,198924
2012,ND,North Dakota,205,20021
2012,NE,Nebraska,1200,10000
2012,NH,New Hampshire,815,6213
2012,NJ,New Jersey,7109,39283
2012,NM,New Mexico,698,3021
2012,NV,Nevada,1922,24752
2012,NY,New York,37273,45215
2012,OH,Ohio,5503,84896
2012,OK,Oklahoma,3692,31407
2012,OR,Oregon,3208,16508
2012,PA,Pennsylvania,14105,64378
2012,PR,Puerto Rico,827,0
2012,RI,Rhode Island,396,690
2012,SC,South Carolina,2341,58971
2012,SD,South Dakota,654,40
2012,TN,Tennessee,4139,0
2012,TX,Texas,25944,169440
2012,UT,Utah,1178,93944
2012,VA,Virginia,3562,681
2012,VT,Vermont,469,2867
2012,WA,Washington,5459,145657
2012,WI,Wisconsin,6121,35000
2012,WV,West Virginia,2098,22761
2012,WY,Wyoming,393,0
2013,AK,Alaska,245,3252
2013,AL,Alabama,2166,4330
2013,AR,Arkansas,1933,27846
2013,AZ,Arizona,1821,30669
2013,CA,California,36559,167448
2013,CO,Colorado,2858,14970
2013,CT,Connecticut,4156,24448
2013,DC,Dist. of Columbia,640,700
2013,DE,Delaware,1035,5523
2013,FL,Florida,19821,343393
2013,GA,Georgia,9166,181328
2013,HI,Hawaii,643,6503
2013,IA,Iowa,1581,603
2013,ID,Idaho,769,6988
2013,IL,Illinois,8339,62498
2013,IN,Indiana,3514,38304
2013,KS,Kansas,2744,2843
2013,KY,Kentucky,3667,297
2013,LA,Louisiana,2831,
2013,MA,Massachusetts,1233,19410
2013,MD,Maryland,11933,517
2013,ME,Maine,781,8999
2013,MI,Michigan,4212,6662
2013,MN,Minnesota,3034,26289
2013,MO,Missouri,3739,9010
2013,MS,Mississippi,1092,16972
2013,MT,Montana,1068,216
2013,NC,North Carolina,9885,188640
2013,ND,North Dakota,195,25153
2013,NE,Nebraska,1263,10500
2013,NH,New Hampshire,946,6309
2013,NJ,New Jersey,7835,31820
2013,NM,New Mexico,761,5424
2013,NV,Nevada,2375,21000
2013,NY,New York,37842,67205
2013,OH,Ohio,5397,77054
2013,OK,Oklahoma,4632,28856
2013,OR,Oregon,2879,15694
2013,PA,Pennsylvania,14119,52740
2013,PR,Puerto Rico,768,
2013,RI,Rhode Island,369,2035
2013,SC,South Carolina,2676,59369
2013,SD,South Dakota,784,43
2013,TN,Tennessee,3376,
2013,TX,Texas,24006,176869
2013,UT,Utah,886,103321
2013,VA,Virginia,3630,20995
2013,VT,Vermont,448,3702
2013,WA,Washington,5040,113600
2013,WI,Wisconsin,4165,25000
2013,WV,West Virginia,1494,25954
2013,WY,Wyoming,360,
2014,AK,Alaska,245,3252
2014,AL,Alabama,2378,3342
2014,AR,Arkansas,2432,17495
2014,AZ,Arizona,2173,18283
2014,CA,California,37807,175684
2014,CO,Colorado,3272,17340
2014,CT,Connecticut,4724,25326
2014,DC,Dist. of Columbia,741,800
2014,DE,Delaware,933,3387
2014,FL,Florida,17056,332568
2014,GA,Georgia,9718,156946
2014,HI,Hawaii,567,6263
2014,IA,Iowa,1575,319
2014,ID,Idaho,808,6594
2014,IL,Illinois,9941,59946
2014,IN,Indiana,3769,44859
2014,KS,Kansas,3074,2081
2014,KY,Kentucky,4090,336
2014,LA,Louisiana,2999,
2014,MA,Massachusetts,892,18083
2014,MD,Maryland,13619,641
2014,ME,Maine,882,8087
2014,MI,Michigan,4793,7186
2014,MN,Minnesota,5451,18125
2014,MO,Missouri,4191,9331
2014,MS,Mississippi,1057,15832
2014,MT,Montana,1332,288
2014,NC,North Carolina,8393,160150
2014,ND,North Dakota,173,23528
2014,NE,Nebraska,1520,9517
2014,NH,New Hampshire,1175,6053
2014,NJ,New Jersey,7340,23891
2014,NM,New Mexico,1143,12037
2014,NV,Nevada,2882,12967
2014,NY,New York,36708,57383
2014,OH,Ohio,6450,111731
2014,OK,Oklahoma,4636,26318
2014,OR,Oregon,3522,17938
2014,PA,Pennsylvania,12438,54906
2014,PR,Puerto Rico,983,
2014,RI,Rhode Island,345,1787
2014,SC,South Carolina,3305,52623
2014,SD,South Dakota,720,41
2014,TN,Tennessee,3187,
2014,TX,Texas,27022,171099
2014,UT,Utah,688,55777
2014,VA,Virginia,4033,24540
2014,VT,Vermont,460,2958
2014,WA,Washington,6135,115643
2014,WI,Wisconsin,3809,20000
2014,WV,West Virginia,2014,21827
2014,WY,Wyoming,380,2545
2015,AK,Alaska,259,735
2015,AL,Alabama,2054,2565
2015,AR,Arkansas,2455,17227
2015,AZ,Arizona,1921,18656
2015,CA,California,37221,155049
2015,CO,Colorado,3399,14310
2015,CT,Connecticut,4570,21945
2015,DC,Dist. of Columbia,739,850
2015,DE,Delaware,689,3509
2015,FL,Florida,16879,320234
2015,GA,Georgia,11411,132468
2015,HI,Hawaii,510,5722
2015,IA,Iowa,1605,4802
2015,ID,Idaho,921,6219
2015,IL,Illinois,11618,86937
2015,IN,Indiana,3727,48808
2015,KS,Kansas,3030,1169
2015,KY,Kentucky,4357,506
2015,LA,Louisiana,3667,
2015,MA,Massachusetts,832,21782
2015,MD,Maryland,30889,799
2015,ME,Maine,808,6414
2015,MI,Michigan,4205,7315
2015,MN,Minnesota,3265,20314
2015,MO,Missouri,4180,7806
2015,MS,Mississippi,1337,14786
2015,MT,Montana,1436,332
2015,NC,North Carolina,10203,210637
2015,ND,North Dakota,150,25235
2015,NE,Nebraska,1465,10000
2015,NH,New Hampshire,956,4303
2015,NJ,New Jersey,6678,24129
2015,NM,New Mexico,1170,13050
2015,NV,Nevada,3227,14332
2015,NY,New York,40491,35389
2015,OH,Ohio,6149,129175
2015,OK,Oklahoma,3238,26082
2015,OR,Oregon,3653,20847
2015,PA,Pennsylvania,12329,46993
2015,PR,Puerto Rico,896,
2015,RI,Rhode Island,330,1339
2015,SC,South Carolina,3471,11331
2015,SD,South Dakota,624,54
2015,TN,Tennessee,2699,
2015,TX,Texas,26461,146958
2015,UT,Utah,896,63729
2015,VA,Virginia,3913,21247
2015,VT,Vermont,434,3299
2015,WA,Washington,6130,106415
2015,WI,Wisconsin,3544,18000
2015,WV,West Virginia,2138,22106
2015,WY,Wyoming,396,2148
2016,AK,Alaska,271,1963
2016,AL,Alabama,2608,2417
2016,AR,Arkansas,2473,14020
2016,AZ,Arizona,2431,15585
2016,CA,California,42878,152153
2016,CO,Colorado,4098,12630
2016,CT,Connecticut,5846,19741
2016,DC,Dist. of Columbia,672,870
2016,DE,Delaware,927,3610
2016,FL,Florida,16253,306461
2016,GA,Georgia,12027,140847
2016,HI,Hawaii,597,5877
2016,IA,Iowa,1814,439
2016,ID,Idaho,992,6004
2016,IL,Illinois,11068,104845
2016,IN,Indiana,4171,51969
2016,KS,Kansas,3139,825
2016,KY,Kentucky,5306,370
2016,LA,Louisiana,4369,
2016,MA,Massachusetts,1855,17101
2016,MD,Maryland,14151,868
2016,ME,Maine,790,6007
2016,MI,Michigan,4394,16442
2016,MN,Minnesota,3306,21104
2016,MO,Missouri,3904,4080
2016,MP,N. Mariana Islands,0,0
2016,MS,Mississippi,1316,16345
2016,MT,Montana,1278,439
2016,NC,North Carolina,14283,274354
2016,ND,North Dakota,130,21091
2016,NE,Nebraska,1576,8025
2016,NH,New Hampshire,987,5365
2016,NJ,New Jersey,7095,22868
2016,NM,New Mexico,1346,14150
2016,NV,Nevada,3976,14197
2016,NY,New York,40951,34288
2016,OH,Ohio,6805,98733
2016,OK,Oklahoma,3208,24526
2016,OR,Oregon,3963,17908
2016,PA,Pennsylvania,12654,40229
2016,PR,Puerto Rico,855,
2016,RI,Rhode Island,411,195
2016,SC,South Carolina,3518,10577
2016,SD,South Dakota,641,
2016,TN,Tennessee,3985,
2016,TX,Texas,26122,155971
2016,UT,Utah,883,49525
2016,VA,Virginia,4174,20649
2016,VT,Vermont,444,3645
2016,WA,Washington,7915,99293
2016,WI,Wisconsin,4129,17100
2016,WV,West Virginia,2021,21093
2016,WY,Wyoming,414,1959
2017,AK,Alaska,197,1648
2017,AL,Alabama,2154,2161
2017,AR,Arkansas,2193,12809
2017,AZ,Arizona,2472,17359
2017,CA,California,42878,152153
2017,CO,Colorado,4836,10514
2017,CT,Connecticut,4627,20462
2017,DC,Dist. of Columbia,681,801
2017,DE,Delaware,778,3799
2017,FL,Florida,19060,296677
2017,GA,Georgia,12218,112521
2017,HI,Hawaii,576,5111
2017,IA,Iowa,1584,498
2017,ID,Idaho,885,6719
2017,IL,Illinois,8994,92060
2017,IN,Indiana,3834,81472
2017,KS,Kansas,2955,884
2017,KY,Kentucky,4919,340
2017,LA,Louisiana,3479,225
2017,MA,Massachusetts,1684,13293
2017,MD,Maryland,12178,668
2017,ME,Maine,776,5728
2017,MI,Michigan,4507,13938
2017,MN,Minnesota,3244,13440
2017,MO,Missouri,3574,2753
2017,MP,N. Mariana Islands,0,0
2017,MS,Mississippi,1342,14723
2017,MT,Montana,1148,312
2017,NC,North Carolina,10681,195905
2017,ND,North Dakota,148,3280
2017,NE,Nebraska,1436,9108
2017,NH,New Hampshire,972,5103
2017,NJ,New Jersey,6729,23669
2017,NM,New Mexico,1504,14150
2017,NV,Nevada,3256,11160
2017,NY,New York,39641,35926
2017,OH,Ohio,5875,97287
2017,OK,Oklahoma,4558,21873
2017,OR,Oregon,3843,14805
2017,PA,Pennsylvania,10821,38773
2017,PR,Puerto Rico,796,
2017,RI,Rhode Island,346,523
2017,SC,South Carolina,3496,8327
2017,SD,South Dakota,530,
2017,TN,Tennessee,4420,
2017,TX,Texas,24566,148624
2017,UT,Utah,1246,52737
2017,VA,Virginia,4002,18397
2017,VT,Vermont,489,3510
2017,WA,Washington,7705,97263
2017,WI,Wisconsin,3568,20165
2017,WV,West Virginia,2006,21873
2017,WY,Wyoming,406,1791
2018,AK,Alaska,256,1696
2018,AL,Alabama,1701,2084
2018,AR,Arkansas,2395,17627
2018,AZ,Arizona,2290,14996
2018,CA,California,45532,152309
2018,CO,Colorado,4130,10690
2018,CT,Connecticut,4758,19067
2018,DC,Dist. of Columbia,829,1095
2018,DE,Delaware,745,3800
2018,FL,Florida,22300,297456
2018,GA,Georgia,9139,706
2018,HI,Hawaii,608,5520
2018,IA,Iowa,1492,833
2018,ID,Idaho,887,6872
2018,IL,Illinois,8232,84952
2018,IN,Indiana,3673,53334
2018,KS,Kansas,2702,1052
2018,KY,Kentucky,5475,288
2018,LA,Louisiana,3241,196
2018,MA,Massachusetts,1986,14374
2018,MD,Maryland,11981,721
2018,ME,Maine,658,4986
2018,MI,Michigan,4446,12670
2018,MN,Minnesota,3464,11748
2018,MO,Missouri,3228,2297
2018,MP,N.Mariana Islands,1,0
2018,MS,Mississippi,1042,12366
2018,MT,Montana,1009,295
2018,NC,North Carolina,10861,144849
2018,ND,North Dakota,147,2913
2018,NE,Nebraska,1704,8678
2018,NH,New Hampshire,974,4810
2018,NJ,New Jersey,5853,26052
2018,NM,New Mexico,1546,15515
2018,NV,Nevada,3168,12175
2018,NY,New York,36794,34189
2018,OH,Ohio,5933,276956
2018,OK,Oklahoma,2556,18809
2018,OR,Oregon,3883,12440
2018,PA,Pennsylvania,9365,38768
2018,PR,Puerto Rico,2654,2088
2018,RI,Rhode Island,338,166
2018,SC,South Carolina,3378,9422
2018,SD,South Dakota,565,
2018,TN,Tennessee,3487,
2018,TX,Texas,27735,137617
2018,UT,Utah,1508,11492
2018,VA,Virginia,4241,11311
2018,VT,Vermont,428,3286
2018,WA,Washington,6779,83129
2018,WI,Wisconsin,3205,20776
2018,WV,West Virginia,1942,21484
2018,WY,Wyoming,397,1657
2019,AK,Alaska,241,1539
2019,AL,Alabama,1562,1465
2019,AR,Arkansas,2264,18221
2019,AZ,Arizona,2170,13323
2019,CA,California,46021,158685
2019,CO,Colorado,4081,10581
2019,CT,Connecticut,4748,18892
2019,DC,Dist. of Columbia,672,1001
2019,DE,Delaware,671,3987
2019,FL,Florida,19846,163157
2019,GA,Georgia,10429,64921
2019,HI,Hawaii,633,5757
2019,IA,Iowa,1468,818
2019,ID,Idaho,861,6338
2019,IL,Illinois,7585,81444
2019,IN,Indiana,3331,74628
2019,KS,Kansas,2649,879
2019,KY,Kentucky,3251,994
2019,LA,Louisiana,3201,17
2019,MA,Massachusetts,2321,11928
2019,MD,Maryland,10896,665
2019,ME,Maine,626,5436
2019,MI,Michigan,4974,13047
2019,MN,Minnesota,3597,11065
2019,MO,Missouri,3238,2007
2019,MS,Mississippi,1127,12923
2019,MT,Montana,945,263
2019,NC,North Carolina,10621,143763
2019,ND,North Dakota,153,702
2019,NE,Nebraska,1371,6396
2019,NH,New Hampshire,873,4546
2019,NJ,New Jersey,5149,21233
2019,NM,New Mexico,1910,16000
2019,NV,Nevada,3170,10679
2019,NY,New York,38557,31127
2019,OH,Ohio,5614,262373
2019,OK,Oklahoma,2637,20353
2019,OR,Oregon,3910,12527
2019,PA,Pennsylvania,8642,31329
2019,RI,Rhode Island,383,226
2019,SC,South Carolina,3405,8466
2019,SD,South Dakota,540,0
2019,TN,Tennessee,3568,0
2019,TX,Texas,19625,156238
2019,UT,Utah,1188,12205
2019,VA,Virginia,4809,16851
2019,VT,Vermont,375,3052
2019,WA,Washington,5697,87932
2019,WI,Wisconsin,2920,18119
2019,WV,West Virginia,1865,12732
2019,WY,Wyoming,454,908
2020,AK,Alaska,251,1259
2020,AL,Alabama,1323,2613
2020,AR,Arkansas,2033,9310
2020,AS,American Samoa,0,0
2020,AZ,Arizona,1772,13408
2020,CA,California,44535,168626
2020,CO,Colorado,3761,10716
2020,CT,Connecticut,4372,13781
2020,DC,Dist. of Columbia,567,785
2020,DE,Delaware,584,3050
2020,FL,Florida,18533,176754
2020,GA,Georgia,8206,73319
2020,GU,Guam,0,0
2020,HI,Hawaii,622,3683
2020,IA,Iowa,1469,413
2020,ID,Idaho,758,5904
2020,IL,Illinois,9225,22889
2020,IN,Indiana,2770,63600
2020,KS,Kansas,2190,875
2020,KY,Kentucky,2728,849
2020,LA,Louisiana,3619,25
2020,MA,Massachusetts,2005,5000
2020,MD,Maryland,8609,674
2020,ME,Maine,450,4820
2020,MI,Michigan,5035,18586
2020,MN,Minnesota,4500,11938
2020,MO,Missouri,2952,2424
2020,MP,N. Mariana Islands,0,0
2020,MS,Mississippi,1050,11888
2020,MT,Montana,1292,377
2020,NC,North Carolina,10404,150862
2020,ND,North Dakota,64,578
2020,NE,Nebraska,1162,9481
2020,NH,New Hampshire,744,3961
2020,NJ,New Jersey,4080,19430
2020,NM,New Mexico,772,15786
2020,NV,Nevada,2302,9829
2020,NY,New York,38758,31953
2020,OH,Ohio,5315,96922
2020,OK,Oklahoma,2823,18909
2020,OR,Oregon,3036,11964
2020,PA,Pennsylvania,7699,29765
2020,PR,Puerto Rico,0,0
2020,RI,Rhode Island,427,214
2020,SC,South Carolina,2603,8801
2020,SD,South Dakota,413,0
2020,TN,Tennessee,2347,0
2020,TX,Texas,12453,139291
2020,UT,Utah,1204,10314
2020,VA,Virginia,3528,8894
2020,VI,U.S. Virgin Islands,0,0
2020,VT,Vermont,290,2366
2020,WA,Washington,6678,90165
2020,WI,Wisconsin,2602,18363
2020,WV,West Virginia,1541,15495
2020,WY,Wyoming,444,1449
2021,AK,Alaska,204,1114
2021,AL,Alabama,1443,3851
2021,AR,Arkansas,1597,5793
2021,AS,American Samoa,0,0
2021,AZ,Arizona,2955,13160
2021,CA,California,44987,168032
2021,CO,Colorado,3022,11750
2021,CT,Connecticut,4580,13092
2021,DC,Dist. of Columbia,531,520
2021,DE,Delaware,629,2568
2021,FL,Florida,25182,202685
2021,GA,Georgia,7544,67688
2021,GU,Guam,4,0
2021,HI,Hawaii,547,3922
2021,IA,Iowa,1392,3982
2021,ID,Idaho,772,4973
2021,IL,Illinois,9650,2279
2021,IN,Indiana,2935,63236
2021,KS,Kansas,2157,873
2021,KY,Kentucky,1777,935
2021,LA,Louisiana,7587,11
2021,MA,Massachusetts,1800,5000
2021,MD,Maryland,8088,685
2021,ME,Maine,435,4642
2021,MI,Michigan,5015,18353
2021,MN,Minnesota,3086,10142
2021,MO,Missouri,2579,2518
2021,MP,N. Mariana Islands,0,0
2021,MS,Mississippi,1006,7413
2021,MT,Montana,1013,277
2021,NC,North Carolina,10454,178889
2021,ND,North Dakota,54,487
2021,NE,Nebraska,1105,9437
2021,NH,New Hampshire,850,3744
2021,NJ,New Jersey,4080,19430
2021,NM,New Mexico,1799,17990
2021,NV,Nevada,2471,11346
2021,NY,New York,36647,42606
2021,OH,Ohio,5428,237765
2021,OK,Oklahoma,2315,18000
2021,OR,Oregon,3005,11337
2021,PA,Pennsylvania,8986,28226
2021,PR,Puerto Rico,545,0
2021,RI,Rhode Island,260,865
2021,SC,South Carolina,2792,8593
2021,SD,South Dakota,448,1343
2021,TN,Tennessee,2845,0
2021,TX,Texas,16080,135976
2021,UT,Utah,1168,9258
2021,VA,Virginia,3155,11572
2021,VI,U.S. Virgin Islands,0,0
2021,VT,Vermont,299,2611
2021,WA,Washington,7661,119808
2021,WI,Wisconsin,2141,18990
2021,WV,West Virginia,1843,19892
2021,WY,Wyoming,397,1203
2022,AK,Alaska,242,1023
2022,AL,Alabama,1647,4211
2022,AR,Arkansas,0,0
2022,AZ,Arizona,3762,12796
2022,CA,California,44497,163914
2022,CO,Colorado,3694,12513
2022,CT,Connecticut,3941,12993
2022,DC,Dist. of Columbia,767,524
2022,DE,Delaware,737,2686
2022,FL,Florida,22751,180091
2022,GA,Georgia,9290,78924
2022,GU,Guam,3,0
2022,HI,Hawaii,607,2476
2022,IA,Iowa,1566,3433
2022,ID,Idaho,868,5673
2022,IL,Illinois,12313,3025
2022,IN,Indiana,3351,70508
2022,KS,Kansas,2782,642
2022,KY,Kentucky,2125,1117
2022,LA,Louisiana,5736,5
2022,MA,Massachusetts,2079,5623
2022,MD,Maryland,9877,854
2022,ME,Maine,499,4313
2022,MI,Michigan,7633,19052
2022,MN,Minnesota,4368,34131
2022,MO,Missouri,2706,2853
2022,MS,Mississippi,1197,7044
2022,MT,Montana,1156,267
2022,NC,North Carolina,12072,224020
2022,ND,North Dakota,112,389
2022,NE,Nebraska,1379,9346
2022,NH,New Hampshire,929,4310
2022,NJ,New Jersey,4899,18621
2022,NM,New Mexico,1879,19701
2022,NV,Nevada,3014,13927
2022,NY,New York,40731,43734
2022,OH,Ohio,7270,177019
2022,OK,Oklahoma,2467,18003
2022,OR,Oregon,3477,11828
2022,PA,Pennsylvania,10616,34059
2022,PR,Puerto Rico,526,0
2022,RI,Rhode Island,341,1109
2022,SC,South Carolina,4187,7828
2022,SD,South Dakota,458,1549
2022,TN,Tennessee,3239,0
2022,TX,Texas,15564,132206
2022,UT,Utah,1311,9645
2022,VA,Virginia,3795,17076
2022,VT,Vermont,353,2187
2022,WA,Washington,8603,98637
2022,WI,Wisconsin,2474,19879
2022,WV,West Virginia,2280,19208
2022,WY,Wyoming,397,1203
