state,year,line,company_id,company_name_raw,complaints,written_premium,complaint_ratio_per_million
MI,2022,accident_health,0021107,AAA LIFE INSURANCE COMPANY,1,2787969,0.36
MI,2022,accident_health,0001533,AETNA HEALTH AND LIFE INSURANCE COMPANY,5,8099139,0.62
MI,2022,accident_health,0001049,AETNA LIFE INSURANCE COMPANY,22,630327016,0.03
MI,2022,accident_health,0002174,ALLIANCE HEALTH AND LIFE INSURANCE COMPANY,8,359337226,0.02
MI,2022,accident_health,0083731,AMERICAN CONTINENTAL INSURANCE COMPANY,1,19437758,0.05
MI,2022,accident_health,0112481,AMERICAN FAMILY LIFE ASSURANCE COMPANY OF COLUMBUS,11,125542308,0.09
MI,2022,accident_health,0001069,AMERICAN HEALTH AND LIFE INSURANCE COMPANY,1,2975426,0.34
MI,2022,accident_health,0001097,AMERITAS LIFE INSURANCE CORP,12,22827936,0.53
MI,2022,accident_health,0001092,AUTO-OWNERS LIFE INSURANCE COMPANY,1,5090630,0.2
MI,2022,accident_health,0000799,AXIS INSURANCE COMPANY,1,1505629,0.66
MI,2022,accident_health,0016847,BANKERS FIDELITY LIFE INSURANCE COMPANY,1,6896286,0.15
MI,2022,accident_health,0100875,BLUE CROSS BLUE SHIELD OF MICHIGAN MUTUAL INSURANCE COMPANY,494,10132205582,0.05
MI,2022,accident_health,0000027,CHEROKEE INSURANCE COMPANY,2,68613324,0.03
MI,2022,accident_health,0001336,CIGNA HEALTH AND LIFE INSURANCE COMPANY,23,211440123,0.11
MI,2022,accident_health,0016146,CITIZENS SECURITY LIFE INSURANCE COMPANY,1,2322610,0.43
MI,2022,accident_health,0001150,CMFG LIFE INSURANCE COMPANY,2,32867577,0.06
MI,2022,accident_health,0001127,COLONIAL LIFE & ACCIDENT INSURANCE COMPANY,1,18512281,0.05
MI,2022,accident_health,0001131,COMBINED INSURANCE COMPANY OF AMERICA,7,15661893,0.45
MI,2022,accident_health,0001522,COMPANION LIFE INSURANCE COMPANY,1,35932836,0.03
MI,2022,accident_health,0079172,CONTINENTAL AMERICAN INSURANCE COMPANY,8,18975940,0.42
MI,2022,accident_health,0000286,CONTINENTAL CASUALTY COMPANY,5,13495938,0.37
MI,2022,accident_health,0020718,"CONTINENTAL LIFE INSURANCE COMPANY OF BRENTWOOD, TENNESSEE",5,40679644,0.12
MI,2022,accident_health,0001469,DEARBORN LIFE INSURANCE COMPANY,1,16310583,0.06
MI,2022,accident_health,0000962,"DELTA DENTAL PLAN OF MICHIGAN, INC.",27,747667223,0.04
MI,2022,accident_health,0068671,DENTEGRA INSURANCE COMPANY,2,17611113,0.11
MI,2022,accident_health,0000277,FEDERAL INSURANCE COMPANY,1,1732721,0.58
MI,2022,accident_health,0001139,FREEDOM LIFE INSURANCE COMPANY OF AMERICA,4,25798122,0.16
MI,2022,accident_health,0001431,GENWORTH LIFE INSURANCE COMPANY,6,49633925,0.12
MI,2022,accident_health,0001463,GERBER LIFE INSURANCE COMPANY,1,7383391,0.14
MI,2022,accident_health,0001666,GLOBE LIFE AND ACCIDENT INSURANCE COMPANY,1,1364975,0.73
MI,2022,accident_health,0001136,GOLDEN RULE INSURANCE COMPANY,9,52449437,0.17
MI,2022,accident_health,0001206,"GUARDIAN LIFE INSURANCE COMPANY OF AMERICA, THE",76,85408816,0.89
MI,2022,accident_health,0001460,HARTFORD LIFE AND ACCIDENT INSURANCE COMPANY,5,64285361,0.08
MI,2022,accident_health,0001494,HUMANA INSURANCE COMPANY,5,853406095,0.01
MI,2022,accident_health,0001452,HUMANADENTAL INSURANCE COMPANY,4,876622812,0.0
MI,2022,accident_health,0001219,ILLINOIS MUTUAL LIFE INSURANCE COMPANY,1,2555530,0.39
MI,2022,accident_health,0001268,JOHN HANCOCK LIFE INSURANCE COMPANY (U.S.A.),3,41552746,0.07
MI,2022,accident_health,0001308,LIBERTY UNION LIFE ASSURANCE COMPANY,1,9113685,0.11
MI,2022,accident_health,0001252,LIFE INSURANCE COMPANY OF NORTH AMERICA,1,82737972,0.01
MI,2022,accident_health,0001521,LIFESECURE INSURANCE COMPANY,1,9368795,0.11
MI,2022,accident_health,0001257,LINCOLN BENEFIT LIFE COMPANY,1,1140877,0.88
MI,2022,accident_health,0001260,"LINCOLN NATIONAL LIFE INSURANCE COMPANY, THE",10,83121066,0.12
MI,2022,accident_health,0001271,MANHATTAN LIFE INSURANCE COMPANY,1,3894241,0.26
MI,2022,accident_health,0001275,MASSACHUSETTS MUTUAL LIFE INSURANCE COMPANY,3,14097007,0.21
MI,2022,accident_health,0078309,MEDICO CORP LIFE INSURANCE COMPANY,1,8480504,0.12
MI,2022,accident_health,0000668,MEDICO INSURANCE COMPANY,2,6855447,0.29
MI,2022,accident_health,0001278,METROPOLITAN LIFE INSURANCE COMPANY,11,186992476,0.06
MI,2022,accident_health,0001287,MINNESOTA LIFE INSURANCE COMPANY,1,18274326,0.05
MI,2022,accident_health,0001476,MUTUAL OF OMAHA INSURANCE COMPANY,1,18967922,0.05
MI,2022,accident_health,0001584,NATIONAL HEALTH INSURANCE COMPANY,2,6967836,0.29
MI,2022,accident_health,0001312,NATIONWIDE LIFE INSURANCE COMPANY,1,10177644,0.1
MI,2022,accident_health,0001316,NEW YORK LIFE INSURANCE COMPANY,1,8270953,0.12
MI,2022,accident_health,0115469,OSCAR INSURANCE COMPANY,2,4296779,0.47
MI,2022,accident_health,0001096,PRINCIPAL LIFE INSURANCE COMPANY,3,76186458,0.04
MI,2022,accident_health,0066546,PRIORITY HEALTH INSURANCE COMPANY,7,366830509,0.02
MI,2022,accident_health,0001368,"PRUDENTIAL INSURANCE COMPANY OF AMERICA, THE",2,55576637,0.04
MI,2022,accident_health,0001377,RELIANCE STANDARD LIFE INSURANCE COMPANY,4,29190221,0.14
MI,2022,accident_health,0001233,RIVERSOURCE LIFE INSURANCE COMPANY,1,13417349,0.07
MI,2022,accident_health,0079723,SILVERSCRIPT INSURANCE COMPANY,3,37558776,0.08
MI,2022,accident_health,0001397,STANDARD INSURANCE COMPANY,2,28624221,0.07
MI,2022,accident_health,0000531,STATE FARM MUTUAL AUTOMOBILE INSURANCE COMPANY,1,24087240,0.04
MI,2022,accident_health,0001383,SYMETRA LIFE INSURANCE COMPANY,2,28551946,0.07
MI,2022,accident_health,0001613,TRANSAMERICA LIFE INSURANCE COMPANY,2,32528339,0.06
MI,2022,accident_health,0001104,TRUSTMARK INSURANCE COMPANY,1,4127951,0.24
MI,2022,accident_health,0025763,UNIFIED LIFE INSURANCE COMPANY,1,2240758,0.45
MI,2022,accident_health,0001425,UNITED OF OMAHA LIFE INSURANCE COMPANY,1,96520790,0.01
MI,2022,accident_health,0041267,UNITED STATES FIRE INSURANCE COMPANY,1,4458003,0.22
MI,2022,accident_health,0001493,UNITED WORLD LIFE INSURANCE COMPANY,1,24941192,0.04
MI,2022,accident_health,0001541,UNITEDHEALTHCARE INSURANCE COMPANY,52,923812472,0.06
MI,2022,accident_health,0001134,UNUM LIFE INSURANCE COMPANY OF AMERICA,1,121926047,0.01
MI,2022,accident_health,0000867,VISION SERVICE PLAN INSURANCE COMPANY,12,67405112,0.18
MI,2022,accident_health,0001445,WASHINGTON NATIONAL INSURANCE COMPANY,1,7512964,0.13
MI,2022,accident_health,0079751,"WELLCARE PRESCRIPTION INSURANCE, INC.",6,60082135,0.1
MI,2022,accident_health,0001548,WELLPOINT LIFE AND HEALTH INSURANCE COMPANY,3,1284597,2.34
MI,2022,annuity,0001660,ALLIANZ LIFE INSURANCE COMPANY OF NORTH AMERICA,3,542239534,0.01
MI,2022,annuity,0001681,AMERICAN EQUITY INVESTMENT LIFE INSURANCE COMPANY,1,122575819,0.01
MI,2022,annuity,0001067,AMERICAN GENERAL LIFE INSURANCE COMPANY,3,387629181,0.01
MI,2022,annuity,0001113,ATHENE ANNUITY AND LIFE COMPANY,1,1204144807,0.0
MI,2022,annuity,0001095,BANKERS LIFE AND CASUALTY COMPANY,2,81285925,0.02
MI,2022,annuity,0001627,BRIGHTHOUSE LIFE INSURANCE COMPANY,1,363860545,0.0
MI,2022,annuity,0001538,DELAWARE LIFE INSURANCE COMPANY,2,129605807,0.02
MI,2022,annuity,0001172,FIDELITY & GUARANTY LIFE INSURANCE COMPANY,1,395528206,0.0
MI,2022,annuity,0001670,FORETHOUGHT LIFE INSURANCE COMPANY,2,376706768,0.01
MI,2022,annuity,0000994,GCU,1,20695594,0.05
MI,2022,annuity,0000973,GLEANER LIFE INSURANCE SOCIETY,1,25854547,0.04
MI,2022,annuity,0001504,INTEGRITY LIFE INSURANCE COMPANY,1,27096998,0.04
MI,2022,annuity,0001235,JACKSON NATIONAL LIFE INSURANCE COMPANY,1,800392810,0.0
MI,2022,annuity,0001253,LIFE INSURANCE COMPANY OF THE SOUTHWEST,1,144259954,0.01
MI,2022,annuity,0001260,"LINCOLN NATIONAL LIFE INSURANCE COMPANY, THE",2,421404104,0.0
MI,2022,annuity,0001176,MASSMUTUAL ASCEND LIFE INSURANCE COMPANY,3,305743864,0.01
MI,2022,annuity,0001278,METROPOLITAN LIFE INSURANCE COMPANY,2,89007033,0.02
MI,2022,annuity,0001729,METROPOLITAN TOWER LIFE INSURANCE COMPANY,1,69032208,0.01
MI,2022,annuity,0001339,PACIFIC LIFE INSURANCE COMPANY,1,367264167,0.0
MI,2022,annuity,0001368,"PRUDENTIAL INSURANCE COMPANY OF AMERICA, THE",2,101827704,0.02
MI,2022,annuity,0001377,RELIANCE STANDARD LIFE INSURANCE COMPANY,1,57438381,0.02
MI,2022,annuity,0001233,RIVERSOURCE LIFE INSURANCE COMPANY,1,177617853,0.01
MI,2022,annuity,0022991,SILAC INSURANCE COMPANY,2,225234938,0.01
MI,2022,annuity,0001401,STATE FARM LIFE INSURANCE COMPANY,1,9358243,0.11
MI,2022,annuity,0001470,TALCOTT RESOLUTION LIFE AND ANNUITY INSURANCE COMPANY,1,7771415,0.13
MI,2022,annuity,0018690,TEACHERS INSURANCE AND ANNUITY ASSOCIATION OF AMERICA,1,755936923,0.0
MI,2022,annuity,0000964,THRIVENT FINANCIAL FOR LUTHERANS,1,135982753,0.01
MI,2022,annuity,0019343,TIAA-CREF LIFE INSURANCE COMPANY,1,2836589,0.35
MI,2022,annuity,0001419,USAA LIFE INSURANCE COMPANY,1,126696989,0.01
MI,2022,annuity,0001565,VENERABLE INSURANCE AND ANNUITY COMPANY,1,2680671,0.37
MI,2022,automobile,0000401,ACE AMERICAN INSURANCE COMPANY,2,4771007,0.42
MI,2022,automobile,0000123,"ACUITY, A MUTUAL INSURANCE COMPANY",2,33742121,0.06
MI,2022,automobile,0000225,AIG PROPERTY CASUALTY COMPANY,5,6904332,0.72
MI,2022,automobile,0000921,ALLIED PROPERTY AND CASUALTY INSURANCE COMPANY,1,2084549,0.48
MI,2022,automobile,0000631,ALLSTATE FIRE AND CASUALTY INSURANCE COMPANY,146,375700152,0.39
MI,2022,automobile,0000218,ALLSTATE INSURANCE COMPANY,25,68448949,0.37
MI,2022,automobile,0000182,ALLSTATE PROPERTY AND CASUALTY INSURANCE COMPANY,43,103841611,0.41
MI,2022,automobile,0000242,AMERICAN ECONOMY INSURANCE COMPANY,35,114141519,0.31
MI,2022,automobile,0066001,AMERICAN FAMILY CONNECT PROPERTY AND CASUALTY INSURANCE COMPANY,4,15999419,0.25
MI,2022,automobile,0105350,AMERICAN MODERN PROPERTY AND CASUALTY INSURANCE COMPANY,6,3113335,1.93
MI,2022,automobile,0000260,AMERICAN SELECT INSURANCE COMPANY,5,45489314,0.11
MI,2022,automobile,0000231,AMERISURE INSURANCE COMPANY,1,6477670,0.15
MI,2022,automobile,0020959,AMGUARD INSURANCE COMPANY,2,4704765,0.43
MI,2022,automobile,0000258,AMICA MUTUAL INSURANCE COMPANY,1,12891833,0.08
MI,2022,automobile,0000039,ARCH INSURANCE COMPANY,1,11689995,0.09
MI,2022,automobile,0000251,ARGONAUT-MIDWEST INSURANCE COMPANY,1,3010787,0.33
MI,2022,automobile,0000326,AUTO CLUB GROUP INSURANCE COMPANY,47,172219267,0.27
MI,2022,automobile,0000325,AUTO CLUB INSURANCE ASSOCIATION,49,18778926,2.61
MI,2022,automobile,0000209,AUTO-OWNERS INSURANCE COMPANY,43,735316566,0.06
MI,2022,automobile,0087889,BERKSHIRE HATHAWAY HOMESTATE INSURANCE COMPANY,1,1113902,0.9
MI,2022,automobile,0075135,BRISTOL WEST PREFERRED INSURANCE COMPANY,24,29471415,0.81
MI,2022,automobile,0000027,CHEROKEE INSURANCE COMPANY,2,50095213,0.04
MI,2022,automobile,0000030,"CINCINNATI INSURANCE COMPANY, THE",2,46508366,0.04
MI,2022,automobile,0016316,CITIZENS INSURANCE COMPANY OF THE MIDWEST,46,618868838,0.07
MI,2022,automobile,0107648,CITIZENS UNITED RECIPROCAL EXCHANGE,41,45899037,0.89
MI,2022,automobile,0000023,COREPOINTE INSURANCE COMPANY,1,1577970,0.63
MI,2022,automobile,0000337,EMCASCO INSURANCE COMPANY,1,20386546,0.05
MI,2022,automobile,0000338,EMPLOYERS MUTUAL CASUALTY COMPANY,1,13506197,0.07
MI,2022,automobile,0025534,ENCOMPASS INDEMNITY COMPANY,3,1244900,2.41
MI,2022,automobile,0000818,ESSENTIA INSURANCE COMPANY,4,30072122,0.13
MI,2022,automobile,0050573,ESURANCE PROPERTY AND CASUALTY INSURANCE COMPANY,204,149440604,1.37
MI,2022,automobile,0000006,EVEREST NATIONAL INSURANCE COMPANY,3,1533192,1.96
MI,2022,automobile,0100973,FALLS LAKE NATIONAL INSURANCE COMPANY,15,1191491,12.59
MI,2022,automobile,0000342,FARM BUREAU GENERAL INSURANCE COMPANY OF MICHIGAN,49,372240231,0.13
MI,2022,automobile,0000343,FARM BUREAU MUTUAL INSURANCE COMPANY OF MICHIGAN,13,67996439,0.19
MI,2022,automobile,0018298,FARMERS DIRECT PROPERTY AND CASUALTY INSURANCE COMPANY,7,2120947,3.3
MI,2022,automobile,0000725,FARMERS GROUP PROPERTY AND CASUALTY INSURANCE COMPANY,93,35808120,2.6
MI,2022,automobile,0000344,FARMERS INSURANCE EXCHANGE,27,92392329,0.29
MI,2022,automobile,0000575,FARMERS PROPERTY AND CASUALTY INSURANCE COMPANY,5,2164607,2.31
MI,2022,automobile,0000277,FEDERAL INSURANCE COMPANY,1,5453144,0.18
MI,2022,automobile,0000041,"FOREMOST INSURANCE COMPANY GRAND RAPIDS, MICHIGAN",2,10378543,0.19
MI,2022,automobile,0000117,FRANKENMUTH INSURANCE COMPANY,17,180343026,0.09
MI,2022,automobile,0000118,FREMONT INSURANCE COMPANY,14,152120244,0.09
MI,2022,automobile,0000367,GEICO INDEMNITY COMPANY,43,84362628,0.51
MI,2022,automobile,0000368,GOVERNMENT EMPLOYEES INSURANCE COMPANY,1,10822305,0.09
MI,2022,automobile,0024619,GRANGE INSURANCE COMPANY OF MICHIGAN,2,9559740,0.21
MI,2022,automobile,0000576,GREAT AMERICAN ASSURANCE COMPANY,4,6208842,0.64
MI,2022,automobile,0000386,GREENWICH INSURANCE COMPANY,1,3037382,0.33
MI,2022,automobile,0000387,HARTFORD ACCIDENT AND INDEMNITY COMPANY,1,2925335,0.34
MI,2022,automobile,0000122,HASTINGS INSURANCE COMPANY,5,48828128,0.1
MI,2022,automobile,0000587,HOME-OWNERS INSURANCE COMPANY,45,369553876,0.12
MI,2022,automobile,0019417,HORACE MANN PROPERTY & CASUALTY INSURANCE COMPANY,2,10936529,0.18
MI,2022,automobile,0000524,HUDSON INSURANCE COMPANY,1,4910860,0.2
MI,2022,automobile,0129073,INCLINE CASUALTY COMPANY,4,6853347,0.58
MI,2022,automobile,0000634,INTEGON NATIONAL INSURANCE COMPANY,17,16168023,1.05
MI,2022,automobile,0000417,LIBERTY MUTUAL FIRE INSURANCE COMPANY,10,16650206,0.6
MI,2022,automobile,0000418,LIBERTY MUTUAL INSURANCE COMPANY,4,3087696,1.3
MI,2022,automobile,0116235,LIBERTY MUTUAL PERSONAL INSURANCE COMPANY,177,135380292,1.31
MI,2022,automobile,0000776,LM GENERAL INSURANCE COMPANY,69,82478271,0.84
MI,2022,automobile,0000713,LM INSURANCE CORPORATION,9,7042942,1.28
MI,2022,automobile,0000163,MEEMIC INSURANCE COMPANY,50,273485329,0.18
MI,2022,automobile,0000327,MEMBERSELECT INSURANCE COMPANY,168,675326781,0.25
MI,2022,automobile,0000839,MIC GENERAL INSURANCE CORPORATION,8,11806647,0.68
MI,2022,automobile,0015812,MICHIGAN INSURANCE COMPANY,5,52200537,0.1
MI,2022,automobile,0000133,MICHIGAN MILLERS MUTUAL INSURANCE COMPANY,2,19928119,0.1
MI,2022,automobile,0000288,NATIONAL FIRE INSURANCE COMPANY OF HARTFORD,1,3259726,0.31
MI,2022,automobile,0000448,NATIONAL GENERAL INSURANCE COMPANY,13,17073917,0.76
MI,2022,automobile,0000451,NATIONWIDE GENERAL INSURANCE COMPANY,1,1502338,0.67
MI,2022,automobile,0000465,NORTHLAND INSURANCE COMPANY,1,12349630,0.08
MI,2022,automobile,0000476,OLD REPUBLIC INSURANCE COMPANY,1,21009803,0.05
MI,2022,automobile,0000188,PHILADELPHIA INDEMNITY INSURANCE COMPANY,6,15148615,0.4
MI,2022,automobile,0000193,PIONEER STATE MUTUAL INSURANCE COMPANY,10,153219703,0.07
MI,2022,automobile,0040548,PROGRESSIVE MARATHON INSURANCE COMPANY,789,1266888619,0.62
MI,2022,automobile,0000010,PROGRESSIVE MICHIGAN INSURANCE COMPANY,241,717628371,0.34
MI,2022,automobile,0002157,PROPERTY AND CASUALTY INSURANCE COMPANY OF HARTFORD,7,11612079,0.6
MI,2022,automobile,0000080,PROTECTIVE INSURANCE COMPANY,19,5166471,3.68
MI,2022,automobile,0000851,SAFECO INSURANCE COMPANY OF ILLINOIS,23,57045522,0.4
MI,2022,automobile,0000394,SECURA INSURANCE COMPANY,3,25685133,0.12
MI,2022,automobile,0002196,SELECTIVE INSURANCE COMPANY OF SOUTH CAROLINA,2,4892628,0.41
MI,2022,automobile,0000521,SENTRY INSURANCE COMPANY,1,7806373,0.13
MI,2022,automobile,0000324,SENTRY SELECT INSURANCE COMPANY,1,6509014,0.15
MI,2022,automobile,0086577,STARR INDEMNITY & LIABILITY COMPANY,1,2115775,0.47
MI,2022,automobile,0000527,STATE AUTO PROPERTY AND CASUALTY INSURANCE COMPANY,19,34227263,0.56
MI,2022,automobile,0000528,STATE AUTOMOBILE MUTUAL INSURANCE COMPANY,2,11606307,0.17
MI,2022,automobile,0000529,STATE FARM FIRE AND CASUALTY COMPANY,7,1742981,4.02
MI,2022,automobile,0000531,STATE FARM MUTUAL AUTOMOBILE INSURANCE COMPANY,660,1678495137,0.39
MI,2022,automobile,0000773,TITAN INSURANCE COMPANY,19,48145086,0.39
MI,2022,automobile,0000290,TRANSPORTATION INSURANCE COMPANY,1,1304277,0.77
MI,2022,automobile,0000549,"TRAVELERS INDEMNITY COMPANY OF AMERICA, THE",2,6100589,0.33
MI,2022,automobile,0002167,TRUMBULL INSURANCE COMPANY,26,53801770,0.48
MI,2022,automobile,0000630,U.S. SPECIALTY INSURANCE COMPANY,1,5533402,0.18
MI,2022,automobile,0000561,UNITED SERVICES AUTOMOBILE ASSOCIATION,9,69685061,0.13
MI,2022,automobile,0079599,UNITED SPECIALTY INSURANCE COMPANY,1,3510308,0.28
MI,2022,automobile,0041267,UNITED STATES FIRE INSURANCE COMPANY,2,5513309,0.36
MI,2022,automobile,0000657,USA UNDERWRITERS INSURANCE COMPANY,23,31133453,0.74
MI,2022,automobile,0000562,USAA CASUALTY INSURANCE COMPANY,18,169358187,0.11
MI,2022,automobile,0000291,VALLEY FORGE INSURANCE COMPANY,1,2602209,0.38
MI,2022,automobile,0000473,WESTFIELD INSURANCE COMPANY,1,13003114,0.08
MI,2022,automobile,0000150,WOLVERINE INSURANCE COMPANY,3,17049336,0.18
MI,2022,automobile,0019392,ZURICH AMERICAN INSURANCE COMPANY,3,41703395,0.07
MI,2022,homeowners,0000225,AIG PROPERTY CASUALTY COMPANY,1,8664142,0.12
MI,2022,homeowners,0000921,ALLIED PROPERTY AND CASUALTY INSURANCE COMPANY,1,3652089,0.27
MI,2022,homeowners,0000219,ALLSTATE INDEMNITY COMPANY,7,17121899,0.41
MI,2022,homeowners,0000218,ALLSTATE INSURANCE COMPANY,3,25333592,0.12
MI,2022,homeowners,0000182,ALLSTATE PROPERTY AND CASUALTY INSURANCE COMPANY,6,37121636,0.16
MI,2022,homeowners,0000817,ALLSTATE VEHICLE AND PROPERTY INSURANCE COMPANY,39,157417402,0.25
MI,2022,homeowners,0000005,AMERICAN BANKERS INSURANCE COMPANY OF FLORIDA,6,10192597,0.59
MI,2022,homeowners,0000242,AMERICAN ECONOMY INSURANCE COMPANY,9,56931028,0.16
MI,2022,homeowners,0066001,AMERICAN FAMILY CONNECT PROPERTY AND CASUALTY INSURANCE COMPANY,1,13862332,0.07
MI,2022,homeowners,0105350,AMERICAN MODERN PROPERTY AND CASUALTY INSURANCE COMPANY,4,26427413,0.15
MI,2022,homeowners,0000260,AMERICAN SELECT INSURANCE COMPANY,1,21925046,0.05
MI,2022,homeowners,0103310,AMERICAN STRATEGIC INSURANCE CORP.,17,80235432,0.21
MI,2022,homeowners,0020959,AMGUARD INSURANCE COMPANY,8,15878703,0.5
MI,2022,homeowners,0000258,AMICA MUTUAL INSURANCE COMPANY,2,10485863,0.19
MI,2022,homeowners,0000326,AUTO CLUB GROUP INSURANCE COMPANY,9,69895602,0.13
MI,2022,homeowners,0000325,AUTO CLUB INSURANCE ASSOCIATION,11,83063524,0.13
MI,2022,homeowners,0000209,AUTO-OWNERS INSURANCE COMPANY,45,554843347,0.08
MI,2022,homeowners,0000676,CITIZENS INSURANCE COMPANY OF AMERICA,10,63426695,0.16
MI,2022,homeowners,0016316,CITIZENS INSURANCE COMPANY OF THE MIDWEST,15,246089050,0.06
MI,2022,homeowners,0000922,DEPOSITORS INSURANCE COMPANY,1,8493507,0.12
MI,2022,homeowners,0000338,EMPLOYERS MUTUAL CASUALTY COMPANY,1,9024077,0.11
MI,2022,homeowners,0000342,FARM BUREAU GENERAL INSURANCE COMPANY OF MICHIGAN,23,179250896,0.13
MI,2022,homeowners,0000343,FARM BUREAU MUTUAL INSURANCE COMPANY OF MICHIGAN,1,91405396,0.01
MI,2022,homeowners,0000651,FARMERS AND MERCHANTS MUTUAL FIRE INSURANCE COMPANY,1,4060871,0.25
MI,2022,homeowners,0000725,FARMERS GROUP PROPERTY AND CASUALTY INSURANCE COMPANY,4,14511930,0.28
MI,2022,homeowners,0000344,FARMERS INSURANCE EXCHANGE,6,52726051,0.11
MI,2022,homeowners,0000575,FARMERS PROPERTY AND CASUALTY INSURANCE COMPANY,1,2238977,0.45
MI,2022,homeowners,0000345,FIRE INSURANCE EXCHANGE,1,10230754,0.1
MI,2022,homeowners,0000041,"FOREMOST INSURANCE COMPANY GRAND RAPIDS, MICHIGAN",4,95620977,0.04
MI,2022,homeowners,0000061,FOREMOST PROPERTY AND CASUALTY INSURANCE COMPANY,3,5525744,0.54
MI,2022,homeowners,0000117,FRANKENMUTH INSURANCE COMPANY,8,88636759,0.09
MI,2022,homeowners,0000118,FREMONT INSURANCE COMPANY,8,79578570,0.1
MI,2022,homeowners,0000654,GREAT LAKES MUTUAL INSURANCE COMPANY,1,2700415,0.37
MI,2022,homeowners,0000803,HARTFORD INSURANCE COMPANY OF THE MIDWEST,1,4608649,0.22
MI,2022,homeowners,0000122,HASTINGS INSURANCE COMPANY,3,33660325,0.09
MI,2022,homeowners,0000587,HOME-OWNERS INSURANCE COMPANY,1,8861774,0.11
MI,2022,homeowners,0000181,HOMESITE INSURANCE COMPANY,1,3707670,0.27
MI,2022,homeowners,0021443,HOMESITE INSURANCE COMPANY OF THE MIDWEST,19,131703115,0.14
MI,2022,homeowners,0111875,LEMONADE INSURANCE COMPANY,5,6621108,0.76
MI,2022,homeowners,0000417,LIBERTY MUTUAL FIRE INSURANCE COMPANY,1,12928489,0.08
MI,2022,homeowners,0000418,LIBERTY MUTUAL INSURANCE COMPANY,1,5583430,0.18
MI,2022,homeowners,0116235,LIBERTY MUTUAL PERSONAL INSURANCE COMPANY,16,81324270,0.2
MI,2022,homeowners,0000713,LM INSURANCE CORPORATION,1,4639168,0.22
MI,2022,homeowners,0000163,MEEMIC INSURANCE COMPANY,6,101999591,0.06
MI,2022,homeowners,0000327,MEMBERSELECT INSURANCE COMPANY,17,150695183,0.11
MI,2022,homeowners,0002218,MICHIGAN BASIC PROPERTY INS ASSOCIATION,5,10351214,0.48
MI,2022,homeowners,0000451,NATIONWIDE GENERAL INSURANCE COMPANY,7,27249068,0.26
MI,2022,homeowners,0000814,NATIONWIDE PROPERTY AND CASUALTY INSURANCE COMPANY,2,8042222,0.25
MI,2022,homeowners,0000653,NORTHERN MUTUAL INSURANCE COMPANY,1,12678669,0.08
MI,2022,homeowners,0000193,PIONEER STATE MUTUAL INSURANCE COMPANY,9,85074361,0.11
MI,2022,homeowners,0000798,PRAETORIAN INSURANCE COMPANY,1,1167909,0.86
MI,2022,homeowners,0002157,PROPERTY AND CASUALTY INSURANCE COMPANY OF HARTFORD,3,4971125,0.6
MI,2022,homeowners,0000505,SAFECO INSURANCE COMPANY OF AMERICA,3,38534566,0.08
MI,2022,homeowners,0000485,SPINNAKER INSURANCE COMPANY,2,3304246,0.61
MI,2022,homeowners,0000929,STANDARD GUARANTY INSURANCE COMPANY,1,22718842,0.04
MI,2022,homeowners,0000527,STATE AUTO PROPERTY AND CASUALTY INSURANCE COMPANY,3,39238208,0.08
MI,2022,homeowners,0000528,STATE AUTOMOBILE MUTUAL INSURANCE COMPANY,1,4413892,0.23
MI,2022,homeowners,0000529,STATE FARM FIRE AND CASUALTY COMPANY,89,585555573,0.15
MI,2022,homeowners,0068587,TRAVCO INSURANCE COMPANY,6,10971052,0.55
MI,2022,homeowners,0002167,TRUMBULL INSURANCE COMPANY,4,19922978,0.2
MI,2022,homeowners,0000038,UNITED CASUALTY INSURANCE COMPANY OF AMERICA,1,1158805,0.86
MI,2022,homeowners,0000561,UNITED SERVICES AUTOMOBILE ASSOCIATION,5,42888880,0.12
MI,2022,homeowners,0000562,USAA CASUALTY INSURANCE COMPANY,9,74307082,0.12
MI,2022,life,0021107,AAA LIFE INSURANCE COMPANY,5,49629306,0.1
MI,2022,life,0085598,ACCENDO INSURANCE COMPANY,1,2788817,0.36
MI,2022,life,0092114,ACCORDIA LIFE AND ANNUITY COMPANY,1,14065359,0.07
MI,2022,life,0083731,AMERICAN CONTINENTAL INSURANCE COMPANY,1,2145564,0.47
MI,2022,life,0001067,AMERICAN GENERAL LIFE INSURANCE COMPANY,10,94854746,0.11
MI,2022,life,0001071,AMERICAN INCOME LIFE INSURANCE COMPANY,10,38983963,0.26
MI,2022,life,0001079,AMERICAN NATIONAL INSURANCE COMPANY,1,13107875,0.08
MI,2022,life,0001082,AMERICAN UNITED LIFE INSURANCE COMPANY,1,16219572,0.06
MI,2022,life,0001125,AMERICO FINANCIAL LIFE AND ANNUITY INSURANCE COMPANY,4,12616001,0.32
MI,2022,life,0001477,ASSURITY LIFE INSURANCE COMPANY,1,3162292,0.32
MI,2022,life,0001113,ATHENE ANNUITY AND LIFE COMPANY,2,4927639,0.41
MI,2022,life,0001106,BOSTON MUTUAL LIFE INSURANCE COMPANY,1,2716068,0.37
MI,2022,life,0001627,BRIGHTHOUSE LIFE INSURANCE COMPANY,1,60722930,0.02
MI,2022,life,0001150,CMFG LIFE INSURANCE COMPANY,6,54606284,0.11
MI,2022,life,0001129,COLONIAL PENN LIFE INSURANCE COMPANY,4,12272203,0.33
MI,2022,life,0001512,COLUMBIAN LIFE INSURANCE COMPANY,1,6771171,0.15
MI,2022,life,0001131,COMBINED INSURANCE COMPANY OF AMERICA,2,2437354,0.82
MI,2022,life,0001469,DEARBORN LIFE INSURANCE COMPANY,1,12128108,0.08
MI,2022,life,0001371,EMPOWER ANNUITY INSURANCE COMPANY OF AMERICA,1,8514089,0.12
MI,2022,life,0001053,EVERLAKE LIFE INSURANCE COMPANY,3,10345986,0.29
MI,2022,life,0001164,FARM BUREAU LIFE INSURANCE COMPANY OF MICHIGAN,1,96172336,0.01
MI,2022,life,0001166,FARMERS NEW WORLD LIFE INSURANCE COMPANY,3,11155465,0.27
MI,2022,life,0001172,FIDELITY & GUARANTY LIFE INSURANCE COMPANY,1,9779433,0.1
MI,2022,life,0001347,FIRST PENN-PACIFIC LIFE INSURANCE COMPANY,1,3260735,0.31
MI,2022,life,0001139,FREEDOM LIFE INSURANCE COMPANY OF AMERICA,1,2181583,0.46
MI,2022,life,0001254,GENWORTH LIFE AND ANNUITY INSURANCE COMPANY,1,27445147,0.04
MI,2022,life,0001463,GERBER LIFE INSURANCE COMPANY,3,17184240,0.17
MI,2022,life,0000973,GLEANER LIFE INSURANCE SOCIETY,1,5367346,0.19
MI,2022,life,0001666,GLOBE LIFE AND ACCIDENT INSURANCE COMPANY,6,29296617,0.2
MI,2022,life,0035959,GOVERNMENT PERSONNEL MUTUAL LIFE INSURANCE COMPANY,2,2407851,0.83
MI,2022,life,0001206,"GUARDIAN LIFE INSURANCE COMPANY OF AMERICA, THE",2,55091036,0.04
MI,2022,life,0001042,"INDEPENDENT ORDER OF FORESTERS, THE",2,18868121,0.11
MI,2022,life,0001235,JACKSON NATIONAL LIFE INSURANCE COMPANY,12,26043857,0.46
MI,2022,life,0001268,JOHN HANCOCK LIFE INSURANCE COMPANY (U.S.A.),6,177178803,0.03
MI,2022,life,0021328,LIBERTY BANKERS LIFE INSURANCE COMPANY,2,2725411,0.73
MI,2022,life,0001252,LIFE INSURANCE COMPANY OF NORTH AMERICA,2,48270133,0.04
MI,2022,life,0001257,LINCOLN BENEFIT LIFE COMPANY,1,37487754,0.03
MI,2022,life,0001260,"LINCOLN NATIONAL LIFE INSURANCE COMPANY, THE",6,303407148,0.02
MI,2022,life,0001498,LUMICO LIFE INSURANCE COMPANY,1,3706157,0.27
MI,2022,life,0001275,MASSACHUSETTS MUTUAL LIFE INSURANCE COMPANY,1,134935040,0.01
MI,2022,life,0001278,METROPOLITAN LIFE INSURANCE COMPANY,22,659480783,0.03
MI,2022,life,0001729,METROPOLITAN TOWER LIFE INSURANCE COMPANY,4,12220614,0.33
MI,2022,life,0001352,NASSAU LIFE INSURANCE COMPANY,1,16716107,0.06
MI,2022,life,0001302,NATIONAL GUARDIAN LIFE INSURANCE COMPANY,1,49489121,0.02
MI,2022,life,0001306,NATIONAL LIFE INSURANCE COMPANY,1,5948807,0.17
MI,2022,life,0001668,NEW YORK LIFE INSURANCE AND ANNUITY CORPORATION,1,43656294,0.02
MI,2022,life,0001316,NEW YORK LIFE INSURANCE COMPANY,5,122990356,0.04
MI,2022,life,0001317,NORTH AMERICAN COMPANY FOR LIFE AND HEALTH INSURANCE,2,34408395,0.06
MI,2022,life,0001323,"NORTHWESTERN MUTUAL LIFE INSURANCE COMPANY, THE",2,367647598,0.01
MI,2022,life,0001326,OCCIDENTAL LIFE INSURANCE COMPANY OF NORTH CAROLINA,2,8917543,0.22
MI,2022,life,0001510,OLD UNITED LIFE INSURANCE COMPANY,1,1046802,0.96
MI,2022,life,0001339,PACIFIC LIFE INSURANCE COMPANY,1,126614088,0.01
MI,2022,life,0001273,PRIMERICA LIFE INSURANCE COMPANY,2,68912185,0.03
MI,2022,life,0001096,PRINCIPAL LIFE INSURANCE COMPANY,1,39765711,0.03
MI,2022,life,0001363,PROTECTIVE LIFE INSURANCE COMPANY,1,75312597,0.01
MI,2022,life,0001539,PRUCO LIFE INSURANCE COMPANY,2,146838041,0.01
MI,2022,life,0001368,"PRUDENTIAL INSURANCE COMPANY OF AMERICA, THE",4,82320470,0.05
MI,2022,life,0001324,RELIASTAR LIFE INSURANCE COMPANY,3,42393451,0.07
MI,2022,life,0015260,"S.USA LIFE INSURANCE COMPANY, INC.",2,2080262,0.96
MI,2022,life,0001386,SECURITY LIFE OF DENVER INSURANCE COMPANY,1,12458503,0.08
MI,2022,life,0001401,STATE FARM LIFE INSURANCE COMPANY,4,144509637,0.03
MI,2022,life,0001560,SUN LIFE ASSURANCE COMPANY OF CANADA,2,42280161,0.05
MI,2022,life,0001383,SYMETRA LIFE INSURANCE COMPANY,1,20243618,0.05
MI,2022,life,0000964,THRIVENT FINANCIAL FOR LUTHERANS,1,60220723,0.02
MI,2022,life,0001613,TRANSAMERICA LIFE INSURANCE COMPANY,11,86161469,0.13
MI,2022,life,0001594,U.S. FINANCIAL LIFE INSURANCE COMPANY,2,4504659,0.44
MI,2022,life,0001429,UNITED INSURANCE COMPANY OF AMERICA,2,6919141,0.29
MI,2022,life,0001425,UNITED OF OMAHA LIFE INSURANCE COMPANY,5,109487474,0.05
MI,2022,life,0001446,WEST COAST LIFE INSURANCE COMPANY,1,16916512,0.06
MI,2022,life,0001676,WESTERN-SOUTHERN LIFE ASSURANCE COMPANY,1,7091998,0.14
MI,2022,life,0001144,WILCAC LIFE INSURANCE COMPANY,1,2649437,0.38
MI,2022,life,0001656,ZURICH AMERICAN LIFE INSURANCE COMPANY,1,5160693,0.19
MI,2023,accident_health,0021107,AAA LIFE INSURANCE COMPANY,1,2840914,0.35
MI,2023,accident_health,0085598,ACCENDO INSURANCE COMPANY,1,9173938,0.11
MI,2023,accident_health,0001533,AETNA HEALTH AND LIFE INSURANCE COMPANY,7,7256167,0.96
MI,2023,accident_health,0001049,AETNA LIFE INSURANCE COMPANY,28,727945222,0.04
MI,2023,accident_health,0002174,ALLIANCE HEALTH AND LIFE INSURANCE COMPANY,20,427697744,0.05
MI,2023,accident_health,0083731,AMERICAN CONTINENTAL INSURANCE COMPANY,1,17107926,0.06
MI,2023,accident_health,0112481,AMERICAN FAMILY LIFE ASSURANCE COMPANY OF COLUMBUS,4,119817040,0.03
MI,2023,accident_health,0001097,AMERITAS LIFE INSURANCE CORP,10,21536426,0.46
MI,2023,accident_health,0001477,ASSURITY LIFE INSURANCE COMPANY,2,36285939,0.06
MI,2023,accident_health,0001095,BANKERS LIFE AND CASUALTY COMPANY,3,15218064,0.2
MI,2023,accident_health,0100875,BLUE CROSS BLUE SHIELD OF MICHIGAN MUTUAL INSURANCE COMPANY,530,11372897304,0.05
MI,2023,accident_health,0001627,BRIGHTHOUSE LIFE INSURANCE COMPANY,1,1359750,0.74
MI,2023,accident_health,0001120,"CHESAPEAKE LIFE INSURANCE COMPANY, THE",1,10495887,0.1
MI,2023,accident_health,0001336,CIGNA HEALTH AND LIFE INSURANCE COMPANY,21,224630662,0.09
MI,2023,accident_health,0016565,CLEAR SPRING HEALTH INSURANCE COMPANY,1,5466323,0.18
MI,2023,accident_health,0001127,COLONIAL LIFE & ACCIDENT INSURANCE COMPANY,2,17211350,0.12
MI,2023,accident_health,0001129,COLONIAL PENN LIFE INSURANCE COMPANY,1,15224758,0.07
MI,2023,accident_health,0001131,COMBINED INSURANCE COMPANY OF AMERICA,4,12683808,0.32
MI,2023,accident_health,0079172,CONTINENTAL AMERICAN INSURANCE COMPANY,10,24262289,0.41
MI,2023,accident_health,0000286,CONTINENTAL CASUALTY COMPANY,8,12667600,0.63
MI,2023,accident_health,0020718,"CONTINENTAL LIFE INSURANCE COMPANY OF BRENTWOOD, TENNESSEE",2,43513669,0.05
MI,2023,accident_health,0001469,DEARBORN LIFE INSURANCE COMPANY,1,14028920,0.07
MI,2023,accident_health,0000962,"DELTA DENTAL PLAN OF MICHIGAN, INC.",31,762281505,0.04
MI,2023,accident_health,0068671,DENTEGRA INSURANCE COMPANY,1,17546128,0.06
MI,2023,accident_health,0000277,FEDERAL INSURANCE COMPANY,1,1306610,0.77
MI,2023,accident_health,0001139,FREEDOM LIFE INSURANCE COMPANY OF AMERICA,1,29027228,0.03
MI,2023,accident_health,0001431,GENWORTH LIFE INSURANCE COMPANY,5,43909438,0.11
MI,2023,accident_health,0001463,GERBER LIFE INSURANCE COMPANY,1,8139396,0.12
MI,2023,accident_health,0001666,GLOBE LIFE AND ACCIDENT INSURANCE COMPANY,1,1363761,0.73
MI,2023,accident_health,0001136,GOLDEN RULE INSURANCE COMPANY,2,46334273,0.04
MI,2023,accident_health,0001206,"GUARDIAN LIFE INSURANCE COMPANY OF AMERICA, THE",58,93034130,0.62
MI,2023,accident_health,0001460,HARTFORD LIFE AND ACCIDENT INSURANCE COMPANY,2,61745378,0.03
MI,2023,accident_health,0001494,HUMANA INSURANCE COMPANY,14,1070291806,0.01
MI,2023,accident_health,0001452,HUMANADENTAL INSURANCE COMPANY,5,1023901831,0.0
MI,2023,accident_health,0001268,JOHN HANCOCK LIFE INSURANCE COMPANY (U.S.A.),5,41239541,0.12
MI,2023,accident_health,0001041,KNIGHTS OF COLUMBUS,1,2263386,0.44
MI,2023,accident_health,0001252,LIFE INSURANCE COMPANY OF NORTH AMERICA,3,93864601,0.03
MI,2023,accident_health,0001521,LIFESECURE INSURANCE COMPANY,3,9121051,0.33
MI,2023,accident_health,0001260,"LINCOLN NATIONAL LIFE INSURANCE COMPANY, THE",6,84468154,0.07
MI,2023,accident_health,0001263,LOYAL AMERICAN LIFE INSURANCE COMPANY,1,8489893,0.12
MI,2023,accident_health,0001271,MANHATTAN LIFE INSURANCE COMPANY,1,3351921,0.3
MI,2023,accident_health,0001123,MANHATTANLIFE INSURANCE AND ANNUITY COMPANY,2,6308875,0.32
MI,2023,accident_health,0001275,MASSACHUSETTS MUTUAL LIFE INSURANCE COMPANY,1,14362237,0.07
MI,2023,accident_health,0001278,METROPOLITAN LIFE INSURANCE COMPANY,15,209419389,0.07
MI,2023,accident_health,0001584,NATIONAL HEALTH INSURANCE COMPANY,1,8372569,0.12
MI,2023,accident_health,0001312,NATIONWIDE LIFE INSURANCE COMPANY,1,9362889,0.11
MI,2023,accident_health,0093815,OMAHA INSURANCE COMPANY,1,20814430,0.05
MI,2023,accident_health,0115469,OSCAR INSURANCE COMPANY,3,5391274,0.56
MI,2023,accident_health,0001344,PEKIN LIFE INSURANCE COMPANY,2,1056305,1.89
MI,2023,accident_health,0001551,"PHYSICIANS MUTUAL INSURANCE COMPANY, INC.",3,3954364,0.76
MI,2023,accident_health,0001096,PRINCIPAL LIFE INSURANCE COMPANY,2,81631761,0.02
MI,2023,accident_health,0066546,PRIORITY HEALTH INSURANCE COMPANY,9,384693790,0.02
MI,2023,accident_health,0001365,PROVIDENT LIFE AND ACCIDENT INSURANCE COMPANY,1,25436004,0.04
MI,2023,accident_health,0001368,"PRUDENTIAL INSURANCE COMPANY OF AMERICA, THE",3,57600909,0.05
MI,2023,accident_health,0001377,RELIANCE STANDARD LIFE INSURANCE COMPANY,1,30481470,0.03
MI,2023,accident_health,0001324,RELIASTAR LIFE INSURANCE COMPANY,1,26843075,0.04
MI,2023,accident_health,0001114,RENAISSANCE LIFE & HEALTH INSURANCE COMPANY OF AMERICA,1,12926711,0.08
MI,2023,accident_health,0021279,SHELTERPOINT LIFE INSURANCE COMPANY,1,2766936,0.36
MI,2023,accident_health,0079723,SILVERSCRIPT INSURANCE COMPANY,1,38091504,0.03
MI,2023,accident_health,0001397,STANDARD INSURANCE COMPANY,1,33908623,0.03
MI,2023,accident_health,0001560,SUN LIFE ASSURANCE COMPANY OF CANADA,1,77920402,0.01
MI,2023,accident_health,0001104,TRUSTMARK INSURANCE COMPANY,1,4536435,0.22
MI,2023,accident_health,0001425,UNITED OF OMAHA LIFE INSURANCE COMPANY,2,104391645,0.02
MI,2023,accident_health,0041267,UNITED STATES FIRE INSURANCE COMPANY,1,5160429,0.19
MI,2023,accident_health,0001541,UNITEDHEALTHCARE INSURANCE COMPANY,60,1013088598,0.06
MI,2023,accident_health,0001343,UNUM INSURANCE COMPANY,1,13553460,0.07
MI,2023,accident_health,0001134,UNUM LIFE INSURANCE COMPANY OF AMERICA,3,126431407,0.02
MI,2023,accident_health,0014731,US HEALTH AND LIFE INSURANCE COMPANY,9,11789643,0.76
MI,2023,accident_health,0000867,VISION SERVICE PLAN INSURANCE COMPANY,9,70584546,0.13
MI,2023,accident_health,0079751,"WELLCARE PRESCRIPTION INSURANCE, INC.",1,58108914,0.02
MI,2023,accident_health,0001548,WELLPOINT LIFE AND HEALTH INSURANCE COMPANY,1,6616680,0.15
MI,2023,accident_health,0019392,ZURICH AMERICAN INSURANCE COMPANY,1,5308883,0.19
MI,2023,annuity,0001660,ALLIANZ LIFE INSURANCE COMPANY OF NORTH AMERICA,3,646102875,0.0
MI,2023,annuity,0001681,AMERICAN EQUITY INVESTMENT LIFE INSURANCE COMPANY,1,257213102,0.0
MI,2023,annuity,0001067,AMERICAN GENERAL LIFE INSURANCE COMPANY,9,424769593,0.02
MI,2023,annuity,0001079,AMERICAN NATIONAL INSURANCE COMPANY,1,219723864,0.0
MI,2023,annuity,0001125,AMERICO FINANCIAL LIFE AND ANNUITY INSURANCE COMPANY,1,56750099,0.02
MI,2023,annuity,0001097,AMERITAS LIFE INSURANCE CORP,1,58257779,0.02
MI,2023,annuity,0001113,ATHENE ANNUITY AND LIFE COMPANY,6,1776501754,0.0
MI,2023,annuity,0001092,AUTO-OWNERS LIFE INSURANCE COMPANY,1,30681930,0.03
MI,2023,annuity,0001627,BRIGHTHOUSE LIFE INSURANCE COMPANY,4,474811376,0.01
MI,2023,annuity,0001538,DELAWARE LIFE INSURANCE COMPANY,2,235172048,0.01
MI,2023,annuity,0001172,FIDELITY & GUARANTY LIFE INSURANCE COMPANY,4,478868589,0.01
MI,2023,annuity,0001706,FIDELITY INVESTMENTS LIFE INSURANCE COMPANY,1,45455496,0.02
MI,2023,annuity,0001619,FORTITUDE LIFE INSURANCE & ANNUITY COMPANY,1,2197147,0.46
MI,2023,annuity,0001235,JACKSON NATIONAL LIFE INSURANCE COMPANY,2,684893166,0.0
MI,2023,annuity,0001244,"LAFAYETTE LIFE INSURANCE COMPANY, THE",2,1248814,1.6
MI,2023,annuity,0001260,"LINCOLN NATIONAL LIFE INSURANCE COMPANY, THE",1,497343832,0.0
MI,2023,annuity,0001281,MIDLAND NATIONAL LIFE INSURANCE COMPANY,1,214549426,0.0
MI,2023,annuity,0001677,NATIONWIDE LIFE AND ANNUITY INSURANCE COMPANY,1,254259941,0.0
MI,2023,annuity,0001668,NEW YORK LIFE INSURANCE AND ANNUITY CORPORATION,1,264726239,0.0
MI,2023,annuity,0001379,OCEANVIEW LIFE AND ANNUITY COMPANY,1,181673318,0.01
MI,2023,annuity,0001339,PACIFIC LIFE INSURANCE COMPANY,1,358731297,0.0
MI,2023,annuity,0001368,"PRUDENTIAL INSURANCE COMPANY OF AMERICA, THE",2,676309262,0.0
MI,2023,annuity,0022991,SILAC INSURANCE COMPANY,1,165791342,0.01
MI,2023,annuity,0001401,STATE FARM LIFE INSURANCE COMPANY,2,15149451,0.13
MI,2023,annuity,0001383,SYMETRA LIFE INSURANCE COMPANY,2,350490241,0.01
MI,2023,annuity,0019343,TIAA-CREF LIFE INSURANCE COMPANY,1,1837462,0.54
MI,2023,annuity,0001613,TRANSAMERICA LIFE INSURANCE COMPANY,1,70303512,0.01
MI,2023,annuity,0001441,"VARIABLE ANNUITY LIFE INSURANCE COMPANY, THE",2,121672356,0.02
MI,2023,annuity,0001565,VENERABLE INSURANCE AND ANNUITY COMPANY,1,1480062,0.68
MI,2023,automobile,0000401,ACE AMERICAN INSURANCE COMPANY,2,7671304,0.26
MI,2023,automobile,0000921,ALLIED PROPERTY AND CASUALTY INSURANCE COMPANY,1,1639947,0.61
MI,2023,automobile,0000631,ALLSTATE FIRE AND CASUALTY INSURANCE COMPANY,57,392839825,0.15
MI,2023,automobile,0000218,ALLSTATE INSURANCE COMPANY,13,23776291,0.55
MI,2023,automobile,0000182,ALLSTATE PROPERTY AND CASUALTY INSURANCE COMPANY,9,95092753,0.09
MI,2023,automobile,0000242,AMERICAN ECONOMY INSURANCE COMPANY,25,123196958,0.2
MI,2023,automobile,0066001,AMERICAN FAMILY CONNECT PROPERTY AND CASUALTY INSURANCE COMPANY,2,14672245,0.14
MI,2023,automobile,0000260,AMERICAN SELECT INSURANCE COMPANY,8,34099850,0.23
MI,2023,automobile,0000231,AMERISURE INSURANCE COMPANY,2,6885735,0.29
MI,2023,automobile,0000429,AMERISURE MUTUAL INSURANCE COMPANY,2,8282199,0.24
MI,2023,automobile,0000258,AMICA MUTUAL INSURANCE COMPANY,3,13585080,0.22
MI,2023,automobile,0000039,ARCH INSURANCE COMPANY,1,13891159,0.07
MI,2023,automobile,0000326,AUTO CLUB GROUP INSURANCE COMPANY,14,169187982,0.08
MI,2023,automobile,0000325,AUTO CLUB INSURANCE ASSOCIATION,21,18326222,1.15
MI,2023,automobile,0000209,AUTO-OWNERS INSURANCE COMPANY,62,1246227192,0.05
MI,2023,automobile,0075135,BRISTOL WEST PREFERRED INSURANCE COMPANY,20,47510884,0.42
MI,2023,automobile,0000030,"CINCINNATI INSURANCE COMPANY, THE",1,44745229,0.02
MI,2023,automobile,0016316,CITIZENS INSURANCE COMPANY OF THE MIDWEST,45,637169183,0.07
MI,2023,automobile,0107648,CITIZENS UNITED RECIPROCAL EXCHANGE,150,85091304,1.76
MI,2023,automobile,0000818,ESSENTIA INSURANCE COMPANY,5,31751122,0.16
MI,2023,automobile,0050573,ESURANCE PROPERTY AND CASUALTY INSURANCE COMPANY,46,98475564,0.47
MI,2023,automobile,0000006,EVEREST NATIONAL INSURANCE COMPANY,2,1949562,1.03
MI,2023,automobile,0100973,FALLS LAKE NATIONAL INSURANCE COMPANY,2,2200773,0.91
MI,2023,automobile,0000342,FARM BUREAU GENERAL INSURANCE COMPANY OF MICHIGAN,27,433139574,0.06
MI,2023,automobile,0000343,FARM BUREAU MUTUAL INSURANCE COMPANY OF MICHIGAN,17,76728592,0.22
MI,2023,automobile,0018298,FARMERS DIRECT PROPERTY AND CASUALTY INSURANCE COMPANY,1,1919250,0.52
MI,2023,automobile,0000725,FARMERS GROUP PROPERTY AND CASUALTY INSURANCE COMPANY,13,36840226,0.35
MI,2023,automobile,0000344,FARMERS INSURANCE EXCHANGE,24,87459748,0.27
MI,2023,automobile,0000575,FARMERS PROPERTY AND CASUALTY INSURANCE COMPANY,1,1763798,0.57
MI,2023,automobile,0037577,FCCI INSURANCE COMPANY,1,1639226,0.61
MI,2023,automobile,0000115,FEDERATED MUTUAL INSURANCE COMPANY,1,13005807,0.08
MI,2023,automobile,0000117,FRANKENMUTH INSURANCE COMPANY,9,211008387,0.04
MI,2023,automobile,0000118,FREMONT INSURANCE COMPANY,8,167410959,0.05
MI,2023,automobile,0000758,GEICO GENERAL INSURANCE COMPANY,3,8985417,0.33
MI,2023,automobile,0000367,GEICO INDEMNITY COMPANY,21,62687460,0.33
MI,2023,automobile,0000368,GOVERNMENT EMPLOYEES INSURANCE COMPANY,25,41281152,0.61
MI,2023,automobile,0024619,GRANGE INSURANCE COMPANY OF MICHIGAN,1,9840521,0.1
MI,2023,automobile,0000532,GREAT DIVIDE INSURANCE COMPANY,1,1317133,0.76
MI,2023,automobile,0000047,GREAT WEST CASUALTY COMPANY,1,39769661,0.03
MI,2023,automobile,0000387,HARTFORD ACCIDENT AND INDEMNITY COMPANY,1,2575736,0.39
MI,2023,automobile,0000122,HASTINGS INSURANCE COMPANY,5,62776686,0.08
MI,2023,automobile,0000587,HOME-OWNERS INSURANCE COMPANY,25,9213785,2.71
MI,2023,automobile,0019417,HORACE MANN PROPERTY & CASUALTY INSURANCE COMPANY,2,12704223,0.16
MI,2023,automobile,0000524,HUDSON INSURANCE COMPANY,1,5558045,0.18
MI,2023,automobile,0000634,INTEGON NATIONAL INSURANCE COMPANY,6,15515021,0.39
MI,2023,automobile,0000568,LANCER INSURANCE COMPANY,1,3259141,0.31
MI,2023,automobile,0000417,LIBERTY MUTUAL FIRE INSURANCE COMPANY,7,14459532,0.48
MI,2023,automobile,0116235,LIBERTY MUTUAL PERSONAL INSURANCE COMPANY,62,140337041,0.44
MI,2023,automobile,0017322,"LIBERTY SURPLUS INSURANCE CORPORATION, THE",3,54096865,0.06
MI,2023,automobile,0000776,LM GENERAL INSURANCE COMPANY,19,65768699,0.29
MI,2023,automobile,0000713,LM INSURANCE CORPORATION,2,5801046,0.34
MI,2023,automobile,0000163,MEEMIC INSURANCE COMPANY,22,285349139,0.08
MI,2023,automobile,0000327,MEMBERSELECT INSURANCE COMPANY,93,801902114,0.12
MI,2023,automobile,0000839,MIC GENERAL INSURANCE CORPORATION,4,11263601,0.36
MI,2023,automobile,0002217,MICHIGAN AUTOMOBILE INSURANCE PLACEMENT FACILITY,1,13919510,0.07
MI,2023,automobile,0015812,MICHIGAN INSURANCE COMPANY,5,54268570,0.09
MI,2023,automobile,0000448,NATIONAL GENERAL INSURANCE COMPANY,12,26543192,0.45
MI,2023,automobile,0000262,NATIONAL LIABILITY & FIRE INSURANCE COMPANY,1,2822086,0.35
MI,2023,automobile,0000422,OCCIDENTAL FIRE AND CASUALTY COMPANY OF NORTH CAROLINA,1,1242835,0.8
MI,2023,automobile,0000472,OHIO FARMERS' INSURANCE COMPANY,1,1625682,0.62
MI,2023,automobile,0000470,OHIO SECURITY INSURANCE COMPANY,1,2817500,0.35
MI,2023,automobile,0000188,PHILADELPHIA INDEMNITY INSURANCE COMPANY,2,16437717,0.12
MI,2023,automobile,0000193,PIONEER STATE MUTUAL INSURANCE COMPANY,11,165903164,0.07
MI,2023,automobile,0040548,PROGRESSIVE MARATHON INSURANCE COMPANY,284,1386435466,0.2
MI,2023,automobile,0000010,PROGRESSIVE MICHIGAN INSURANCE COMPANY,122,840507196,0.15
MI,2023,automobile,0002157,PROPERTY AND CASUALTY INSURANCE COMPANY OF HARTFORD,2,11011794,0.18
MI,2023,automobile,0000080,PROTECTIVE INSURANCE COMPANY,1,6229430,0.16
MI,2023,automobile,0000851,SAFECO INSURANCE COMPANY OF ILLINOIS,7,47353190,0.15
MI,2023,automobile,0016215,SECURA SUPREME INSURANCE COMPANY,1,5469891,0.18
MI,2023,automobile,0000521,SENTRY INSURANCE COMPANY,1,9186175,0.11
MI,2023,automobile,0000527,STATE AUTO PROPERTY AND CASUALTY INSURANCE COMPANY,8,17934439,0.45
MI,2023,automobile,0000529,STATE FARM FIRE AND CASUALTY COMPANY,4,1950041,2.05
MI,2023,automobile,0000531,STATE FARM MUTUAL AUTOMOBILE INSURANCE COMPANY,214,1877061290,0.11
MI,2023,automobile,0000773,TITAN INSURANCE COMPANY,10,44842369,0.22
MI,2023,automobile,0000549,"TRAVELERS INDEMNITY COMPANY OF AMERICA, THE",2,5780295,0.35
MI,2023,automobile,0000550,TRAVELERS PROPERTY CASUALTY COMPANY OF AMERICA,1,11410140,0.09
MI,2023,automobile,0000347,TRUCK INSURANCE EXCHANGE,3,21775541,0.14
MI,2023,automobile,0002167,TRUMBULL INSURANCE COMPANY,11,52623003,0.21
MI,2023,automobile,0000561,UNITED SERVICES AUTOMOBILE ASSOCIATION,7,80975221,0.09
MI,2023,automobile,0041267,UNITED STATES FIRE INSURANCE COMPANY,2,2926646,0.68
MI,2023,automobile,0000657,USA UNDERWRITERS INSURANCE COMPANY,9,35530072,0.25
MI,2023,automobile,0000562,USAA CASUALTY INSURANCE COMPANY,18,194576467,0.09
MI,2023,automobile,0000291,VALLEY FORGE INSURANCE COMPANY,2,3520739,0.57
MI,2023,automobile,0000473,WESTFIELD INSURANCE COMPANY,1,12140674,0.08
MI,2023,automobile,0019392,ZURICH AMERICAN INSURANCE COMPANY,2,43612095,0.05
MI,2023,homeowners,0000219,ALLSTATE INDEMNITY COMPANY,6,16870966,0.36
MI,2023,homeowners,0000218,ALLSTATE INSURANCE COMPANY,10,23783933,0.42
MI,2023,homeowners,0000182,ALLSTATE PROPERTY AND CASUALTY INSURANCE COMPANY,8,34120638,0.23
MI,2023,homeowners,0000817,ALLSTATE VEHICLE AND PROPERTY INSURANCE COMPANY,53,167756424,0.32
MI,2023,homeowners,0000005,AMERICAN BANKERS INSURANCE COMPANY OF FLORIDA,4,11912628,0.34
MI,2023,homeowners,0000242,AMERICAN ECONOMY INSURANCE COMPANY,12,64023473,0.19
MI,2023,homeowners,0066001,AMERICAN FAMILY CONNECT PROPERTY AND CASUALTY INSURANCE COMPANY,3,13431944,0.22
MI,2023,homeowners,0105350,AMERICAN MODERN PROPERTY AND CASUALTY INSURANCE COMPANY,8,32097644,0.25
MI,2023,homeowners,0000260,AMERICAN SELECT INSURANCE COMPANY,2,18942044,0.11
MI,2023,homeowners,0103310,AMERICAN STRATEGIC INSURANCE CORP.,24,107111943,0.22
MI,2023,homeowners,0020959,AMGUARD INSURANCE COMPANY,5,16180400,0.31
MI,2023,homeowners,0000258,AMICA MUTUAL INSURANCE COMPANY,1,11888072,0.08
MI,2023,homeowners,0000902,ARMED FORCES INSURANCE EXCHANGE,3,1061520,2.83
MI,2023,homeowners,0000326,AUTO CLUB GROUP INSURANCE COMPANY,13,63427659,0.2
MI,2023,homeowners,0000325,AUTO CLUB INSURANCE ASSOCIATION,33,130658362,0.25
MI,2023,homeowners,0000209,AUTO-OWNERS INSURANCE COMPANY,64,626390883,0.1
MI,2023,homeowners,0000592,CENTURY-NATIONAL INSURANCE COMPANY,1,1951504,0.51
MI,2023,homeowners,0000030,"CINCINNATI INSURANCE COMPANY, THE",1,27581777,0.04
MI,2023,homeowners,0000676,CITIZENS INSURANCE COMPANY OF AMERICA,4,6542071,0.61
MI,2023,homeowners,0016316,CITIZENS INSURANCE COMPANY OF THE MIDWEST,29,335608131,0.09
MI,2023,homeowners,0000922,DEPOSITORS INSURANCE COMPANY,1,7681769,0.13
MI,2023,homeowners,0017590,ESURANCE INSURANCE COMPANY,4,4932056,0.81
MI,2023,homeowners,0000342,FARM BUREAU GENERAL INSURANCE COMPANY OF MICHIGAN,34,204577159,0.17
MI,2023,homeowners,0000343,FARM BUREAU MUTUAL INSURANCE COMPANY OF MICHIGAN,6,100030664,0.06
MI,2023,homeowners,0000651,FARMERS AND MERCHANTS MUTUAL FIRE INSURANCE COMPANY,1,4277617,0.23
MI,2023,homeowners,0000725,FARMERS GROUP PROPERTY AND CASUALTY INSURANCE COMPANY,10,16945874,0.59
MI,2023,homeowners,0000344,FARMERS INSURANCE EXCHANGE,7,47658341,0.15
MI,2023,homeowners,0000709,FARMERS MUTUAL INSURANCE COMPANY OF MICHIGAN,1,2158164,0.46
MI,2023,homeowners,0000575,FARMERS PROPERTY AND CASUALTY INSURANCE COMPANY,2,2300315,0.87
MI,2023,homeowners,0000345,FIRE INSURANCE EXCHANGE,5,18128511,0.28
MI,2023,homeowners,0000041,"FOREMOST INSURANCE COMPANY GRAND RAPIDS, MICHIGAN",4,94998224,0.04
MI,2023,homeowners,0000061,FOREMOST PROPERTY AND CASUALTY INSURANCE COMPANY,2,5430396,0.37
MI,2023,homeowners,0000117,FRANKENMUTH INSURANCE COMPANY,12,104715781,0.11
MI,2023,homeowners,0000118,FREMONT INSURANCE COMPANY,9,87048202,0.1
MI,2023,homeowners,0024619,GRANGE INSURANCE COMPANY OF MICHIGAN,1,4905707,0.2
MI,2023,homeowners,0000803,HARTFORD INSURANCE COMPANY OF THE MIDWEST,2,4250460,0.47
MI,2023,homeowners,0000122,HASTINGS INSURANCE COMPANY,7,37652542,0.19
MI,2023,homeowners,0000587,HOME-OWNERS INSURANCE COMPANY,1,8331771,0.12
MI,2023,homeowners,0000181,HOMESITE INSURANCE COMPANY,3,4787591,0.63
MI,2023,homeowners,0021443,HOMESITE INSURANCE COMPANY OF THE MIDWEST,36,151204391,0.24
MI,2023,homeowners,0000634,INTEGON NATIONAL INSURANCE COMPANY,4,4902967,0.82
MI,2023,homeowners,0111875,LEMONADE INSURANCE COMPANY,5,6919397,0.72
MI,2023,homeowners,0000917,LIBERTY INSURANCE CORPORATION,3,2393896,1.25
MI,2023,homeowners,0000417,LIBERTY MUTUAL FIRE INSURANCE COMPANY,3,15632638,0.19
MI,2023,homeowners,0000418,LIBERTY MUTUAL INSURANCE COMPANY,1,3821975,0.26
MI,2023,homeowners,0116235,LIBERTY MUTUAL PERSONAL INSURANCE COMPANY,16,74293595,0.22
MI,2023,homeowners,0000713,LM INSURANCE CORPORATION,1,4239967,0.24
MI,2023,homeowners,0000163,MEEMIC INSURANCE COMPANY,15,106309759,0.14
MI,2023,homeowners,0000327,MEMBERSELECT INSURANCE COMPANY,37,146750588,0.25
MI,2023,homeowners,0002218,MICHIGAN BASIC PROPERTY INS ASSOCIATION,2,11814887,0.17
MI,2023,homeowners,0015812,MICHIGAN INSURANCE COMPANY,1,13573176,0.07
MI,2023,homeowners,0000263,NATIONAL FIRE AND MARINE INSURANCE COMPANY,1,5842631,0.17
MI,2023,homeowners,0000451,NATIONWIDE GENERAL INSURANCE COMPANY,8,29127991,0.27
MI,2023,homeowners,0000653,NORTHERN MUTUAL INSURANCE COMPANY,1,14349590,0.07
MI,2023,homeowners,0040345,PEERLESS INDEMNITY INSURANCE COMPANY,2,11417339,0.18
MI,2023,homeowners,0000193,PIONEER STATE MUTUAL INSURANCE COMPANY,9,93766267,0.1
MI,2023,homeowners,0002157,PROPERTY AND CASUALTY INSURANCE COMPANY OF HARTFORD,2,4904068,0.41
MI,2023,homeowners,0000505,SAFECO INSURANCE COMPANY OF AMERICA,3,35791514,0.08
MI,2023,homeowners,0000485,SPINNAKER INSURANCE COMPANY,2,3528362,0.57
MI,2023,homeowners,0000929,STANDARD GUARANTY INSURANCE COMPANY,2,22104358,0.09
MI,2023,homeowners,0000527,STATE AUTO PROPERTY AND CASUALTY INSURANCE COMPANY,4,31548867,0.13
MI,2023,homeowners,0000528,STATE AUTOMOBILE MUTUAL INSURANCE COMPANY,1,5126718,0.2
MI,2023,homeowners,0000529,STATE FARM FIRE AND CASUALTY COMPANY,163,633553285,0.26
MI,2023,homeowners,0000403,TEACHERS INSURANCE COMPANY,2,5714667,0.35
MI,2023,homeowners,0068587,TRAVCO INSURANCE COMPANY,13,17038251,0.76
MI,2023,homeowners,0002167,TRUMBULL INSURANCE COMPANY,9,20026489,0.45
MI,2023,homeowners,0000038,UNITED CASUALTY INSURANCE COMPANY OF AMERICA,2,1063693,1.88
MI,2023,homeowners,0000561,UNITED SERVICES AUTOMOBILE ASSOCIATION,5,48327321,0.1
MI,2023,homeowners,0105887,UNIVERSAL PROPERTY & CASUALTY INSURANCE COMPANY,6,7708224,0.78
MI,2023,homeowners,0000562,USAA CASUALTY INSURANCE COMPANY,9,85580439,0.11
MI,2023,homeowners,0000150,WOLVERINE INSURANCE COMPANY,3,10267701,0.29
MI,2023,homeowners,0019392,ZURICH AMERICAN INSURANCE COMPANY,1,23923306,0.04
MI,2023,life,0021107,AAA LIFE INSURANCE COMPANY,15,51320991,0.29
MI,2023,life,0085598,ACCENDO INSURANCE COMPANY,3,3512133,0.85
MI,2023,life,0092114,ACCORDIA LIFE AND ANNUITY COMPANY,3,14188591,0.21
MI,2023,life,0001660,ALLIANZ LIFE INSURANCE COMPANY OF NORTH AMERICA,2,33158407,0.06
MI,2023,life,0001064,AMERICAN FIDELITY ASSURANCE COMPANY,1,2319658,0.43
MI,2023,life,0001067,AMERICAN GENERAL LIFE INSURANCE COMPANY,15,97488551,0.15
MI,2023,life,0001071,AMERICAN INCOME LIFE INSURANCE COMPANY,4,38585915,0.1
MI,2023,life,0001357,AMERICAN MEMORIAL LIFE INSURANCE COMPANY,1,11299302,0.09
MI,2023,life,0001079,AMERICAN NATIONAL INSURANCE COMPANY,3,14566500,0.21
MI,2023,life,0001125,AMERICO FINANCIAL LIFE AND ANNUITY INSURANCE COMPANY,6,14090594,0.43
MI,2023,life,0001097,AMERITAS LIFE INSURANCE CORP,1,21193907,0.05
MI,2023,life,0001489,AMICA LIFE INSURANCE COMPANY,1,1076779,0.93
MI,2023,life,0001107,ATHENE ANNUITY & LIFE ASSURANCE COMPANY,1,1329005,0.75
MI,2023,life,0001113,ATHENE ANNUITY AND LIFE COMPANY,2,4556208,0.44
MI,2023,life,0001092,AUTO-OWNERS LIFE INSURANCE COMPANY,1,30816263,0.03
MI,2023,life,0001716,BANNER LIFE INSURANCE COMPANY,1,43951066,0.02
MI,2023,life,0001627,BRIGHTHOUSE LIFE INSURANCE COMPANY,2,58233514,0.03
MI,2023,life,0001554,"CANADA LIFE ASSURANCE COMPANY, THE",1,1776872,0.56
MI,2023,life,0001514,"CINCINNATI LIFE INSURANCE COMPANY, THE",1,18122934,0.06
MI,2023,life,0001150,CMFG LIFE INSURANCE COMPANY,4,55993151,0.07
MI,2023,life,0001512,COLUMBIAN LIFE INSURANCE COMPANY,3,7093779,0.42
MI,2023,life,0001130,COLUMBIAN MUTUAL LIFE INSURANCE COMPANY,1,1271328,0.79
MI,2023,life,0001745,COLUMBUS LIFE INSURANCE COMPANY,4,6830157,0.59
MI,2023,life,0001131,COMBINED INSURANCE COMPANY OF AMERICA,1,2435299,0.41
MI,2023,life,0001137,CONNECTICUT GENERAL LIFE INSURANCE COMPANY,1,6732129,0.15
MI,2023,life,0001160,EQUITABLE FINANCIAL LIFE INSURANCE COMPANY,5,85601682,0.06
MI,2023,life,0001166,FARMERS NEW WORLD LIFE INSURANCE COMPANY,3,11753826,0.26
MI,2023,life,0001172,FIDELITY & GUARANTY LIFE INSURANCE COMPANY,4,10679122,0.37
MI,2023,life,0001174,"FIDELITY LIFE ASSOCIATION, A LEGAL RESERVE LIFE INSURANCE COMPANY",2,5847769,0.34
MI,2023,life,0001254,GENWORTH LIFE AND ANNUITY INSURANCE COMPANY,3,26074692,0.12
MI,2023,life,0001463,GERBER LIFE INSURANCE COMPANY,7,17361962,0.4
MI,2023,life,0000973,GLEANER LIFE INSURANCE SOCIETY,2,5108550,0.39
MI,2023,life,0001666,GLOBE LIFE AND ACCIDENT INSURANCE COMPANY,5,29248554,0.17
MI,2023,life,0018248,GREAT WESTERN INSURANCE COMPANY,2,2404034,0.83
MI,2023,life,0001206,"GUARDIAN LIFE INSURANCE COMPANY OF AMERICA, THE",2,59451979,0.03
MI,2023,life,0001042,"INDEPENDENT ORDER OF FORESTERS, THE",2,18656413,0.11
MI,2023,life,0001235,JACKSON NATIONAL LIFE INSURANCE COMPANY,4,24720184,0.16
MI,2023,life,0001268,JOHN HANCOCK LIFE INSURANCE COMPANY (U.S.A.),3,180198938,0.02
MI,2023,life,0001240,KANSAS CITY LIFE INSURANCE COMPANY,1,6081036,0.16
MI,2023,life,0001253,LIFE INSURANCE COMPANY OF THE SOUTHWEST,1,31430942,0.03
MI,2023,life,0001257,LINCOLN BENEFIT LIFE COMPANY,3,39627186,0.08
MI,2023,life,0001274,LINCOLN HERITAGE LIFE INSURANCE COMPANY,2,7165811,0.28
MI,2023,life,0001260,"LINCOLN NATIONAL LIFE INSURANCE COMPANY, THE",6,294072333,0.02
MI,2023,life,0001498,LUMICO LIFE INSURANCE COMPANY,1,3652047,0.27
MI,2023,life,0001612,MEMBERS LIFE INSURANCE COMPANY,1,1855017,0.54
MI,2023,life,0001278,METROPOLITAN LIFE INSURANCE COMPANY,14,655338012,0.02
MI,2023,life,0001729,METROPOLITAN TOWER LIFE INSURANCE COMPANY,3,13225501,0.23
MI,2023,life,0001281,MIDLAND NATIONAL LIFE INSURANCE COMPANY,1,26191365,0.04
MI,2023,life,0001287,MINNESOTA LIFE INSURANCE COMPANY,3,142174274,0.02
MI,2023,life,0001352,NASSAU LIFE INSURANCE COMPANY,1,23626449,0.04
MI,2023,life,0001306,NATIONAL LIFE INSURANCE COMPANY,1,6173912,0.16
MI,2023,life,0001677,NATIONWIDE LIFE AND ANNUITY INSURANCE COMPANY,1,125046047,0.01
MI,2023,life,0001668,NEW YORK LIFE INSURANCE AND ANNUITY CORPORATION,1,553580931,0.0
MI,2023,life,0001316,NEW YORK LIFE INSURANCE COMPANY,5,122707875,0.04
MI,2023,life,0001317,NORTH AMERICAN COMPANY FOR LIFE AND HEALTH INSURANCE,2,36491335,0.05
MI,2023,life,0001323,"NORTHWESTERN MUTUAL LIFE INSURANCE COMPANY, THE",3,362806282,0.01
MI,2023,life,0001339,PACIFIC LIFE INSURANCE COMPANY,2,121674878,0.02
MI,2023,life,0001346,"PENN MUTUAL LIFE INSURANCE COMPANY, THE",1,52467530,0.02
MI,2023,life,0001273,PRIMERICA LIFE INSURANCE COMPANY,3,69607927,0.04
MI,2023,life,0001363,PROTECTIVE LIFE INSURANCE COMPANY,4,677504169,0.01
MI,2023,life,0001365,PROVIDENT LIFE AND ACCIDENT INSURANCE COMPANY,1,6191773,0.16
MI,2023,life,0001539,PRUCO LIFE INSURANCE COMPANY,2,153121871,0.01
MI,2023,life,0001368,"PRUDENTIAL INSURANCE COMPANY OF AMERICA, THE",5,84775462,0.06
MI,2023,life,0001377,RELIANCE STANDARD LIFE INSURANCE COMPANY,1,27206496,0.04
MI,2023,life,0001324,RELIASTAR LIFE INSURANCE COMPANY,3,39530737,0.08
MI,2023,life,0001233,RIVERSOURCE LIFE INSURANCE COMPANY,1,34564269,0.03
MI,2023,life,0001033,ROYAL NEIGHBORS OF AMERICA,2,5565691,0.36
MI,2023,life,0015260,"S.USA LIFE INSURANCE COMPANY, INC.",1,4611504,0.22
MI,2023,life,0001401,STATE FARM LIFE INSURANCE COMPANY,7,150789760,0.05
MI,2023,life,0001560,SUN LIFE ASSURANCE COMPANY OF CANADA,2,42894835,0.05
MI,2023,life,0001383,SYMETRA LIFE INSURANCE COMPANY,1,21335423,0.05
MI,2023,life,0001470,TALCOTT RESOLUTION LIFE AND ANNUITY INSURANCE COMPANY,1,16009272,0.06
MI,2023,life,0000964,THRIVENT FINANCIAL FOR LUTHERANS,2,57364608,0.03
MI,2023,life,0019343,TIAA-CREF LIFE INSURANCE COMPANY,1,5898825,0.17
MI,2023,life,0001613,TRANSAMERICA LIFE INSURANCE COMPANY,18,85966058,0.21
MI,2023,life,0001428,UNITED HOME LIFE INSURANCE COMPANY,2,1768501,1.13
MI,2023,life,0001429,UNITED INSURANCE COMPANY OF AMERICA,2,7160374,0.28
MI,2023,life,0001425,UNITED OF OMAHA LIFE INSURANCE COMPANY,7,119576862,0.06
MI,2023,life,0001134,UNUM LIFE INSURANCE COMPANY OF AMERICA,2,66136073,0.03
MI,2023,life,0001419,USAA LIFE INSURANCE COMPANY,1,11884446,0.08
MI,2023,life,0001144,WILCAC LIFE INSURANCE COMPANY,4,2474168,1.62
MI,2023,life,0001656,ZURICH AMERICAN LIFE INSURANCE COMPANY,1,5436868,0.18
MI,2024,accident_health,0021107,AAA LIFE INSURANCE COMPANY,1,3039765,0.33
MI,2024,accident_health,0068041,AETNA BETTER HEALTH OF MICHIGAN INC.,3,458436462,0.01
MI,2024,accident_health,0001533,AETNA HEALTH AND LIFE INSURANCE COMPANY,4,6879324,0.58
MI,2024,accident_health,0015914,AETNA HEALTH OF MICHIGAN INC.,4,669658909,0.01
MI,2024,accident_health,0001049,AETNA LIFE INSURANCE COMPANY,34,951081783,0.04
MI,2024,accident_health,0002174,ALLIANCE HEALTH AND LIFE INSURANCE COMPANY,69,444278419,0.16
MI,2024,accident_health,0001660,ALLIANZ LIFE INSURANCE COMPANY OF NORTH AMERICA,1,3325001,0.3
MI,2024,accident_health,0083731,AMERICAN CONTINENTAL INSURANCE COMPANY,1,15139662,0.07
MI,2024,accident_health,0112481,AMERICAN FAMILY LIFE ASSURANCE COMPANY OF COLUMBUS,6,116404182,0.05
MI,2024,accident_health,0001067,AMERICAN GENERAL LIFE INSURANCE COMPANY,2,1171981,1.71
MI,2024,accident_health,0001070,AMERICAN HERITAGE LIFE INSURANCE COMPANY,1,12120601,0.08
MI,2024,accident_health,0001071,AMERICAN INCOME LIFE INSURANCE COMPANY,1,2359947,0.42
MI,2024,accident_health,0001082,AMERICAN UNITED LIFE INSURANCE COMPANY,1,8851583,0.11
MI,2024,accident_health,0001097,AMERITAS LIFE INSURANCE CORP,12,23510352,0.51
MI,2024,accident_health,0001477,ASSURITY LIFE INSURANCE COMPANY,2,36794630,0.05
MI,2024,accident_health,0016847,BANKERS FIDELITY LIFE INSURANCE COMPANY,1,5360296,0.19
MI,2024,accident_health,0001095,BANKERS LIFE AND CASUALTY COMPANY,4,15707768,0.25
MI,2024,accident_health,0000826,BCS INSURANCE COMPANY,1,15109838,0.07
MI,2024,accident_health,0001787,BLUE CARE NETWORK OF MICHIGAN,94,4643635743,0.02
MI,2024,accident_health,0100875,BLUE CROSS BLUE SHIELD OF MICHIGAN MUTUAL INSURANCE COMPANY,724,12503432543,0.06
MI,2024,accident_health,0036637,BLUE CROSS COMPLETE OF MICHIGAN LLC,44,1436530454,0.03
MI,2024,accident_health,0115659,"CCA HEALTH MICHIGAN, INC.",1,14562408,0.07
MI,2024,accident_health,0118024,CENTENE VENTURE COMPANY MICHIGAN,1,57618524,0.02
MI,2024,accident_health,0000027,CHEROKEE INSURANCE COMPANY,1,74130034,0.01
MI,2024,accident_health,0001336,CIGNA HEALTH AND LIFE INSURANCE COMPANY,37,237077907,0.16
MI,2024,accident_health,0001150,CMFG LIFE INSURANCE COMPANY,1,33626663,0.03
MI,2024,accident_health,0001127,COLONIAL LIFE & ACCIDENT INSURANCE COMPANY,1,18395481,0.05
MI,2024,accident_health,0001131,COMBINED INSURANCE COMPANY OF AMERICA,3,11330318,0.26
MI,2024,accident_health,0001522,COMPANION LIFE INSURANCE COMPANY,1,34211868,0.03
MI,2024,accident_health,0079172,CONTINENTAL AMERICAN INSURANCE COMPANY,5,26057512,0.19
MI,2024,accident_health,0000286,CONTINENTAL CASUALTY COMPANY,4,11470628,0.35
MI,2024,accident_health,0020718,"CONTINENTAL LIFE INSURANCE COMPANY OF BRENTWOOD, TENNESSEE",3,44160955,0.07
MI,2024,accident_health,0000962,"DELTA DENTAL PLAN OF MICHIGAN, INC.",27,794748847,0.03
MI,2024,accident_health,0068671,DENTEGRA INSURANCE COMPANY,1,13261978,0.08
MI,2024,accident_health,0001485,FIDELITY SECURITY LIFE INSURANCE COMPANY,2,39831717,0.05
MI,2024,accident_health,0001139,FREEDOM LIFE INSURANCE COMPANY OF AMERICA,7,33532962,0.21
MI,2024,accident_health,0001431,GENWORTH LIFE INSURANCE COMPANY,10,39613496,0.25
MI,2024,accident_health,0001666,GLOBE LIFE AND ACCIDENT INSURANCE COMPANY,2,1413268,1.42
MI,2024,accident_health,0001136,GOLDEN RULE INSURANCE COMPANY,6,44618611,0.13
MI,2024,accident_health,0001205,GUARANTEE TRUST LIFE INSURANCE COMPANY,2,15138639,0.13
MI,2024,accident_health,0001206,"GUARDIAN LIFE INSURANCE COMPANY OF AMERICA, THE",71,107845069,0.66
MI,2024,accident_health,0001460,HARTFORD LIFE AND ACCIDENT INSURANCE COMPANY,5,61734113,0.08
MI,2024,accident_health,0001786,HEALTH ALLIANCE PLAN OF MICHIGAN,84,1617780036,0.05
MI,2024,accident_health,0001115,HEALTHSPRING NATIONAL HEALTH INSURANCE COMPANY,2,6655840,0.3
MI,2024,accident_health,0001494,HUMANA INSURANCE COMPANY,24,2597146248,0.01
MI,2024,accident_health,0128402,HUMANA INSURANCE COMPANY OF KENTUCKY,1,2239329,0.45
MI,2024,accident_health,0094112,"HUMANA MEDICAL PLAN OF MICHIGAN, INC.",7,707599439,0.01
MI,2024,accident_health,0001452,HUMANADENTAL INSURANCE COMPANY,2,1912771,1.05
MI,2024,accident_health,0001268,JOHN HANCOCK LIFE INSURANCE COMPANY (U.S.A.),9,39794091,0.23
MI,2024,accident_health,0001252,LIFE INSURANCE COMPANY OF NORTH AMERICA,3,79428741,0.04
MI,2024,accident_health,0001521,LIFESECURE INSURANCE COMPANY,1,9610193,0.1
MI,2024,accident_health,0001260,"LINCOLN NATIONAL LIFE INSURANCE COMPANY, THE",7,82843633,0.08
MI,2024,accident_health,0001123,MANHATTANLIFE INSURANCE AND ANNUITY COMPANY,11,7041380,1.56
MI,2024,accident_health,0091165,MCLAREN HEALTH PLAN COMMUNITY,11,29855764,0.37
MI,2024,accident_health,0013913,"MCLAREN HEALTH PLAN, INC.",11,1195981431,0.01
MI,2024,accident_health,0021046,"MERIDIAN HEALTH PLAN OF MICHIGAN, INC.",113,2985355194,0.04
MI,2024,accident_health,0001278,METROPOLITAN LIFE INSURANCE COMPANY,15,219530973,0.07
MI,2024,accident_health,0001287,MINNESOTA LIFE INSURANCE COMPANY,4,19096343,0.21
MI,2024,accident_health,0021208,"MOLINA HEALTHCARE OF MICHIGAN, INC.",53,2238942977,0.02
MI,2024,accident_health,0001476,MUTUAL OF OMAHA INSURANCE COMPANY,2,20693305,0.1
MI,2024,accident_health,0001302,NATIONAL GUARDIAN LIFE INSURANCE COMPANY,1,14510125,0.07
MI,2024,accident_health,0001584,NATIONAL HEALTH INSURANCE COMPANY,3,12931534,0.23
MI,2024,accident_health,0000229,"NATIONAL UNION FIRE INSURANCE COMPANY OF PITTSBURGH, PA.",1,3659898,0.27
MI,2024,accident_health,0001316,NEW YORK LIFE INSURANCE COMPANY,1,8258500,0.12
MI,2024,accident_health,0001575,NIPPON LIFE INSURANCE COMPANY OF AMERICA,1,6383366,0.16
MI,2024,accident_health,0115469,OSCAR INSURANCE COMPANY,6,8905312,0.67
MI,2024,accident_health,0001350,PHILADELPHIA AMERICAN LIFE INSURANCE COMPANY,1,4153030,0.24
MI,2024,accident_health,0001551,"PHYSICIANS MUTUAL INSURANCE COMPANY, INC.",1,4318333,0.23
MI,2024,accident_health,0001096,PRINCIPAL LIFE INSURANCE COMPANY,6,85082455,0.07
MI,2024,accident_health,0001799,PRIORITY HEALTH,156,5856652844,0.03
MI,2024,accident_health,0036287,"PRIORITY HEALTH CHOICE, INC.",4,1140329003,0.0
MI,2024,accident_health,0066546,PRIORITY HEALTH INSURANCE COMPANY,5,392803807,0.01
MI,2024,accident_health,0001368,"PRUDENTIAL INSURANCE COMPANY OF AMERICA, THE",14,65461851,0.21
MI,2024,accident_health,0001377,RELIANCE STANDARD LIFE INSURANCE COMPANY,3,31771124,0.09
MI,2024,accident_health,0001233,RIVERSOURCE LIFE INSURANCE COMPANY,3,12316461,0.24
MI,2024,accident_health,0079723,SILVERSCRIPT INSURANCE COMPANY,3,47924586,0.06
MI,2024,accident_health,0001397,STANDARD INSURANCE COMPANY,8,34533386,0.23
MI,2024,accident_health,0075060,STARMOUNT LIFE INSURANCE COMPANY,1,16874974,0.06
MI,2024,accident_health,0001560,SUN LIFE ASSURANCE COMPANY OF CANADA,1,91352792,0.01
MI,2024,accident_health,0001383,SYMETRA LIFE INSURANCE COMPANY,1,35577462,0.03
MI,2024,accident_health,0001682,TIER ONE INSURANCE COMPANY,2,2356155,0.85
MI,2024,accident_health,0001613,TRANSAMERICA LIFE INSURANCE COMPANY,2,32274132,0.06
MI,2024,accident_health,0001447,UNION SECURITY INSURANCE COMPANY,1,1911495,0.52
MI,2024,accident_health,0001804,"UNITED CONCORDIA DENTAL PLANS OF THE MIDWEST, INC.",1,1774082,0.56
MI,2024,accident_health,0001425,UNITED OF OMAHA LIFE INSURANCE COMPANY,4,111180065,0.04
MI,2024,accident_health,0001493,UNITED WORLD LIFE INSURANCE COMPANY,1,22797660,0.04
MI,2024,accident_health,0012835,"UNITEDHEALTHCARE COMMUNITY PLAN, INC.",42,1981487899,0.02
MI,2024,accident_health,0001541,UNITEDHEALTHCARE INSURANCE COMPANY,62,1235338546,0.05
MI,2024,accident_health,0072655,UNIVERSITY OF MICHIGAN HEALTH INSURANCE COMPANY,3,16404762,0.18
MI,2024,accident_health,0001791,UNIVERSITY OF MICHIGAN HEALTH PLAN,6,142575512,0.04
MI,2024,accident_health,0001134,UNUM LIFE INSURANCE COMPANY OF AMERICA,7,140446824,0.05
MI,2024,accident_health,0021047,"UPPER PENINSULA HEALTH PLAN, LLC",1,340266570,0.0
MI,2024,accident_health,0014731,US HEALTH AND LIFE INSURANCE COMPANY,3,1538706,1.95
MI,2024,accident_health,0000867,VISION SERVICE PLAN INSURANCE COMPANY,14,74937031,0.19
MI,2024,accident_health,0001445,WASHINGTON NATIONAL INSURANCE COMPANY,2,10508431,0.19
MI,2024,accident_health,0019392,ZURICH AMERICAN INSURANCE COMPANY,1,5662967,0.18
MI,2024,annuity,0021107,AAA LIFE INSURANCE COMPANY,1,22218758,0.05
MI,2024,annuity,0001660,ALLIANZ LIFE INSURANCE COMPANY OF NORTH AMERICA,6,674743727,0.01
MI,2024,annuity,0001681,AMERICAN EQUITY INVESTMENT LIFE INSURANCE COMPANY,1,234479709,0.0
MI,2024,annuity,0001067,AMERICAN GENERAL LIFE INSURANCE COMPANY,5,591647701,0.01
MI,2024,annuity,0001079,AMERICAN NATIONAL INSURANCE COMPANY,2,189848615,0.01
MI,2024,annuity,0001113,ATHENE ANNUITY AND LIFE COMPANY,2,1437880715,0.0
MI,2024,annuity,0001092,AUTO-OWNERS LIFE INSURANCE COMPANY,1,39937265,0.03
MI,2024,annuity,0001095,BANKERS LIFE AND CASUALTY COMPANY,1,88251688,0.01
MI,2024,annuity,0001627,BRIGHTHOUSE LIFE INSURANCE COMPANY,2,364781242,0.01
MI,2024,annuity,0092088,CLEAR SPRING LIFE AND ANNUITY COMPANY,1,69664464,0.01
MI,2024,annuity,0001160,EQUITABLE FINANCIAL LIFE INSURANCE COMPANY,1,270359190,0.0
MI,2024,annuity,0001164,FARM BUREAU LIFE INSURANCE COMPANY OF MICHIGAN,1,34453992,0.03
MI,2024,annuity,0001172,FIDELITY & GUARANTY LIFE INSURANCE COMPANY,2,588792229,0.0
MI,2024,annuity,0001670,FORETHOUGHT LIFE INSURANCE COMPANY,1,600627425,0.0
MI,2024,annuity,0001235,JACKSON NATIONAL LIFE INSURANCE COMPANY,7,829149846,0.01
MI,2024,annuity,0001253,LIFE INSURANCE COMPANY OF THE SOUTHWEST,2,217477168,0.01
MI,2024,annuity,0001275,MASSACHUSETTS MUTUAL LIFE INSURANCE COMPANY,2,494617828,0.0
MI,2024,annuity,0001278,METROPOLITAN LIFE INSURANCE COMPANY,4,74725246,0.05
MI,2024,annuity,0001281,MIDLAND NATIONAL LIFE INSURANCE COMPANY,1,299667214,0.0
MI,2024,annuity,0001709,NASSAU LIFE AND ANNUITY COMPANY,1,93613594,0.01
MI,2024,annuity,0001311,NATIONAL WESTERN LIFE INSURANCE COMPANY,3,4210456,0.71
MI,2024,annuity,0001677,NATIONWIDE LIFE AND ANNUITY INSURANCE COMPANY,2,225076732,0.01
MI,2024,annuity,0001312,NATIONWIDE LIFE INSURANCE COMPANY,1,371397626,0.0
MI,2024,annuity,0001668,NEW YORK LIFE INSURANCE AND ANNUITY CORPORATION,1,345356372,0.0
MI,2024,annuity,0001316,NEW YORK LIFE INSURANCE COMPANY,1,9867351,0.1
MI,2024,annuity,0001317,NORTH AMERICAN COMPANY FOR LIFE AND HEALTH INSURANCE,1,238356697,0.0
MI,2024,annuity,0001379,OCEANVIEW LIFE AND ANNUITY COMPANY,3,205947229,0.01
MI,2024,annuity,0015260,"S.USA LIFE INSURANCE COMPANY, INC.",1,149628755,0.01
MI,2024,annuity,0001385,SECURITY BENEFIT LIFE INSURANCE COMPANY,2,237900984,0.01
MI,2024,annuity,0022991,SILAC INSURANCE COMPANY,6,306333957,0.02
MI,2024,annuity,0001401,STATE FARM LIFE INSURANCE COMPANY,1,10363284,0.1
MI,2024,annuity,0019343,TIAA-CREF LIFE INSURANCE COMPANY,3,1529258,1.96
MI,2024,annuity,0001613,TRANSAMERICA LIFE INSURANCE COMPANY,1,279474373,0.0
MI,2024,annuity,0001441,"VARIABLE ANNUITY LIFE INSURANCE COMPANY, THE",1,126522511,0.01
MI,2024,annuity,0001618,VOYA RETIREMENT INSURANCE AND ANNUITY COMPANY,1,246902289,0.0
MI,2024,automobile,0000401,ACE AMERICAN INSURANCE COMPANY,1,8324577,0.12
MI,2024,automobile,0000631,ALLSTATE FIRE AND CASUALTY INSURANCE COMPANY,47,423432261,0.11
MI,2024,automobile,0000218,ALLSTATE INSURANCE COMPANY,12,10522642,1.14
MI,2024,automobile,0000182,ALLSTATE PROPERTY AND CASUALTY INSURANCE COMPANY,15,89738731,0.17
MI,2024,automobile,0000242,AMERICAN ECONOMY INSURANCE COMPANY,25,109621416,0.23
MI,2024,automobile,0066001,AMERICAN FAMILY CONNECT PROPERTY AND CASUALTY INSURANCE COMPANY,5,14802003,0.34
MI,2024,automobile,0105350,AMERICAN MODERN PROPERTY AND CASUALTY INSURANCE COMPANY,1,3624011,0.28
MI,2024,automobile,0000260,AMERICAN SELECT INSURANCE COMPANY,6,28635450,0.21
MI,2024,automobile,0000231,AMERISURE INSURANCE COMPANY,1,6605830,0.15
MI,2024,automobile,0000429,AMERISURE MUTUAL INSURANCE COMPANY,1,8561477,0.12
MI,2024,automobile,0020959,AMGUARD INSURANCE COMPANY,1,4050915,0.25
MI,2024,automobile,0000258,AMICA MUTUAL INSURANCE COMPANY,2,13857248,0.14
MI,2024,automobile,0000326,AUTO CLUB GROUP INSURANCE COMPANY,33,162519007,0.2
MI,2024,automobile,0000325,AUTO CLUB INSURANCE ASSOCIATION,17,17881372,0.95
MI,2024,automobile,0000209,AUTO-OWNERS INSURANCE COMPANY,77,1563052867,0.05
MI,2024,automobile,0107158,BERKSHIRE HATHAWAY DIRECT INSURANCE COMPANY,5,1058115,4.73
MI,2024,automobile,0075135,BRISTOL WEST PREFERRED INSURANCE COMPANY,36,96987824,0.37
MI,2024,automobile,0000616,"CINCINNATI CASUALTY COMPANY, THE",1,29517258,0.03
MI,2024,automobile,0000030,"CINCINNATI INSURANCE COMPANY, THE",1,45215073,0.02
MI,2024,automobile,0016316,CITIZENS INSURANCE COMPANY OF THE MIDWEST,45,641309231,0.07
MI,2024,automobile,0107648,CITIZENS UNITED RECIPROCAL EXCHANGE,223,112056325,1.99
MI,2024,automobile,0000818,ESSENTIA INSURANCE COMPANY,4,34559755,0.12
MI,2024,automobile,0050573,ESURANCE PROPERTY AND CASUALTY INSURANCE COMPANY,13,74466362,0.17
MI,2024,automobile,0000006,EVEREST NATIONAL INSURANCE COMPANY,4,3647630,1.1
MI,2024,automobile,0000342,FARM BUREAU GENERAL INSURANCE COMPANY OF MICHIGAN,28,523434447,0.05
MI,2024,automobile,0000343,FARM BUREAU MUTUAL INSURANCE COMPANY OF MICHIGAN,7,89301311,0.08
MI,2024,automobile,0018298,FARMERS DIRECT PROPERTY AND CASUALTY INSURANCE COMPANY,2,1679697,1.19
MI,2024,automobile,0000725,FARMERS GROUP PROPERTY AND CASUALTY INSURANCE COMPANY,10,37851711,0.26
MI,2024,automobile,0000344,FARMERS INSURANCE EXCHANGE,24,75240474,0.32
MI,2024,automobile,0000117,FRANKENMUTH INSURANCE COMPANY,11,243027627,0.05
MI,2024,automobile,0000118,FREMONT INSURANCE COMPANY,8,196363062,0.04
MI,2024,automobile,0000758,GEICO GENERAL INSURANCE COMPANY,5,14613697,0.34
MI,2024,automobile,0000367,GEICO INDEMNITY COMPANY,15,50861304,0.29
MI,2024,automobile,0000368,GOVERNMENT EMPLOYEES INSURANCE COMPANY,25,75360130,0.33
MI,2024,automobile,0024619,GRANGE INSURANCE COMPANY OF MICHIGAN,4,9908233,0.4
MI,2024,automobile,0000047,GREAT WEST CASUALTY COMPANY,1,45518699,0.02
MI,2024,automobile,0000438,HARLEYSVILLE INSURANCE COMPANY,1,2218910,0.45
MI,2024,automobile,0000827,HARTFORD INSURANCE COMPANY OF THE SOUTHEAST,12,18470626,0.65
MI,2024,automobile,0000122,HASTINGS INSURANCE COMPANY,7,70614229,0.1
MI,2024,automobile,0000587,HOME-OWNERS INSURANCE COMPANY,10,11611546,0.86
MI,2024,automobile,0019417,HORACE MANN PROPERTY & CASUALTY INSURANCE COMPANY,2,16292317,0.12
MI,2024,automobile,0000933,INDEMNITY INSURANCE COMPANY OF NORTH AMERICA,1,2421768,0.41
MI,2024,automobile,0000634,INTEGON NATIONAL INSURANCE COMPANY,9,7493202,1.2
MI,2024,automobile,0000417,LIBERTY MUTUAL FIRE INSURANCE COMPANY,4,13540636,0.3
MI,2024,automobile,0000418,LIBERTY MUTUAL INSURANCE COMPANY,1,2733641,0.37
MI,2024,automobile,0116235,LIBERTY MUTUAL PERSONAL INSURANCE COMPANY,59,155888554,0.38
MI,2024,automobile,0017322,"LIBERTY SURPLUS INSURANCE CORPORATION, THE",1,67213533,0.01
MI,2024,automobile,0000776,LM GENERAL INSURANCE COMPANY,17,50947482,0.33
MI,2024,automobile,0000713,LM INSURANCE CORPORATION,1,3955571,0.25
MI,2024,automobile,0000163,MEEMIC INSURANCE COMPANY,35,313161037,0.11
MI,2024,automobile,0000327,MEMBERSELECT INSURANCE COMPANY,153,992161351,0.15
MI,2024,automobile,0000839,MIC GENERAL INSURANCE CORPORATION,1,6586979,0.15
MI,2024,automobile,0002217,MICHIGAN AUTOMOBILE INSURANCE PLACEMENT FACILITY,3,15317115,0.2
MI,2024,automobile,0015812,MICHIGAN INSURANCE COMPANY,2,52392012,0.04
MI,2024,automobile,0000103,MOTORISTS COMMERCIAL MUTUAL INSURANCE COMPANY,1,5905113,0.17
MI,2024,automobile,0000288,NATIONAL FIRE INSURANCE COMPANY OF HARTFORD,1,10613860,0.09
MI,2024,automobile,0000448,NATIONAL GENERAL INSURANCE COMPANY,16,53898624,0.3
MI,2024,automobile,0000229,"NATIONAL UNION FIRE INSURANCE COMPANY OF PITTSBURGH, PA.",1,17720968,0.06
MI,2024,automobile,0000476,OLD REPUBLIC INSURANCE COMPANY,2,26927021,0.07
MI,2024,automobile,0000188,PHILADELPHIA INDEMNITY INSURANCE COMPANY,1,21332145,0.05
MI,2024,automobile,0000193,PIONEER STATE MUTUAL INSURANCE COMPANY,10,151092101,0.07
MI,2024,automobile,0040548,PROGRESSIVE MARATHON INSURANCE COMPANY,294,1588737596,0.19
MI,2024,automobile,0000010,PROGRESSIVE MICHIGAN INSURANCE COMPANY,107,982586844,0.11
MI,2024,automobile,0002157,PROPERTY AND CASUALTY INSURANCE COMPANY OF HARTFORD,1,10139365,0.1
MI,2024,automobile,0000851,SAFECO INSURANCE COMPANY OF ILLINOIS,7,36403113,0.19
MI,2024,automobile,0000394,SECURA INSURANCE COMPANY,1,31173442,0.03
MI,2024,automobile,0000521,SENTRY INSURANCE COMPANY,2,10820281,0.18
MI,2024,automobile,0000528,STATE AUTOMOBILE MUTUAL INSURANCE COMPANY,2,7934534,0.25
MI,2024,automobile,0000529,STATE FARM FIRE AND CASUALTY COMPANY,8,2081441,3.84
MI,2024,automobile,0000531,STATE FARM MUTUAL AUTOMOBILE INSURANCE COMPANY,201,2006059385,0.1
MI,2024,automobile,0000773,TITAN INSURANCE COMPANY,16,37269505,0.43
MI,2024,automobile,0000549,"TRAVELERS INDEMNITY COMPANY OF AMERICA, THE",1,6039451,0.17
MI,2024,automobile,0000551,"TRAVELERS INDEMNITY COMPANY OF CONNECTICUT, THE",1,14396849,0.07
MI,2024,automobile,0000347,TRUCK INSURANCE EXCHANGE,8,54446184,0.15
MI,2024,automobile,0002167,TRUMBULL INSURANCE COMPANY,7,50088706,0.14
MI,2024,automobile,0000561,UNITED SERVICES AUTOMOBILE ASSOCIATION,4,92726641,0.04
MI,2024,automobile,0041267,UNITED STATES FIRE INSURANCE COMPANY,2,6074745,0.33
MI,2024,automobile,0000657,USA UNDERWRITERS INSURANCE COMPANY,15,39230558,0.38
MI,2024,automobile,0000562,USAA CASUALTY INSURANCE COMPANY,26,225990831,0.12
MI,2024,automobile,0000323,VANLINER INSURANCE COMPANY,1,1146989,0.87
MI,2024,automobile,0000473,WESTFIELD INSURANCE COMPANY,1,11528941,0.09
MI,2024,automobile,0000150,WOLVERINE INSURANCE COMPANY,3,18403487,0.16
MI,2024,homeowners,0000219,ALLSTATE INDEMNITY COMPANY,11,16500028,0.67
MI,2024,homeowners,0000218,ALLSTATE INSURANCE COMPANY,6,22206187,0.27
MI,2024,homeowners,0000182,ALLSTATE PROPERTY AND CASUALTY INSURANCE COMPANY,6,32310433,0.19
MI,2024,homeowners,0000817,ALLSTATE VEHICLE AND PROPERTY INSURANCE COMPANY,66,202169378,0.33
MI,2024,homeowners,0000005,AMERICAN BANKERS INSURANCE COMPANY OF FLORIDA,11,14476213,0.76
MI,2024,homeowners,0000242,AMERICAN ECONOMY INSURANCE COMPANY,12,64615608,0.19
MI,2024,homeowners,0066001,AMERICAN FAMILY CONNECT PROPERTY AND CASUALTY INSURANCE COMPANY,2,2294259,0.87
MI,2024,homeowners,0000432,AMERICAN MODERN HOME INSURANCE COMPANY,1,3286420,0.3
MI,2024,homeowners,0105350,AMERICAN MODERN PROPERTY AND CASUALTY INSURANCE COMPANY,6,39877405,0.15
MI,2024,homeowners,0000260,AMERICAN SELECT INSURANCE COMPANY,1,19713296,0.05
MI,2024,homeowners,0103310,AMERICAN STRATEGIC INSURANCE CORP.,36,134847054,0.27
MI,2024,homeowners,0020959,AMGUARD INSURANCE COMPANY,9,11911179,0.76
MI,2024,homeowners,0000326,AUTO CLUB GROUP INSURANCE COMPANY,12,65777299,0.18
MI,2024,homeowners,0000325,AUTO CLUB INSURANCE ASSOCIATION,49,203684495,0.24
MI,2024,homeowners,0000209,AUTO-OWNERS INSURANCE COMPANY,72,745145555,0.1
MI,2024,homeowners,0000272,CENTRAL INSURANCE COMPANY,1,3175915,0.31
MI,2024,homeowners,0016316,CITIZENS INSURANCE COMPANY OF THE MIDWEST,37,345817853,0.11
MI,2024,homeowners,0000922,DEPOSITORS INSURANCE COMPANY,1,6793766,0.15
MI,2024,homeowners,0017590,ESURANCE INSURANCE COMPANY,1,4472364,0.22
MI,2024,homeowners,0000342,FARM BUREAU GENERAL INSURANCE COMPANY OF MICHIGAN,47,237279211,0.2
MI,2024,homeowners,0000343,FARM BUREAU MUTUAL INSURANCE COMPANY OF MICHIGAN,9,122365984,0.07
MI,2024,homeowners,0000725,FARMERS GROUP PROPERTY AND CASUALTY INSURANCE COMPANY,6,15492747,0.39
MI,2024,homeowners,0000344,FARMERS INSURANCE EXCHANGE,4,46075220,0.09
MI,2024,homeowners,0000709,FARMERS MUTUAL INSURANCE COMPANY OF MICHIGAN,1,2283751,0.44
MI,2024,homeowners,0000575,FARMERS PROPERTY AND CASUALTY INSURANCE COMPANY,1,3776638,0.26
MI,2024,homeowners,0000345,FIRE INSURANCE EXCHANGE,11,32687836,0.34
MI,2024,homeowners,0000041,"FOREMOST INSURANCE COMPANY GRAND RAPIDS, MICHIGAN",8,105597515,0.08
MI,2024,homeowners,0000061,FOREMOST PROPERTY AND CASUALTY INSURANCE COMPANY,3,5926019,0.51
MI,2024,homeowners,0000117,FRANKENMUTH INSURANCE COMPANY,12,121965576,0.1
MI,2024,homeowners,0000118,FREMONT INSURANCE COMPANY,13,104923273,0.12
MI,2024,homeowners,0000654,GREAT LAKES MUTUAL INSURANCE COMPANY,2,2630342,0.76
MI,2024,homeowners,0000827,HARTFORD INSURANCE COMPANY OF THE SOUTHEAST,2,6788230,0.29
MI,2024,homeowners,0000122,HASTINGS INSURANCE COMPANY,4,36120909,0.11
MI,2024,homeowners,0000181,HOMESITE INSURANCE COMPANY,2,1755075,1.14
MI,2024,homeowners,0021443,HOMESITE INSURANCE COMPANY OF THE MIDWEST,63,186987641,0.34
MI,2024,homeowners,0111875,LEMONADE INSURANCE COMPANY,4,7490488,0.53
MI,2024,homeowners,0000917,LIBERTY INSURANCE CORPORATION,1,2471682,0.4
MI,2024,homeowners,0000417,LIBERTY MUTUAL FIRE INSURANCE COMPANY,1,12019096,0.08
MI,2024,homeowners,0000418,LIBERTY MUTUAL INSURANCE COMPANY,6,4706068,1.27
MI,2024,homeowners,0116235,LIBERTY MUTUAL PERSONAL INSURANCE COMPANY,19,66956561,0.28
MI,2024,homeowners,0000713,LM INSURANCE CORPORATION,1,4130266,0.24
MI,2024,homeowners,0000163,MEEMIC INSURANCE COMPANY,19,114415832,0.17
MI,2024,homeowners,0000327,MEMBERSELECT INSURANCE COMPANY,49,133112575,0.37
MI,2024,homeowners,0002218,MICHIGAN BASIC PROPERTY INS ASSOCIATION,2,13850464,0.14
MI,2024,homeowners,0015812,MICHIGAN INSURANCE COMPANY,1,13510377,0.07
MI,2024,homeowners,0000451,NATIONWIDE GENERAL INSURANCE COMPANY,7,25805500,0.27
MI,2024,homeowners,0000814,NATIONWIDE PROPERTY AND CASUALTY INSURANCE COMPANY,2,7288179,0.27
MI,2024,homeowners,0000653,NORTHERN MUTUAL INSURANCE COMPANY,1,17738366,0.06
MI,2024,homeowners,0040345,PEERLESS INDEMNITY INSURANCE COMPANY,5,18546442,0.27
MI,2024,homeowners,0000193,PIONEER STATE MUTUAL INSURANCE COMPANY,23,95166039,0.24
MI,2024,homeowners,0093417,PRIVILEGE UNDERWRITERS RECIPROCAL EXCHANGE,1,17914695,0.06
MI,2024,homeowners,0002157,PROPERTY AND CASUALTY INSURANCE COMPANY OF HARTFORD,1,4838488,0.21
MI,2024,homeowners,0000505,SAFECO INSURANCE COMPANY OF AMERICA,3,32347821,0.09
MI,2024,homeowners,0000485,SPINNAKER INSURANCE COMPANY,2,4256168,0.47
MI,2024,homeowners,0000929,STANDARD GUARANTY INSURANCE COMPANY,2,27642828,0.07
MI,2024,homeowners,0000528,STATE AUTOMOBILE MUTUAL INSURANCE COMPANY,2,4003635,0.5
MI,2024,homeowners,0000529,STATE FARM FIRE AND CASUALTY COMPANY,179,736015724,0.24
MI,2024,homeowners,0111446,THIRD COAST INSURANCE COMPANY,1,4498321,0.22
MI,2024,homeowners,0115539,TOWER HILL PRIME INSURANCE COMPANY,1,2707607,0.37
MI,2024,homeowners,0068587,TRAVCO INSURANCE COMPANY,15,21491215,0.7
MI,2024,homeowners,0000347,TRUCK INSURANCE EXCHANGE,4,2961023,1.35
MI,2024,homeowners,0002167,TRUMBULL INSURANCE COMPANY,3,19055619,0.16
MI,2024,homeowners,0000561,UNITED SERVICES AUTOMOBILE ASSOCIATION,2,52273103,0.04
MI,2024,homeowners,0105887,UNIVERSAL PROPERTY & CASUALTY INSURANCE COMPANY,7,18297086,0.38
MI,2024,homeowners,0000562,USAA CASUALTY INSURANCE COMPANY,11,68727477,0.16
MI,2024,homeowners,0000150,WOLVERINE INSURANCE COMPANY,3,10158490,0.3
MI,2024,life,0021107,AAA LIFE INSURANCE COMPANY,15,52334813,0.29
MI,2024,life,0085598,ACCENDO INSURANCE COMPANY,4,4304200,0.93
MI,2024,life,0001660,ALLIANZ LIFE INSURANCE COMPANY OF NORTH AMERICA,1,39254959,0.03
MI,2024,life,0112481,AMERICAN FAMILY LIFE ASSURANCE COMPANY OF COLUMBUS,1,7294181,0.14
MI,2024,life,0001067,AMERICAN GENERAL LIFE INSURANCE COMPANY,5,100961797,0.05
MI,2024,life,0001071,AMERICAN INCOME LIFE INSURANCE COMPANY,8,39631194,0.2
MI,2024,life,0001357,AMERICAN MEMORIAL LIFE INSURANCE COMPANY,1,7625661,0.13
MI,2024,life,0001082,AMERICAN UNITED LIFE INSURANCE COMPANY,1,18660401,0.05
MI,2024,life,0001125,AMERICO FINANCIAL LIFE AND ANNUITY INSURANCE COMPANY,5,14929603,0.33
MI,2024,life,0001113,ATHENE ANNUITY AND LIFE COMPANY,2,5482161,0.36
MI,2024,life,0001646,AUGUSTAR LIFE ASSURANCE CORPORATION,1,15661249,0.06
MI,2024,life,0001095,BANKERS LIFE AND CASUALTY COMPANY,3,26442929,0.11
MI,2024,life,0001716,BANNER LIFE INSURANCE COMPANY,1,45547376,0.02
MI,2024,life,0001627,BRIGHTHOUSE LIFE INSURANCE COMPANY,3,54652529,0.05
MI,2024,life,0001554,"CANADA LIFE ASSURANCE COMPANY, THE",1,1479562,0.68
MI,2024,life,0001150,CMFG LIFE INSURANCE COMPANY,2,57608952,0.03
MI,2024,life,0001129,COLONIAL PENN LIFE INSURANCE COMPANY,1,13173795,0.08
MI,2024,life,0001512,COLUMBIAN LIFE INSURANCE COMPANY,1,7293142,0.14
MI,2024,life,0001745,COLUMBUS LIFE INSURANCE COMPANY,2,6787645,0.29
MI,2024,life,0001131,COMBINED INSURANCE COMPANY OF AMERICA,1,2806579,0.36
MI,2024,life,0001137,CONNECTICUT GENERAL LIFE INSURANCE COMPANY,1,5559972,0.18
MI,2024,life,0001469,DEARBORN LIFE INSURANCE COMPANY,1,17510165,0.06
MI,2024,life,0001160,EQUITABLE FINANCIAL LIFE INSURANCE COMPANY,3,79554599,0.04
MI,2024,life,0001053,EVERLAKE LIFE INSURANCE COMPANY,3,9306978,0.32
MI,2024,life,0001164,FARM BUREAU LIFE INSURANCE COMPANY OF MICHIGAN,3,100318699,0.03
MI,2024,life,0001172,FIDELITY & GUARANTY LIFE INSURANCE COMPANY,1,11872288,0.08
MI,2024,life,0001174,"FIDELITY LIFE ASSOCIATION, A LEGAL RESERVE LIFE INSURANCE COMPANY",1,6167324,0.16
MI,2024,life,0001254,GENWORTH LIFE AND ANNUITY INSURANCE COMPANY,5,25395480,0.2
MI,2024,life,0001431,GENWORTH LIFE INSURANCE COMPANY,1,7318866,0.14
MI,2024,life,0001463,GERBER LIFE INSURANCE COMPANY,3,17329444,0.17
MI,2024,life,0001666,GLOBE LIFE AND ACCIDENT INSURANCE COMPANY,6,28994169,0.21
MI,2024,life,0001206,"GUARDIAN LIFE INSURANCE COMPANY OF AMERICA, THE",1,78117049,0.01
MI,2024,life,0001460,HARTFORD LIFE AND ACCIDENT INSURANCE COMPANY,4,48107258,0.08
MI,2024,life,0001042,"INDEPENDENT ORDER OF FORESTERS, THE",5,18232894,0.27
MI,2024,life,0001235,JACKSON NATIONAL LIFE INSURANCE COMPANY,8,22457290,0.36
MI,2024,life,0001268,JOHN HANCOCK LIFE INSURANCE COMPANY (U.S.A.),2,178948785,0.01
MI,2024,life,0001240,KANSAS CITY LIFE INSURANCE COMPANY,1,6526847,0.15
MI,2024,life,0001244,"LAFAYETTE LIFE INSURANCE COMPANY, THE",1,10393968,0.1
MI,2024,life,0001252,LIFE INSURANCE COMPANY OF NORTH AMERICA,1,44247240,0.02
MI,2024,life,0001257,LINCOLN BENEFIT LIFE COMPANY,3,39769151,0.08
MI,2024,life,0001260,"LINCOLN NATIONAL LIFE INSURANCE COMPANY, THE",8,289806554,0.03
MI,2024,life,0001275,MASSACHUSETTS MUTUAL LIFE INSURANCE COMPANY,1,138544591,0.01
MI,2024,life,0001278,METROPOLITAN LIFE INSURANCE COMPANY,28,606839639,0.05
MI,2024,life,0001729,METROPOLITAN TOWER LIFE INSURANCE COMPANY,3,20943945,0.14
MI,2024,life,0001281,MIDLAND NATIONAL LIFE INSURANCE COMPANY,1,26349679,0.04
MI,2024,life,0001306,NATIONAL LIFE INSURANCE COMPANY,1,6126541,0.16
MI,2024,life,0001316,NEW YORK LIFE INSURANCE COMPANY,4,119315724,0.03
MI,2024,life,0001317,NORTH AMERICAN COMPANY FOR LIFE AND HEALTH INSURANCE,5,33092878,0.15
MI,2024,life,0001323,"NORTHWESTERN MUTUAL LIFE INSURANCE COMPANY, THE",1,374854039,0.0
MI,2024,life,0001326,OCCIDENTAL LIFE INSURANCE COMPANY OF NORTH CAROLINA,2,11655600,0.17
MI,2024,life,0001330,OLD AMERICAN INSURANCE COMPANY,1,2492469,0.4
MI,2024,life,0001340,PAN-AMERICAN LIFE INSURANCE COMPANY,1,8635650,0.12
MI,2024,life,0001488,PHYSICIANS LIFE INSURANCE COMPANY,2,12325536,0.16
MI,2024,life,0001273,PRIMERICA LIFE INSURANCE COMPANY,1,70461454,0.01
MI,2024,life,0001365,PROVIDENT LIFE AND ACCIDENT INSURANCE COMPANY,1,4712992,0.21
MI,2024,life,0001539,PRUCO LIFE INSURANCE COMPANY,1,156838867,0.01
MI,2024,life,0001368,"PRUDENTIAL INSURANCE COMPANY OF AMERICA, THE",11,77925404,0.14
MI,2024,life,0001377,RELIANCE STANDARD LIFE INSURANCE COMPANY,2,26759513,0.07
MI,2024,life,0001324,RELIASTAR LIFE INSURANCE COMPANY,3,38467964,0.08
MI,2024,life,0001033,ROYAL NEIGHBORS OF AMERICA,8,7470135,1.07
MI,2024,life,0015260,"S.USA LIFE INSURANCE COMPANY, INC.",1,5680073,0.18
MI,2024,life,0001386,SECURITY LIFE OF DENVER INSURANCE COMPANY,1,10161322,0.1
MI,2024,life,0088640,SENIOR LIFE INSURANCE COMPANY,4,3152905,1.27
MI,2024,life,0001401,STATE FARM LIFE INSURANCE COMPANY,4,153356679,0.03
MI,2024,life,0001560,SUN LIFE ASSURANCE COMPANY OF CANADA,1,43637277,0.02
MI,2024,life,0019343,TIAA-CREF LIFE INSURANCE COMPANY,2,5511878,0.36
MI,2024,life,0001613,TRANSAMERICA LIFE INSURANCE COMPANY,16,75364005,0.21
MI,2024,life,0001104,TRUSTMARK INSURANCE COMPANY,1,8062031,0.12
MI,2024,life,0001594,U.S. FINANCIAL LIFE INSURANCE COMPANY,3,3313919,0.91
MI,2024,life,0001429,UNITED INSURANCE COMPANY OF AMERICA,3,7145168,0.42
MI,2024,life,0001425,UNITED OF OMAHA LIFE INSURANCE COMPANY,9,132651902,0.07
MI,2024,life,0001134,UNUM LIFE INSURANCE COMPANY OF AMERICA,4,77239960,0.05
MI,2024,life,0001446,WEST COAST LIFE INSURANCE COMPANY,1,15333200,0.07
MI,2024,life,0001676,WESTERN-SOUTHERN LIFE ASSURANCE COMPANY,1,9627766,0.1
MI,2024,life,0001144,WILCAC LIFE INSURANCE COMPANY,5,2494603,2.0
