year,line,naic_code,company_name,market_share,complaints,complaint_index,complaint_index_prior_1,complaint_index_prior_2,source_file
2020,annuity,90611,Allianz Life Insurance Company Of North America,0.0431,1,0.77,1.15,2.65,2020.pdf
2020,annuity,92738,American Equity Investment Life Insurance Company,0.0152,3,6.56,0.79,0.0,2020.pdf
2020,annuity,60488,American General Life Insurance Company,0.028399999999999998,2,2.35,1.72,0.57,2020.pdf
2020,annuity,61689,Athene Annuity & Life Company,0.0366,0,0.0,1.93,1.2,2020.pdf
2020,annuity,87726,Brighthouse Life Insurance Company,0.0297,2,2.24,,,2020.pdf
2020,annuity,62944,Equitable Financial Life Insurance Company,0.025,1,1.34,2.29,0.0,2020.pdf
2020,annuity,63088,Farm Bureau Life Insurance Company,0.0226,5,7.38,,0.0,2020.pdf
2020,annuity,63274,Fidelity & Guaranty Life Insurance Company,0.021,0,0.0,1.12,0.0,2020.pdf
2020,annuity,91642,Forethought Life Insurance Company,0.027000000000000003,1,1.23,0.77,0.82,2020.pdf
2020,annuity,65056,Jackson National Life Insurance Company,0.0789,0,0.0,,0.27,2020.pdf
2020,annuity,65676,Lincoln National Life Insurance Company,0.06509999999999999,0,0.0,,0.4,2020.pdf
2020,annuity,65935,Massachusetts Mutual Life Insurance Company,0.0184,1,1.82,,,2020.pdf
2020,annuity,66869,Nationwide Life Insurance Company,0.0165,0,0.0,,10.06,2020.pdf
2020,annuity,91596,New York Life Insurance & Annuity Corporation,0.040999999999999995,0,0.0,1.03,0.0,2020.pdf
2020,annuity,66974,North American Company for Life & Health Insurance,0.041299999999999996,0,0.0,0.69,1.3,2020.pdf
2020,annuity,67466,Pacific Life Insurance Company,0.02,0,0.0,,0.0,2020.pdf
2020,annuity,79227,Pruco Life Insurance Company,0.020099999999999996,0,0.0,,0.55,2020.pdf
2020,annuity,65005,RiverSource Life Insurance Company,0.024700000000000003,0,0.0,,0.85,2020.pdf
2020,annuity,62952,SILAC Insurance Company,0.039599999999999996,0,0.0,,,2020.pdf
2020,annuity,68675,Security Benefit Life Insurance Company,0.063,1,0.53,0.84,2.61,2020.pdf
2020,annuity,69345,Teachers Insurance & Annuity Association Of America,0.0373,0,0.0,,0.0,2020.pdf
2020,auto,33154,Alliance Indemnity Company,0.0105,1,0.17,,,2020.pdf
2020,auto,42579,Allied Property & Casualty Insurance Company,0.0151,8,0.93,0.38,0.64,2020.pdf
2020,auto,29688,Allstate Fire & Casualty Insurance Company,0.044800000000000006,27,1.06,1.04,1.2,2020.pdf
2020,auto,10386,American Family Insurance Company,0.036699999999999997,18,0.86,0.76,0.93,2020.pdf
2020,auto,19275,American Family Mutual Insurance Company,0.064,30,0.82,0.64,0.84,2020.pdf
2020,auto,18988,Auto Owners Insurance Company,0.0077,15,3.44,2.05,1.51,2020.pdf
2020,auto,13773,Farm Bureau Property & Casualty Insurance Company,0.068,12,0.31,0.64,0.62,2020.pdf
2020,auto,21628,Farmers Insurance Company Incorporated,0.0464,16,0.6,1.29,0.77,2020.pdf
2020,auto,14138,GEICO Advantage Insurance Company,0.0276,20,1.27,0.77,1.2,2020.pdf
2020,auto,14139,GEICO Choice Insurance Company,0.0176,18,1.79,1.1,0.69,2020.pdf
2020,auto,12966,Key Insurance Company,0.0086,18,3.68,4.07,4.77,2020.pdf
2020,auto,23787,Nationwide Mutual Insurance Company,0.010700000000000001,5,0.82,,,2020.pdf
2020,auto,16322,Progressive Direct Insurance Company,0.0623,30,0.84,1.1,1.15,2020.pdf
2020,auto,42919,Progressive Northwestern Insurance Company,0.07980000000000001,32,0.7,0.73,0.91,2020.pdf
2020,auto,25405,Safe Auto Insurance Company,0.0023,10,7.53,,,2020.pdf
2020,auto,24740,Safeco Insurance Company Of America,0.0163,8,0.86,0.79,1.0,2020.pdf
2020,auto,23388,Shelter Mutual Insurance Company,0.0337,11,0.57,0.88,1.06,2020.pdf
2020,auto,19070,Standard Fire Insurance Company,0.0317,9,0.5,0.93,0.83,2020.pdf
2020,auto,25143,State Farm Fire & Casualty Company,0.0089,12,2.36,1.38,1.0,2020.pdf
2020,auto,25178,State Farm Mutual Automobile Insurance Company,0.1673,80,0.84,0.74,0.69,2020.pdf
2020,auto,42749,Traders Insurance Company,0.0115,13,1.98,2.64,3.28,2020.pdf
2020,auto,25968,USAA Casualty Insurance Company,0.0168,9,0.94,0.84,0.69,2020.pdf
2020,auto,18600,USAA General Indemnity Company,0.0154,13,1.48,0.39,0.64,2020.pdf
2020,auto,25941,United Services Automobile Association,0.0218,12,0.96,0.55,0.41,2020.pdf
2020,health,78700,Aetna Health & Life Insurance Company,0.0053,1,0.8,,,2020.pdf
2020,health,12321,American Continental Insurance Company,0.006,0,0.0,0.0,0.0,2020.pdf
2020,health,60380,American Family Life Assurance Company of Columbus,0.0276,9,1.38,0.58,0.45,2020.pdf
2020,health,61263,Bankers Life & Casualty Company,0.0072,0,0.0,0.34,0.0,2020.pdf
2020,health,47171,Blue Cross Blue Shield of Kansas City,0.032,8,1.06,1.31,0.88,2020.pdf
2020,health,70729,Blue Cross Blue Shield of Kansas Incorporated,0.3557,59,0.7,0.76,0.74,2020.pdf
2020,health,67369,Cigna Health & Life Insurance Company,0.0308,5,0.69,0.69,1.17,2020.pdf
2020,health,68500,Continental Life Insurance Company Brentwood,0.0049,0,0.0,,,2020.pdf
2020,health,81973,Coventry Health & Life Insurance Company,0.0203,0,0.0,,,2020.pdf
2020,health,62324,Freedom Life Insurance Company Of America,0.0069,4,2.46,,,2020.pdf
2020,health,64211,Guarantee Trust Life Insurance Company,0.0060999999999999995,1,0.69,2.55,1.03,2020.pdf
2020,health,73288,Humana Insurance Company,0.035,2,0.24,0.64,0.21,2020.pdf
2020,health,12459,Medica Insurance Company,0.0248,20,3.42,3.26,2.71,2020.pdf
2020,health,71412,Mutual Of Omaha Insurance Company,0.009300000000000001,3,1.37,0.91,0.31,2020.pdf
2020,health,82538,National Health Insurance Company,0.0042,9,9.04,,,2020.pdf
2020,health,67091,Northwestern Mutual Life Insurance Company,0.0062,0,0.0,,,2020.pdf
2020,health,67326,Old Surety Life Insurance Company,0.0054,1,0.79,,,2020.pdf
2020,health,68462,Reserve National Insurance Company,0.0053,3,2.42,,,2020.pdf
2020,health,14345,Sunflower State Health Plan Incorporated,0.1007,36,1.51,1.72,1.4,2020.pdf
2020,health,56014,Thrivent Financial For Lutherans,0.0048,0,0.0,,,2020.pdf
2020,health,86231,Transamerica Life Insurance Company,0.0063,7,4.73,,,2020.pdf
2020,health,72850,United World Life Insurance Company,0.0074,0,0.0,0.0,0.0,2020.pdf
2020,health,96385,UnitedHealthcare of Midwest Inc,0.020499999999999997,0,0.0,0.0,0.33,2020.pdf
2020,health,70319,Washington National Insurance Company,0.0067,9,5.72,3.27,2.93,2020.pdf
2020,homeowners,37907,Allstate Vehicle & Property Insurance Company,0.0415,10,0.86,1.64,0.99,2020.pdf
2020,homeowners,10386,American Family Insurance Company,0.0425,5,0.42,1.1,0.61,2020.pdf
2020,homeowners,19275,American Family Mutual Insurance Company,0.0971,18,0.66,0.75,0.97,2020.pdf
2020,homeowners,10872,American Strategic Insurance Corporation,0.0141,1,0.25,0.86,,2020.pdf
2020,homeowners,18988,Auto Owners Insurance Company,0.0116,4,1.23,0.66,0.39,2020.pdf
2020,homeowners,13773,Farm Bureau Property & Casualty Insurance Company,0.0667,15,0.8,0.81,1.1,2020.pdf
2020,homeowners,21628,Farmers Insurance Company Incorporated,0.0128,2,0.56,1.23,0.82,2020.pdf
2020,homeowners,21652,Farmers Insurance Exchange,0.0507,11,0.77,1.36,0.84,2020.pdf
2020,homeowners,26298,Farmers Property & Casualty Insurance Company,0.0128,5,1.39,0.0,0.32,2020.pdf
2020,homeowners,14451,Marysville Mutual Insurance Company,0.0125,4,1.14,2.02,1.75,2020.pdf
2020,homeowners,26093,Nationwide Affinity Company of America,0.011899999999999999,2,0.6,1.57,1.03,2020.pdf
2020,homeowners,23787,Nationwide Mutual Insurance Company,0.0163,0,0.0,,,2020.pdf
2020,homeowners,24740,Safeco Insurance Company Of America,0.0203,5,0.88,0.32,0.6,2020.pdf
2020,homeowners,23388,Shelter Mutual Insurance Company,0.024700000000000003,8,1.15,1.66,1.55,2020.pdf
2020,homeowners,25143,State Farm Fire & Casualty Company,0.2077,63,1.08,0.46,0.68,2020.pdf
2020,homeowners,27998,Travelers Home & Marine Insurance Company,0.0432,10,0.82,0.51,0.91,2020.pdf
2020,homeowners,38130,Travelers Personal Insurance Company,0.0322,6,0.66,0.72,,2020.pdf
2020,homeowners,25968,USAA Casualty Insurance Company,0.013500000000000002,2,0.53,0.56,1.16,2020.pdf
2020,homeowners,18600,USAA General Indemnity Company,0.0121,9,2.65,0.98,0.73,2020.pdf
2020,homeowners,25941,United Services Automobile Association,0.0259,3,0.41,0.58,0.15,2020.pdf
2020,life,60399,American Family Life Insurance Company,0.018500000000000003,2,0.58,0.49,0.25,2020.pdf
2020,life,60488,American General Life Insurance Company,0.0194,8,2.19,3.76,5.81,2020.pdf
2020,life,63088,Farm Bureau Life Insurance Company,0.0384,4,0.55,0.34,0.24,2020.pdf
2020,life,68322,Great West Life & Annuity Insurance Company,0.011699999999999999,1,0.45,,,2020.pdf
2020,life,65838,John Hancock Life Insurance Company USA,0.0215,2,0.5,0.0,0.0,2020.pdf
2020,life,58033,Knights Of Columbus,0.0262,5,1.01,0.35,0.18,2020.pdf
2020,life,65676,Lincoln National Life Insurance Company,0.0349,2,0.31,0.27,0.34,2020.pdf
2020,life,65935,Massachusetts Mutual Life Insurance Company,0.042300000000000004,2,0.25,0.13,0.44,2020.pdf
2020,life,91596,New York Life Insurance & Annuity Corporation,0.0245,0,0.0,0.0,0.0,2020.pdf
2020,life,66915,New York Life Insurance Company,0.042300000000000004,3,0.38,0.21,0.57,2020.pdf
2020,life,67091,Northwestern Mutual Life Insurance Company,0.10980000000000001,5,0.24,0.0,0.1,2020.pdf
2020,life,67172,Ohio National Life Insurance Company,0.0131,0,0.0,0.0,0.0,2020.pdf
2020,life,67466,Pacific Life Insurance Company,0.0398,0,0.0,0.0,0.0,2020.pdf
2020,life,67644,Penn Mutual Life Insurance Company,0.012,0,0.0,0.0,,2020.pdf
2020,life,65919,Primerica Life Insurance Company,0.0134,4,1.58,0.33,0.0,2020.pdf
2020,life,68136,Protective Life Insurance Company,0.0178,7,2.09,0.78,0.77,2020.pdf
2020,life,79227,Pruco Life Insurance Company,0.0374,1,0.14,0.26,0.29,2020.pdf
2020,life,69108,State Farm Life Insurance Company,0.041299999999999996,4,0.52,0.21,0.32,2020.pdf
2020,life,56014,Thrivent Financial For Lutherans,0.019,1,0.28,0.25,0.48,2020.pdf
2020,life,86231,Transamerica Life Insurance Company,0.019799999999999998,6,1.61,2.69,2.05,2020.pdf
2020,long_term_care,90611,Allianz Life Insurance Company Of North America,0.0217,6,2.42,1.78,2.69,2020.pdf
2020,long_term_care,61263,Bankers Life & Casualty Company,0.0967,7,0.64,0.76,1.32,2020.pdf
2020,long_term_care,70729,Blue Cross Blue Shield of Kansas Incorporated,0.026000000000000002,1,0.34,0.82,,2020.pdf
2020,long_term_care,20443,Continental Casualty Company,0.031400000000000004,12,3.35,0.81,0.65,2020.pdf
2020,long_term_care,71404,Continental General Insurance Company,0.0195,3,1.35,0.73,1.15,2020.pdf
2020,long_term_care,70025,Genworth Life Insurance Company,0.17679999999999998,25,1.24,0.32,0.44,2020.pdf
2020,long_term_care,64211,Guarantee Trust Life Insurance Company,0.0351,0,0.0,,1.15,2020.pdf
2020,long_term_care,65838,John Hancock Life Insurance Company USA,0.0944,0,0.0,0.14,0.1,2020.pdf
2020,long_term_care,58033,Knights Of Columbus,0.03,0,0.0,,,2020.pdf
2020,long_term_care,77720,LifeSecure Insurance Company,0.0126,0,0.0,,,2020.pdf
2020,long_term_care,65978,Metropolitan Life Insurance Company,0.0473,10,1.86,1.15,0.0,2020.pdf
2020,long_term_care,71412,Mutual Of Omaha Insurance Company,0.0447,0,0.0,0.94,0.8,2020.pdf
2020,long_term_care,66915,New York Life Insurance Company,0.027999999999999997,0,0.0,,0.0,2020.pdf
2020,long_term_care,69000,Northwestern Long Term Care Insurance Company,0.0603,0,0.0,0.23,1.01,2020.pdf
2020,long_term_care,68241,Prudential Insurance Company Of America,0.0246,3,1.07,,0.43,2020.pdf
2020,long_term_care,65005,RiverSource Life Insurance Company,0.0161,0,0.0,,0.0,2020.pdf
2020,long_term_care,25178,State Farm Mutual Auto Insurance Company,0.0315,0,0.0,0.81,0.32,2020.pdf
2020,long_term_care,56014,Thrivent Financial For Lutherans,0.0246,0,0.0,,,2020.pdf
2020,long_term_care,86231,Transamerica Life Insurance Company,0.0492,18,3.21,6.39,,2020.pdf
2020,long_term_care,62235,Unum Life Insurance Company Of America,0.0313,0,0.0,,0.31,2020.pdf
2021,annuity,90611,Allianz Life Insurance Company Of North America,0.0548,2,1.18,0.77,1.15,2021.pdf
2021,annuity,60488,American General Life Insurance Company,0.0355,1,0.91,2.35,1.72,2021.pdf
2021,annuity,61689,Athene Annuity & Life Company,0.0446,0,0.0,0.0,1.93,2021.pdf
2021,annuity,87726,Brighthouse Life Insurance Company,0.0315,0,0.0,2.24,,2021.pdf
2021,annuity,62944,Equitable Financial Life Insurance Company,0.0355,1,0.91,1.34,2.29,2021.pdf
2021,annuity,63088,Farm Bureau Life Insurance Company,0.023700000000000002,0,0.0,7.38,,2021.pdf
2021,annuity,63274,Fidelity & Guaranty Life Insurance Company,0.0227,0,0.0,0.0,1.12,2021.pdf
2021,annuity,91642,Forethought Life Insurance Company,0.0254,1,1.27,1.23,0.77,2021.pdf
2021,annuity,65056,Jackson National Life Insurance Company,0.0801,2,0.81,0.0,,2021.pdf
2021,annuity,65676,Lincoln National Life Insurance Company,0.055999999999999994,1,0.58,0.0,,2021.pdf
2021,annuity,66869,Nationwide Life Insurance Company,0.0274,0,0.0,0.0,,2021.pdf
2021,annuity,91596,New York Life Insurance & Annuity Corporation,0.0351,0,0.0,0.0,1.03,2021.pdf
2021,annuity,66974,North American Company for Life & Health Insurance,0.024300000000000002,0,0.0,0.0,0.69,2021.pdf
2021,annuity,67466,Pacific Life Insurance Company,0.018500000000000003,0,0.0,0.0,,2021.pdf
2021,annuity,86630,Prudential Annuity Life Assurance Corporation,0.018600000000000002,0,0.0,,,2021.pdf
2021,annuity,65005,RiverSource Life Insurance Company,0.0294,0,0.0,0.0,,2021.pdf
2021,annuity,62952,SILAC Insurance Company,0.0521,1,0.62,0.0,,2021.pdf
2021,annuity,68675,Security Benefit Life Insurance Company,0.0231,1,1.4,0.53,0.84,2021.pdf
2021,annuity,69345,Teachers Insurance & Annuity Association Of America,0.0308,0,0.0,0.0,,2021.pdf
2021,annuity,56014,Thrivent Financial For Lutherans,0.017,0,0.0,,,2021.pdf
2021,auto,33154,Alliance Indemnity Company,0.009899999999999999,2,0.33,0.17,,2021.pdf
2021,auto,42579,Allied Property & Casualty Insurance Company,0.012199999999999999,4,0.53,0.93,0.38,2021.pdf
2021,auto,29688,Allstate Fire & Casualty Insurance Company,0.0463,42,1.48,1.06,1.04,2021.pdf
2021,auto,19232,Allstate Insurance Company,0.0028000000000000004,10,5.86,0.55,,2021.pdf
2021,auto,10386,American Family Insurance Company,0.042699999999999995,10,0.38,0.86,0.76,2021.pdf
2021,auto,19275,American Family Mutual Insurance Company,0.061200000000000004,21,0.56,0.82,0.64,2021.pdf
2021,auto,13773,Farm Bureau Property & Casualty Insurance Company,0.0679,20,0.48,0.31,0.64,2021.pdf
2021,auto,21628,Farmers Insurance Company Incorporated,0.044000000000000004,21,0.78,0.6,1.29,2021.pdf
2021,auto,13587,First Chicago Insurance Company,0.0015,16,17.66,6.4,,2021.pdf
2021,auto,14138,GEICO Advantage Insurance Company,0.0313,23,1.2,1.27,0.77,2021.pdf
2021,auto,14139,GEICO Choice Insurance Company,0.0194,10,0.84,1.79,1.1,2021.pdf
2021,auto,12966,Key Insurance Company,0.008100000000000001,16,3.22,3.68,4.07,2021.pdf
2021,auto,23787,Nationwide Mutual Insurance Company,0.0131,4,0.5,0.82,,2021.pdf
2021,auto,16322,Progressive Direct Insurance Company,0.0659,59,1.46,0.84,1.1,2021.pdf
2021,auto,42919,Progressive Northwestern Insurance Company,0.0815,49,0.98,0.7,0.73,2021.pdf
2021,auto,25405,Safe Auto Insurance Company,0.0022,12,8.87,7.53,,2021.pdf
2021,auto,24740,Safeco Insurance Company Of America,0.0184,9,0.8,0.86,0.79,2021.pdf
2021,auto,23388,Shelter Mutual Insurance Company,0.032400000000000005,17,0.86,0.57,0.88,2021.pdf
2021,auto,19070,Standard Fire Insurance Company,0.0339,11,0.53,0.5,0.93,2021.pdf
2021,auto,25178,State Farm Mutual Automobile Insurance Company,0.1623,74,0.75,0.84,0.74,2021.pdf
2021,auto,42749,Traders Insurance Company,0.0118,20,2.76,1.98,2.64,2021.pdf
2021,auto,25968,USAA Casualty Insurance Company,0.016,7,0.71,0.94,0.84,2021.pdf
2021,auto,18600,USAA General Indemnity Company,0.014199999999999999,5,0.58,1.48,0.39,2021.pdf
2021,auto,25941,United Services Automobile Association,0.0208,9,0.71,0.96,0.55,2021.pdf
2021,health,12321,American Continental Insurance Company,0.0060999999999999995,0,0.0,0.0,0.0,2021.pdf
2021,health,60380,American Family Life Assurance Company of Columbus,0.0304,8,1.02,1.38,0.58,2021.pdf
2021,health,61263,Bankers Life & Casualty Company,0.0079,1,0.49,0.0,0.34,2021.pdf
2021,health,47171,Blue Cross Blue Shield of Kansas City,0.0355,5,0.55,1.06,1.31,2021.pdf
2021,health,70729,Blue Cross Blue Shield of Kansas Incorporated,0.2236,46,0.8,0.7,0.76,2021.pdf
2021,health,67369,Cigna Health & Life Insurance Company,0.0301,14,1.8,0.69,0.69,2021.pdf
2021,health,68500,Continental Life Insurance Company Brentwood,0.005699999999999999,2,1.37,0.0,,2021.pdf
2021,health,62324,Freedom Life Insurance Company Of America,0.009899999999999999,4,1.57,2.46,,2021.pdf
2021,health,64211,Guarantee Trust Life Insurance Company,0.0068000000000000005,2,1.14,0.69,2.55,2021.pdf
2021,health,73288,Humana Insurance Company,0.0382,5,0.51,0.24,0.64,2021.pdf
2021,health,12459,Medica Insurance Company,0.0212,16,2.93,3.42,3.26,2021.pdf
2021,health,71412,Mutual Of Omaha Insurance Company,0.0105,1,0.37,1.37,0.91,2021.pdf
2021,health,82538,National Health Insurance Company,0.0053,8,5.91,9.04,,2021.pdf
2021,health,67091,Northwestern Mutual Life Insurance Company,0.0073,0,0.0,0.0,,2021.pdf
2021,health,67326,Old Surety Life Insurance Company,0.0069,0,0.0,0.79,,2021.pdf
2021,health,15777,Oscar Insurance Company,0.0058,6,4.03,2.37,,2021.pdf
2021,health,68462,Reserve National Insurance Company,0.005600000000000001,1,0.7,2.42,,2021.pdf
2021,health,14345,Sunflower State Health Plan Incorporated,0.1711,67,1.52,1.51,1.72,2021.pdf
2021,health,56014,Thrivent Financial For Lutherans,0.005600000000000001,0,0.0,0.0,,2021.pdf
2021,health,86231,Transamerica Life Insurance Company,0.0069,1,0.56,4.73,,2021.pdf
2021,health,72850,United World Life Insurance Company,0.0075,0,0.0,0.0,0.0,2021.pdf
2021,health,96385,UnitedHealthcare of Midwest Inc,0.0236,0,0.0,0.0,0.0,2021.pdf
2021,health,70319,Washington National Insurance Company,0.0079,5,2.44,5.72,3.27,2021.pdf
2021,homeowners,37907,Allstate Vehicle & Property Insurance Company,0.0436,21,1.63,0.86,1.64,2021.pdf
2021,homeowners,19690,American Economy Insurance Company,0.0147,2,0.46,,,2021.pdf
2021,homeowners,10386,American Family Insurance Company,0.049800000000000004,13,0.89,0.42,1.1,2021.pdf
2021,homeowners,19275,American Family Mutual Insurance Company,0.087,14,0.55,0.66,0.75,2021.pdf
2021,homeowners,10872,American Strategic Insurance Corporation,0.013500000000000002,6,1.51,0.25,0.86,2021.pdf
2021,homeowners,13773,Farm Bureau Property & Casualty Insurance Company,0.0625,13,0.7,0.8,0.81,2021.pdf
2021,homeowners,21652,Farmers Insurance Exchange,0.048499999999999995,7,0.49,0.77,1.36,2021.pdf
2021,homeowners,26298,Farmers Property & Casualty Insurance Company,0.012199999999999999,3,0.83,1.39,0.0,2021.pdf
2021,homeowners,20419,Homesite Indemnity Company,0.0141,5,1.2,,,2021.pdf
2021,homeowners,14451,Marysville Mutual Insurance Company,0.012,4,1.13,1.14,2.02,2021.pdf
2021,homeowners,25453,Nationwide Insurance Company Of America,0.017,3,0.6,,,2021.pdf
2021,homeowners,23787,Nationwide Mutual Insurance Company,0.021,1,0.16,0.0,,2021.pdf
2021,homeowners,24740,Safeco Insurance Company Of America,0.017,7,1.39,0.88,0.32,2021.pdf
2021,homeowners,23388,Shelter Mutual Insurance Company,0.0248,5,0.68,1.15,1.66,2021.pdf
2021,homeowners,25143,State Farm Fire & Casualty Company,0.2108,78,1.25,1.08,0.46,2021.pdf
2021,homeowners,27998,Travelers Home & Marine Insurance Company,0.0342,9,0.89,0.82,0.51,2021.pdf
2021,homeowners,38130,Travelers Personal Insurance Company,0.043899999999999995,10,0.77,0.66,0.72,2021.pdf
2021,homeowners,25968,USAA Casualty Insurance Company,0.0139,3,0.73,0.53,0.56,2021.pdf
2021,homeowners,18600,USAA General Indemnity Company,0.0123,6,1.65,2.65,0.98,2021.pdf
2021,homeowners,25941,United Services Automobile Association,0.026099999999999998,2,0.26,0.41,0.58,2021.pdf
2021,life,60399,American Family Life Insurance Company,0.018500000000000003,0,0.0,0.58,0.49,2021.pdf
2021,life,60488,American General Life Insurance Company,0.0192,21,6.13,2.19,3.76,2021.pdf
2021,life,63088,Farm Bureau Life Insurance Company,0.0391,8,1.15,0.55,0.34,2021.pdf
2021,life,65838,John Hancock Life Insurance Company USA,0.0179,1,0.31,0.5,0.0,2021.pdf
2021,life,58033,Knights Of Columbus,0.0256,3,0.66,1.01,0.35,2021.pdf
2021,life,65676,Lincoln National Life Insurance Company,0.028999999999999998,3,0.58,0.31,0.27,2021.pdf
2021,life,65935,Massachusetts Mutual Life Insurance Company,0.0405,0,0.0,0.25,0.13,2021.pdf
2021,life,66044,Midland National Life Insurance Company,0.0384,0,0.0,,,2021.pdf
2021,life,91596,New York Life Insurance & Annuity Corporation,0.0232,0,0.0,0.0,0.0,2021.pdf
2021,life,66915,New York Life Insurance Company,0.043,3,0.39,0.38,0.21,2021.pdf
2021,life,67091,Northwestern Mutual Life Insurance Company,0.1152,1,0.05,0.24,0.0,2021.pdf
2021,life,67466,Pacific Life Insurance Company,0.025099999999999997,0,0.0,0.0,0.0,2021.pdf
2021,life,67644,Penn Mutual Life Insurance Company,0.013300000000000001,1,0.42,0.0,0.0,2021.pdf
2021,life,65919,Primerica Life Insurance Company,0.0134,0,0.0,1.58,0.33,2021.pdf
2021,life,68136,Protective Life Insurance Company,0.0219,1,0.26,2.09,0.78,2021.pdf
2021,life,79227,Pruco Life Insurance Company,0.0393,0,0.0,0.14,0.26,2021.pdf
2021,life,68241,Prudential Insurance Company Of America,0.0058,12,11.66,,,2021.pdf
2021,life,69108,State Farm Life Insurance Company,0.040999999999999995,3,0.41,0.52,0.21,2021.pdf
2021,life,56014,Thrivent Financial For Lutherans,0.018000000000000002,0,0.0,0.28,0.25,2021.pdf
2021,life,86231,Transamerica Life Insurance Company,0.019299999999999998,11,3.2,1.61,2.69,2021.pdf
2021,life,69868,United Of Omaha Life Insurance Company,0.0118,1,0.47,,,2021.pdf
2021,long_term_care,90611,Allianz Life Insurance Company Of North America,0.0216,9,5.63,2.42,1.78,2021.pdf
2021,long_term_care,61263,Bankers Life & Casualty Company,0.09449999999999999,6,0.86,0.64,0.76,2021.pdf
2021,long_term_care,70729,Blue Cross Blue Shield of Kansas Incorporated,0.0207,2,1.3,0.34,0.82,2021.pdf
2021,long_term_care,20443,Continental Casualty Company,0.0302,4,1.79,3.35,0.81,2021.pdf
2021,long_term_care,71404,Continental General Insurance Company,0.0166,0,0.0,1.35,0.73,2021.pdf
2021,long_term_care,70025,Genworth Life Insurance Company,0.17079999999999998,15,1.19,1.24,0.32,2021.pdf
2021,long_term_care,64211,Guarantee Trust Life Insurance Company,0.0341,1,0.4,0.0,,2021.pdf
2021,long_term_care,65838,John Hancock Life Insurance Company USA,0.0949,1,0.14,0.0,0.14,2021.pdf
2021,long_term_care,58033,Knights Of Columbus,0.030699999999999998,0,0.0,0.0,,2021.pdf
2021,long_term_care,65935,Massachusetts Mutual Life Insurance Company,0.013999999999999999,0,0.0,,,2021.pdf
2021,long_term_care,65978,Metropolitan Life Insurance Company,0.0492,1,0.27,1.86,1.15,2021.pdf
2021,long_term_care,71412,Mutual Of Omaha Insurance Company,0.0461,0,0.0,0.0,0.94,2021.pdf
2021,long_term_care,66915,New York Life Insurance Company,0.030600000000000002,3,1.33,0.0,,2021.pdf
2021,long_term_care,69000,Northwestern Long Term Care Insurance Company,0.0603,0,0.0,0.0,0.23,2021.pdf
2021,long_term_care,68241,Prudential Insurance Company Of America,0.024399999999999998,3,1.66,1.07,,2021.pdf
2021,long_term_care,65005,RiverSource Life Insurance Company,0.0147,0,0.0,0.0,,2021.pdf
2021,long_term_care,25178,State Farm Mutual Auto Insurance Company,0.03,0,0.0,0.0,0.81,2021.pdf
2021,long_term_care,56014,Thrivent Financial For Lutherans,0.023799999999999998,0,0.0,0.0,,2021.pdf
2021,long_term_care,86231,Transamerica Life Insurance Company,0.0461,7,2.05,3.21,6.39,2021.pdf
2021,long_term_care,62235,Unum Life Insurance Company Of America,0.03,2,0.9,0.0,,2021.pdf
2022,annuity,90611,Allianz Life Insurance Company of North America,0.05,1,0.66,1.18,0.77,2022.pdf
2022,annuity,60488,American General Life Insurance Company,0.03,1,0.93,0.91,2.35,2022.pdf
2022,annuity,61689,Athene Annuity & Life Company,0.06,3,1.53,0.0,0.0,2022.pdf
2022,annuity,87726,Brighthouse Life Insurance Company,0.03,2,2.21,0.0,2.24,2022.pdf
2022,annuity,62944,Equitable Financial Life Insurance Company,0.04,0,0.0,0.91,1.34,2022.pdf
2022,annuity,63088,Farm Bureau Life Insurance Company,0.03,0,0.0,0.0,7.38,2022.pdf
2022,annuity,63274,Fidelity & Guaranty Life Insurance Company,0.03,3,3.62,0.0,0.0,2022.pdf
2022,annuity,91642,Forethought Life Insurance Company,0.03,0,0.0,1.27,1.23,2022.pdf
2022,annuity,65056,Jackson National Life Insurance Company,0.05,0,0.0,0.81,0.0,2022.pdf
2022,annuity,65676,Lincoln National Life Insurance Company,0.06,1,0.53,0.58,0.0,2022.pdf
2022,annuity,65935,Massachusetts Mutual Life Insurance Company,0.02,1,1.35,,,2022.pdf
2022,annuity,92657,Nationwide Life & Annuity Insurance Company,0.02,0,0.0,,,2022.pdf
2022,annuity,66869,Nationwide Life Insurance Company,0.03,0,0.0,0.0,0.0,2022.pdf
2022,annuity,91596,New York Life Insurance & Annuity Corp,0.05,0,0.0,0.0,0.0,2022.pdf
2022,annuity,79227,Pruco Life Insurance Company,0.02,0,0.0,,,2022.pdf
2022,annuity,65005,RiverSource Life Insurance Company,0.03,1,1.1,0.0,0.0,2022.pdf
2022,annuity,62952,SILAC Insurance Company,0.03,3,2.97,0.62,0.0,2022.pdf
2022,annuity,68675,Security Benefit Life Insurance Company,0.03,2,1.86,1.4,0.53,2022.pdf
2022,annuity,69345,Teachers Insurance & Annuity Association Of America,0.02,0,0.0,0.0,0.0,2022.pdf
2022,auto,33154,Alliance Indemnity Company,0.01,0,0.0,0.33,0.17,2022.pdf
2022,auto,42579,Allied Property & Casualty Insurance Company,0.01,2,0.22,0.53,0.93,2022.pdf
2022,auto,29688,Allstate Fire & Casualty Insurance Company,0.05,57,1.35,1.48,1.06,2022.pdf
2022,auto,10386,American Family Insurance Company,0.05,21,0.5,0.38,0.86,2022.pdf
2022,auto,19275,American Family Mutual Insurance Company SI,0.05,31,0.64,0.56,0.82,2022.pdf
2022,auto,13773,Farm Bureau Property & Casualty Insurance Company,0.07,20,0.34,0.48,0.31,2022.pdf
2022,auto,21628,Farmers Insurance Company Inc,0.04,20,0.54,0.78,0.6,2022.pdf
2022,auto,14138,GEICO Advantage Insurance Company,0.03,19,0.69,1.2,1.27,2022.pdf
2022,auto,14139,GEICO Choice Insurance Company,0.02,9,0.57,0.84,1.79,2022.pdf
2022,auto,23787,Nationwide Mutual Insurance Company,0.02,12,0.78,0.5,0.82,2022.pdf
2022,auto,16322,Progressive Direct Insurance Company,0.07,86,1.38,1.46,0.84,2022.pdf
2022,auto,42919,Progressive Northwestern Insurance Company,0.08,86,1.18,0.98,0.7,2022.pdf
2022,auto,24740,Safeco Insurance Company Of America,0.02,17,0.95,0.8,0.86,2022.pdf
2022,auto,23388,Shelter Mutual Insurance Company,0.03,22,0.73,0.86,0.57,2022.pdf
2022,auto,19070,Standard Fire Insurance Company,0.04,15,0.43,0.53,0.5,2022.pdf
2022,auto,25178,State Farm Mutual Auto Insurance Company,0.17,105,0.7,0.75,0.84,2022.pdf
2022,auto,42749,Traders Insurance Company,0.01,45,3.63,2.76,1.98,2022.pdf
2022,auto,25968,USAA Casualty Insurance Company,0.02,19,1.38,0.71,0.94,2022.pdf
2022,auto,18600,USAA General Indemnity Company,0.01,9,0.72,0.58,1.48,2022.pdf
2022,auto,25941,United Services Automobile Association,0.02,11,0.63,0.71,0.96,2022.pdf
2022,health,16072,Aetna Better Health of Kansas Inc,0.02,0,0.0,0.0,0.34,2022.pdf
2022,health,72052,Aetna Health Insurance Company,0.02,25,2.44,0.0,1.94,2022.pdf
2022,health,60380,American Family Life Assurance Company of Columbus,0.03,12,0.8,1.02,1.38,2022.pdf
2022,health,61263,Bankers Life & Casualty Company,0.01,0,0.0,0.49,0.0,2022.pdf
2022,health,47171,Blue Cross Blue Shield of Kansas City,0.04,26,1.36,0.55,1.06,2022.pdf
2022,health,70729,Blue Cross Blue Shield of Kansas Inc,0.21,135,1.19,0.8,0.7,2022.pdf
2022,health,80799,Celtic Insurance Company,0.18,71,0.73,,,2022.pdf
2022,health,67369,Cigna Health & Life Insurance Company,0.03,27,1.84,1.8,0.69,2022.pdf
2022,health,62324,Freedom Life Insurance Company of America,0.01,7,1.24,1.57,2.46,2022.pdf
2022,health,73288,Humana Insurance Company,0.04,13,0.68,0.51,0.24,2022.pdf
2022,health,12459,Medica Insurance Company,0.01,12,1.9,2.93,3.42,2022.pdf
2022,health,76040,Missouri Valley Life & Health Insurance Company,0.02,0,0.0,0.0,0.0,2022.pdf
2022,health,71412,Mutual Of Omaha Insurance Company,0.01,3,0.57,0.37,1.37,2022.pdf
2022,health,67091,Northwestern Mutual Life Insurance Company,0.01,1,0.26,0.0,0.0,2022.pdf
2022,health,67326,Old Surety Life Insurance Company,0.01,0,0.0,0.0,0.79,2022.pdf
2022,health,12575,SilverScript Insurance Company,0.01,0,0.0,0.0,0.0,2022.pdf
2022,health,14345,Sunflower State Health Plan Inc,0.02,40,3.26,1.52,1.51,2022.pdf
2022,health,96385,UnitedHealthcare of Midwest Inc,0.02,0,0.0,0.0,0.0,2022.pdf
2022,health,70319,Washington National Insurance Company,0.01,5,1.2,2.44,5.72,2022.pdf
2022,health,10155,WellCare Prescription Insurance Inc,0.01,0,0.0,0.0,0.0,2022.pdf
2022,homeowners,37907,Allstate Vehicle & Property Insurance Company,0.04,33,1.65,1.63,0.86,2022.pdf
2022,homeowners,19690,American Economy Insurance Company,0.02,9,0.95,0.46,,2022.pdf
2022,homeowners,10386,American Family Insurance Company,0.06,10,0.38,0.89,0.42,2022.pdf
2022,homeowners,19275,"American Family Mutual Insurance Company, S.I.",0.08,14,0.38,0.55,0.66,2022.pdf
2022,homeowners,10872,American Strategic Insurance Corp,0.01,6,1.05,1.51,0.25,2022.pdf
2022,homeowners,13773,Farm Bureau Property & Casualty Insurance Company,0.06,20,0.74,0.7,0.8,2022.pdf
2022,homeowners,21652,Farmers Insurance Exchange,0.05,12,0.56,0.49,0.77,2022.pdf
2022,homeowners,20419,Homesite Indemnity Company,0.02,8,1.08,1.2,,2022.pdf
2022,homeowners,14451,Marysville Mutual Insurance Company,0.01,7,1.31,1.13,1.14,2022.pdf
2022,homeowners,25453,Nationwide Insurance Company of America,0.01,3,0.46,0.6,,2022.pdf
2022,homeowners,23787,Nationwide Mutual Insurance Company,0.02,5,0.48,0.16,0.0,2022.pdf
2022,homeowners,24740,Safeco Insurance Company of America,0.02,8,1.15,1.39,0.88,2022.pdf
2022,homeowners,23388,Shelter Mutual Insurance Company,0.03,18,1.56,0.68,1.15,2022.pdf
2022,homeowners,25135,State Automobile Mutual Insurance Company,0.01,7,1.29,,,2022.pdf
2022,homeowners,25143,State Farm Fire & Casualty Company,0.21,116,1.22,1.25,1.08,2022.pdf
2022,homeowners,27998,Travelers Home & Marine Insurance Company,0.03,12,0.89,0.89,0.82,2022.pdf
2022,homeowners,38130,Travelers Personal Insurance Company,0.06,15,0.59,0.77,0.66,2022.pdf
2022,homeowners,25968,USAA Casualty Insurance Company,0.01,3,0.46,0.73,0.53,2022.pdf
2022,homeowners,18600,USAA General Indemnity Company,0.01,3,0.51,1.65,2.65,2022.pdf
2022,homeowners,25941,United Services Automobile Association,0.03,1,0.08,0.26,0.41,2022.pdf
2022,life,60399,American Family Life Insurance Company,0.02,1,0.23,0.0,0.58,2022.pdf
2022,life,60488,American General Life Insurance Company,0.02,13,3.16,6.13,2.19,2022.pdf
2022,life,63088,Farm Bureau Life Insurance Company,0.04,7,0.78,1.15,0.55,2022.pdf
2022,life,65838,John Hancock Life Insurance Company USA,0.02,0,0.0,0.31,0.5,2022.pdf
2022,life,58033,Knights Of Columbus,0.03,0,0.0,0.66,1.01,2022.pdf
2022,life,65676,Lincoln National Life Insurance Company,0.03,1,0.14,0.58,0.31,2022.pdf
2022,life,65935,Massachusetts Mutual Life Insurance Company,0.04,1,0.11,0.0,0.25,2022.pdf
2022,life,66044,Midland National Life Insurance Company,0.01,2,0.67,0.0,,2022.pdf
2022,life,66168,Minnesota Life Insurance Company,0.01,2,0.66,,,2022.pdf
2022,life,66915,New York Life Insurance Company,0.04,4,0.43,0.39,0.38,2022.pdf
2022,life,67091,Northwestern Mutual Life Insurance Company,0.11,1,0.04,0.05,0.24,2022.pdf
2022,life,67466,Pacific Life Insurance Company,0.03,0,0.0,0.0,0.0,2022.pdf
2022,life,67644,Penn Mutual Life Insurance Company,0.01,1,0.33,0.42,0.0,2022.pdf
2022,life,65919,Primerica Life Insurance Company,0.01,1,0.33,0.0,1.58,2022.pdf
2022,life,71161,Principal National Life Insurance Company,0.02,0,0.0,,,2022.pdf
2022,life,68136,Protective Life Insurance Company,0.02,1,0.25,0.26,2.09,2022.pdf
2022,life,79227,Pruco Life Insurance Company,0.04,2,0.24,0.0,0.14,2022.pdf
2022,life,69108,State Farm Life Insurance Company,0.04,3,0.32,0.41,0.52,2022.pdf
2022,life,56014,Thrivent Financial For Lutherans,0.02,1,0.25,0.0,0.28,2022.pdf
2022,life,86231,Transamerica Life Insurance Company,0.02,10,2.18,3.2,1.61,2022.pdf
2022,long_term_care,90611,Allianz Life Insurance Company Of North America,0.02,10,3.83,5.63,2.42,2022.pdf
2022,long_term_care,61263,Bankers Life & Casualty Company,0.09,15,1.5,0.86,0.64,2022.pdf
2022,long_term_care,20443,Continental Casualty Company,0.03,5,1.6,1.79,3.35,2022.pdf
2022,long_term_care,71404,Continental General Insurance Company,0.02,2,1.14,0.0,1.35,2022.pdf
2022,long_term_care,70025,Genworth Life Insurance Company,0.18,34,1.74,1.19,1.24,2022.pdf
2022,long_term_care,64211,Guarantee Trust LifeInsurance Company,0.03,3,0.85,0.4,0.0,2022.pdf
2022,long_term_care,65838,John Hancock Life Insurance Company USA,0.1,11,1.04,0.14,0.0,2022.pdf
2022,long_term_care,58033,Knights Of Columbus,0.03,0,0.0,0.0,0.0,2022.pdf
2022,long_term_care,77720,LifeSecure Insurance Company,0.01,1,0.75,,,2022.pdf
2022,long_term_care,65935,Massachusetts Mutual Life Insurance Company,0.01,0,0.0,0.0,,2022.pdf
2022,long_term_care,65978,Metropolitan Life Insurance Company,0.05,2,0.39,0.27,1.86,2022.pdf
2022,long_term_care,71412,Mutual Of Omaha Insurance Company,0.05,2,0.39,0.0,0.0,2022.pdf
2022,long_term_care,66915,New York Life Insurance Company,0.04,0,0.0,1.33,0.0,2022.pdf
2022,long_term_care,69000,Northwestern Long Term Care Insurance Company,0.06,0,0.0,0.0,0.0,2022.pdf
2022,long_term_care,68241,Prudential Insurance Company Of America,0.02,4,1.54,1.66,1.07,2022.pdf
2022,long_term_care,65005,RiverSource Life Insurance Company,0.01,0,0.0,0.0,0.0,2022.pdf
2022,long_term_care,25178,State Farm Mut Auto Insurance Company,0.03,0,0.0,0.0,0.0,2022.pdf
2022,long_term_care,56014,Thrivent Financial For Lutherans,0.03,0,0.0,0.0,0.0,2022.pdf
2022,long_term_care,86231,Transamerica Life Insurance Company,0.04,7,1.57,2.05,3.21,2022.pdf
2022,long_term_care,62235,Unum Life Insurance Company Of America,0.03,2,0.65,0.9,0.0,2022.pdf
2023,annuity,90611,Allianz Life Insurance Company of North America,0.05,2,0.72,0.66,,2023.pdf
2023,annuity,60488,American General Life Insurance Company,0.04,2,0.93,0.93,,2023.pdf
2023,annuity,67423,Aspida Life Insurance Company,0.02,0,0.0,,,2023.pdf
2023,annuity,61689,Athene Annuity & Life Company,0.07,4,1.01,1.53,,2023.pdf
2023,annuity,87726,Brighthouse Life Insurnace Company,0.03,1,0.56,2.21,,2023.pdf
2023,annuity,78077,Equitable Financial Life Insurance Company of America,0.03,0,0.0,0.0,,2023.pdf
2023,annuity,63088,Farm Bureau Life Insurnace Company,0.02,2,1.67,0.0,,2023.pdf
2023,annuity,63274,Fidelity & Guar Life Insurance Company,0.02,4,3.45,3.62,,2023.pdf
2023,annuity,91642,Forethought Life Insurnace Company,0.03,1,0.55,0.0,,2023.pdf
2023,annuity,65056,Jackson National Life Insurance Company,0.05,0,0.0,0.0,,2023.pdf
2023,annuity,65676,Lincoln National Life Insurance Company,0.05,0,0.0,0.53,,2023.pdf
2023,annuity,65935,Massachusetts Mutual Life Insurance Company,0.03,0,0.0,1.35,,2023.pdf
2023,annuity,92657,Nationwide Life & Annuity Insurance Company,0.02,0,0.0,0.0,,2023.pdf
2023,annuity,66869,Nationwide Life Insurance Company,0.02,0,0.0,0.0,,2023.pdf
2023,annuity,91596,New York Life Insurance & Annuity Corporation,0.03,0,0.0,0.0,,2023.pdf
2023,annuity,67466,Pacific Life Insurance Company,0.02,0,0.0,,,2023.pdf
2023,annuity,65005,RiverSource Life Insurance Company,0.02,1,0.8,1.1,,2023.pdf
2023,annuity,62952,SILAC Insurance Company,0.03,2,1.22,2.97,,2023.pdf
2023,annuity,68675,Security Benefit Life Insurance Company,0.05,3,0.99,1.86,,2023.pdf
2023,annuity,69345,Teachers Insurance & Annuity Association of America,0.02,2,1.76,0.0,,2023.pdf
2023,auto,29688,Allstate Fire & Casualty Insurance Company,0.04,64,1.83,1.35,,2023.pdf
2023,auto,10386,American Family Insurance Company,0.05,35,0.81,0.5,,2023.pdf
2023,auto,19275,"American Family Mutual Insurance Comapny, S.I.",0.05,18,0.46,0.64,,2023.pdf
2023,auto,15512,Automobile Club Interins Exchange,0.01,12,1.74,,,2023.pdf
2023,auto,19658,Bristol W Insurance Company,0.01,9,1.21,,,2023.pdf
2023,auto,21164,Dairyland Insurnace Company,0.01,12,1.95,,,2023.pdf
2023,auto,30210,Esurance Property & Casualty Insurance Company,0.0,15,5.84,,,2023.pdf
2023,auto,13773,Farm Bureau Property & Casualty Insurance Company,0.07,22,0.42,0.34,,2023.pdf
2023,auto,21628,Farmers Insurance Company Inc,0.04,20,0.67,0.54,,2023.pdf
2023,auto,13587,First Chicago Insurance Company,0.0,30,11.82,,,2023.pdf
2023,auto,14138,GEICO Advantage Insurance Company,0.03,19,0.88,0.69,,2023.pdf
2023,auto,14139,GEICO Choice Insurance Company,0.01,12,1.13,0.57,,2023.pdf
2023,auto,12966,Key Insurance Company,0.01,30,5.02,,,2023.pdf
2023,auto,23787,Nationwide Mutual Insurance Company,0.01,11,1.01,0.78,,2023.pdf
2023,auto,16322,Progressive Direct Insurance Company,0.08,71,1.13,1.38,,2023.pdf
2023,auto,42919,Progressive Northwestern Insurance Comapny,0.08,52,0.79,1.18,,2023.pdf
2023,auto,25405,Safe Auto Insurance Company,0.0,10,28.78,,,2023.pdf
2023,auto,24740,Safeco Insurance Company of America,0.02,14,0.89,0.95,,2023.pdf
2023,auto,23388,Shelter Mutual Insurance Company,0.03,22,0.79,0.73,,2023.pdf
2023,auto,19070,Standard Fire Insurance Company,0.04,23,0.67,0.43,,2023.pdf
2023,auto,25143,State Farm Fire & Casualty Company,0.01,9,0.98,,,2023.pdf
2023,auto,25178,State Farm Mutual Auto Insurance Company,0.18,100,0.7,0.7,,2023.pdf
2023,auto,42749,Traders Insurance Company,0.01,26,2.31,3.63,,2023.pdf
2023,auto,25968,USAA Casualty Insurance Company,0.02,17,1.34,1.38,,2023.pdf
2023,auto,18600,USAA General Indemnity Company,0.01,10,0.87,0.72,,2023.pdf
2023,auto,25941,United Service Automobile Association,0.02,11,0.7,0.63,,2023.pdf
2023,health,16072,Aetna Better Health of Kansas Inc,0.04,0,0.0,0.0,,2023.pdf
2023,health,72052,Aetna Health Insurance Company,0.01,1,0.28,2.44,,2023.pdf
2023,health,60054,Aetna Life Insurance Company,0.01,8,2.94,,,2023.pdf
2023,health,82406,All Savers Insurance Company,0.01,0,0.0,,,2023.pdf
2023,health,15481,Blue Cross Blue Shield Kansas Solutions Inc,0.01,0,0.0,,,2023.pdf
2023,health,47171,Blue Cross Blue Shield of Kansas City,0.02,17,3.03,1.36,,2023.pdf
2023,health,70729,Blue Cross Blue Shield of Kansas Inc,0.21,42,0.62,1.19,,2023.pdf
2023,health,12567,Care Improvement Plus South Central Insurance,0.16,0,0.0,,,2023.pdf
2023,health,80799,Celtic Insurance Company,0.14,174,3.64,0.73,,2023.pdf
2023,health,67369,Cigna Health & Life Insurance Company,0.02,10,1.58,1.84,,2023.pdf
2023,health,95489,Coventry Health Care of Kansas Inc,0.09,0,0.0,,,2023.pdf
2023,health,64246,Guardian Life Insurance Company of America,0.01,8,3.16,,,2023.pdf
2023,health,73288,Humana Insurance Company,0.01,5,1.73,0.68,,2023.pdf
2023,health,16159,Kansas Superior Select Inc,0.01,0,0.0,,,2023.pdf
2023,health,76040,Missouri Valley Life & Health Insurance Company,0.04,0,0.0,0.0,,2023.pdf
2023,health,12575,SilverScript Insurance Company,0.01,0,0.0,0.0,,2023.pdf
2023,health,14345,Sunflower State Health Plan Inc,0.03,0,0.0,3.26,,2023.pdf
2023,health,97772,US Health & Life Insurance Company Inc,0.0,16,20.9,,,2023.pdf
2023,health,79413,UnitedHealthcare Insurance Company,0.04,21,1.73,,,2023.pdf
2023,health,95591,UnitedHealthcare of Midlands Inc,0.03,0,0.0,,,2023.pdf
2023,health,95710,UnitedHealthcare of Wisconsin Inc,0.06,0,0.0,,,2023.pdf
2023,homeowners,37907,Allstate Vehicle & Property Insurance Company,0.04,26,1.54,1.65,,2023.pdf
2023,homeowners,19690,American Economy Insurance Company,0.02,12,1.48,0.95,,2023.pdf
2023,homeowners,10386,American Family Insurance Company,0.06,19,0.76,0.38,,2023.pdf
2023,homeowners,19275,"American Family Mutual Insurance Company, S.I.",0.07,18,0.61,0.38,,2023.pdf
2023,homeowners,10872,American Strategic Insurance Corporation,0.02,8,1.31,1.05,,2023.pdf
2023,homeowners,18988,Auto Owners Insurance Company,0.01,2,0.39,,,2023.pdf
2023,homeowners,13773,Farm Bureau Property & Casualty Insurance Company,0.06,13,0.56,0.74,,2023.pdf
2023,homeowners,21652,Farmer’s Insurance Exchange,0.04,15,0.87,0.56,,2023.pdf
2023,homeowners,20419,Homesite Indemnity Company,0.02,9,1.15,1.08,,2023.pdf
2023,homeowners,14451,Marysville Mutual Insurance Company,0.01,6,1.23,1.31,,2023.pdf
2023,homeowners,25453,Nationwide Insurance Company of America,0.01,2,0.41,0.46,,2023.pdf
2023,homeowners,23787,Nationwide Mutual Insurance Company,0.02,10,1.12,0.48,,2023.pdf
2023,homeowners,24740,Safeco Insurance Company of America,0.01,4,0.76,1.15,,2023.pdf
2023,homeowners,23388,Shelter Mutual Insurance Company,0.03,11,1.06,1.56,,2023.pdf
2023,homeowners,25135,State Automobile Mutual Insurance Company,0.01,10,2.74,1.29,,2023.pdf
2023,homeowners,25143,State Farm Fire & Casualty Company,0.2,98,1.21,1.22,,2023.pdf
2023,homeowners,27998,Travelers Home & Marine Insurance Company,0.03,11,1.11,0.89,,2023.pdf
2023,homeowners,38130,Travelers Personal Insurance Company,0.07,22,0.84,0.59,,2023.pdf
2023,homeowners,25968,USAA Casualty Insurance Company,0.01,3,0.52,0.46,,2023.pdf
2023,homeowners,18600,USAA General Indemnity Company,0.01,2,0.37,0.51,,2023.pdf
2023,homeowners,25941,United Services Automobile Association,0.03,1,0.1,0.08,,2023.pdf
2023,life,60399,American Family Life Insurance Company,0.02,2,0.45,0.23,,2023.pdf
2023,life,60488,American General Life Insurance Company,0.02,16,3.87,3.16,,2023.pdf
2023,life,63088,Farm Bureau Life Insurance Company,0.04,6,0.64,0.78,,2023.pdf
2023,life,65838,John Hancock Life Insurance Company USA,0.02,4,0.99,0.0,,2023.pdf
2023,life,58033,Knights of Columbus,0.03,2,0.36,0.0,,2023.pdf
2023,life,65676,Lincoln National Life Insurance Company,0.03,2,0.44,0.14,,2023.pdf
2023,life,65935,Massachusetts Mutual Life insurance Company,0.05,0,0.0,0.11,,2023.pdf
2023,life,66168,Minnesota Life Insurance Company,0.01,1,0.31,0.66,,2023.pdf
2023,life,92657,Nationwide Life & Annuity Insurance Company,0.01,0,0.0,,,2023.pdf
2023,life,66915,New York Life Insurnace Company,0.04,1,0.11,0.43,,2023.pdf
2023,life,67091,Northwestern Mutual Life Insurance Company,0.11,1,0.04,0.04,,2023.pdf
2023,life,67466,Pacific Life Insurance Company,0.03,0,0.0,0.0,,2023.pdf
2023,life,67644,Penn Mutual Life Insurnace Company,0.01,0,0.0,0.33,,2023.pdf
2023,life,65919,Primerica Life Insurance Company,0.01,1,0.32,0.33,,2023.pdf
2023,life,68136,Protective Life Insurance Company,0.02,2,0.4,0.25,,2023.pdf
2023,life,79277,Pruco Life Insurance Company,0.04,2,0.22,0.24,,2023.pdf
2023,life,68241,Prudential Insurance Company of America,0.01,13,11.35,,,2023.pdf
2023,life,69108,State Farm Life Insurance Company,0.04,4,0.41,0.32,,2023.pdf
2023,life,56014,Thrivant Financial for Lutherans,0.02,1,0.24,0.25,,2023.pdf
2023,life,86231,Transamerica Life Insurance Company,0.02,9,1.79,2.18,,2023.pdf
2023,life,69868,United of Omaha Life Insurance Company,0.02,1,0.29,,,2023.pdf
2023,long_term_care,90611,Allianz Life Insurance Company of North America,0.02,5,2.3,3.83,,2023.pdf
2023,long_term_care,70729,BCBS of Kansas Inc,0.02,0,0.0,,,2023.pdf
2023,long_term_care,61263,Bankers Life & Casualty Company,0.09,9,1.1,1.5,,2023.pdf
2023,long_term_care,20443,Continental Casualty Company,0.03,7,2.7,1.6,,2023.pdf
2023,long_term_care,71404,Continental General Insurance Company,0.01,2,1.49,1.14,,2023.pdf
2023,long_term_care,70025,Genworth Life Insurance Company,0.18,20,1.23,1.74,,2023.pdf
2023,long_term_care,64211,Guarantee Trust Life Insurance Company,0.03,0,0.0,0.85,,2023.pdf
2023,long_term_care,65838,John Hancock Life Insurance Company USA,0.1,13,1.37,1.04,,2023.pdf
2023,long_term_care,58033,Knights of Columbus,0.03,0,0.0,0.0,,2023.pdf
2023,long_term_care,77720,LifeSecure Insurance Company,0.01,0,0.0,0.75,,2023.pdf
2023,long_term_care,65978,Metropolitan Life Insurance Company,0.05,1,0.24,0.39,,2023.pdf
2023,long_term_care,71412,Mutual of Omaha Life Insurance Company,0.05,0,0.0,0.39,,2023.pdf
2023,long_term_care,66915,New York Life Insurance Company,0.03,0,0.0,0.0,,2023.pdf
2023,long_term_care,69000,Northwestern Long Term Care Insurance Company,0.06,0,0.0,0.0,,2023.pdf
2023,long_term_care,68241,Prudential Insurance Company of America,0.02,3,1.34,1.54,,2023.pdf
2023,long_term_care,65005,RiverSource Life Insurance Company,0.01,0,0.0,0.0,,2023.pdf
2023,long_term_care,25178,State Farm Mutual Auto Insurance Company,0.03,0,0.0,0.0,,2023.pdf
2023,long_term_care,56014,Thrivant Financial for Lutherans,0.03,0,0.0,0.0,,2023.pdf
2023,long_term_care,86231,Transamerica Life Insurance Company,0.04,20,5.75,1.57,,2023.pdf
2023,long_term_care,62235,Unum Life Insurance Company of America,0.03,2,0.7,0.65,,2023.pdf
2024,annuity,90611,Allianz Life Insurance Company of North America,0.06,1,0.31,0.72,,2024.pdf
2024,annuity,60488,American General Life Insurance Company,0.03,5,2.61,0.93,,2024.pdf
2024,annuity,67423,Aspida Life Insurance Company,0.02,0,0.0,0.0,,2024.pdf
2024,annuity,61689,Athene Annuity & Life Company,0.05,6,2.24,1.01,,2024.pdf
2024,annuity,87726,Brighthouse Life Insurance Company,0.03,2,1.2,0.56,,2024.pdf
2024,annuity,78077,Equitable Financial Life Insurance Company of America,0.04,0,0.0,0.0,,2024.pdf
2024,annuity,62510,Equitrust Life Insurance Company,0.02,2,1.45,,,2024.pdf
2024,annuity,63274,Fidelity & Guar Life Insurance Company,0.02,3,2.53,3.44,,2024.pdf
2024,annuity,91642,Forethought Life Insurance Company,0.03,0,0.0,0.55,,2024.pdf
2024,annuity,65056,Jackson National Life Insurance Company,0.06,1,0.28,0.0,,2024.pdf
2024,annuity,65676,Lincoln National Life Insurance Company,0.05,1,0.32,0.53,,2024.pdf
2024,annuity,65935,Massachusetts Mutual Life Insurance Company,0.02,0,0.0,0.0,,2024.pdf
2024,annuity,66869,Nationwide Life Insurance Company,0.02,0,0.0,0.0,,2024.pdf
2024,annuity,91596,New York Life Insurance & Annuity Corporation,0.05,0,0.0,0.0,,2024.pdf
2024,annuity,66974,North American Company Life & Health Insurance,0.03,0,0.0,0.0,,2024.pdf
2024,annuity,79227,Pruco Life Insurance Company,0.02,0,0.0,,,2024.pdf
2024,annuity,65005,RiverSource Life Insurance Company,0.02,0,0.0,0.8,,2024.pdf
2024,annuity,62952,SILAC Insurance Company,0.02,1,0.8,1.22,,2024.pdf
2024,annuity,68675,Security Benefit Life Insurance Company,0.03,6,3.76,0.99,,2024.pdf
2024,annuity,69345,Teachers Insurance & Annuity Association of America,0.02,0,0.0,1.76,,2024.pdf
2024,auto,29688,Allstate Fire & Casualty Insurance Company,0.04,62,1.5,1.83,,2024.pdf
2024,auto,10386,American Family Insurance Company,0.06,49,0.89,0.81,,2024.pdf
2024,auto,19275,"American Family Mutual Insurance Company, S.I.",0.04,29,0.67,0.46,,2024.pdf
2024,auto,18988,Auto Owners Insurance Company,0.01,14,1.66,,,2024.pdf
2024,auto,15512,Automobile Club Interins Exchange,0.01,13,1.56,1.74,,2024.pdf
2024,auto,19658,Bristol W Insurance Company,0.01,19,2.47,1.21,,2024.pdf
2024,auto,21164,Dairyland Insurance Company,0.01,12,1.97,1.95,,2024.pdf
2024,auto,30210,Direct General Insurance Company,0.01,11,2.23,,,2024.pdf
2024,auto,13773,Farm Bureau Property & Casualty Insurance Company,0.07,31,0.47,0.42,,2024.pdf
2024,auto,21628,Farmers Insurance Company Inc,0.03,21,0.64,0.67,,2024.pdf
2024,auto,13587,First Chicago Insurance Company,0.005,54,11.75,11.82,,2024.pdf
2024,auto,14138,GEICO Advantage Insurance Company,0.02,13,0.6,0.88,,2024.pdf
2024,auto,14139,GEICO Choice Insurance Company,0.01,10,0.94,1.13,,2024.pdf
2024,auto,12966,Key Insurance Company,0.01,36,4.54,5.02,,2024.pdf
2024,auto,16322,Progressive Direct Insurance Company,0.09,86,1.04,1.13,,2024.pdf
2024,auto,42919,Progressive Northwestern Insurance Company,0.09,55,0.67,0.79,,2024.pdf
2024,auto,24503,Root Property & Casualty Insurance Company,0.01,10,1.8,,,2024.pdf
2024,auto,24740,Safeco Insurance Company of America,0.02,23,1.32,0.89,,2024.pdf
2024,auto,23388,Shelter Mutual Insurance Company,0.04,18,0.49,0.79,,2024.pdf
2024,auto,19070,Standard Fire Insurance Company,0.04,39,0.96,0.67,,2024.pdf
2024,auto,25143,State Farm Fire & Casualty Company,0.01,30,2.84,0.98,,2024.pdf
2024,auto,25178,State Farm Mutual Auto Insurance Company,0.18,111,0.62,0.7,,2024.pdf
2024,auto,42749,Traders Insurance Company,0.01,27,2.01,2.31,,2024.pdf
2024,auto,18600,USAA General Indemnity Company,0.02,19,1.3,0.87,,2024.pdf
2024,auto,25941,United Service Automobile Association,0.02,19,1.0,0.7,,2024.pdf
2024,health,78700,Aetna Health & Life Insurance Company,0.002,17,14.96,,,2024.pdf
2024,health,72052,Aetna Health Insurance Company,0.01,12,2.23,0.28,,2024.pdf
2024,health,60054,Aetna Life Insurance Company,0.04,30,1.47,2.94,,2024.pdf
2024,health,15481,BC BS Kansas Solutions Incorporated,0.01,0,0.0,0.0,,2024.pdf
2024,health,70729,BCBS Of Kansas Incorporated,0.17,119,1.29,0.62,,2024.pdf
2024,health,47171,BCBS of Kansas City,0.01,26,3.6,3.03,,2024.pdf
2024,health,80799,Celtic Insurance Company,0.14,173,2.29,3.64,,2024.pdf
2024,health,16528,Centene Venture Company Of Kansas,0.0036,0,0.0,,,2024.pdf
2024,health,67369,Cigna Health & Life Insurance Company,0.01,20,2.6,1.58,,2024.pdf
2024,health,62286,Golden Rule Insurance Company,0.001,6,7.23,,,2024.pdf
2024,health,64246,Guardian Life Insurance Company Of America,0.01,5,1.41,,,2024.pdf
2024,health,73288,Humana Insurance Company,0.003,10,7.1,1.73,,2024.pdf
2024,health,12459,Medica Insurance Company,0.003,2,1.29,,,2024.pdf
2024,health,76040,Missouri Valley Life & Health Insurance Company,0.04,0,0.0,0.0,,2024.pdf
2024,health,82538,National Health Insurance Company,0.004,2,0.93,,,2024.pdf
2024,health,15777,Oscar Insurance Company,0.01,6,0.79,,,2024.pdf
2024,health,68381,Reliance Standard Life Insurance Company,0.003,3,2.05,,,2024.pdf
2024,health,68462,Reserve National Insurance Company,0.002,1,1.01,,,2024.pdf
2024,health,71420,Sierra Health & Life Insurance Company Incorporated,0.004,0,0.0,,,2024.pdf
2024,health,25178,State Farm Mutual Auto Insurance Company,0.002,1,0.85,,,2024.pdf
2024,health,13175,Surency Life & Health Insurance Company,0.002,1,0.77,,,2024.pdf
2024,health,97772,US Health & Life Insurance Company Incorporated,0.002,8,6.19,20.9,,2024.pdf
2024,health,79413,United Healthcare Insurance Company,0.07,108,2.87,1.73,,2024.pdf
2024,homeowners,37907,Allstate Vehicle & Property Insurance Company,0.05,41,1.45,1.54,,2024.pdf
2024,homeowners,19690,American Economy Insurance Company,0.02,11,0.99,1.48,,2024.pdf
2024,homeowners,10386,American Family Insurance Company,0.06,31,0.81,0.76,,2024.pdf
2024,homeowners,19275,"American Family Mutual Insurance Company, S.I.",0.07,20,0.47,0.61,,2024.pdf
2024,homeowners,10872,American Strategic Insurance Corporation,0.02,18,1.8,1.31,,2024.pdf
2024,homeowners,18988,Auto Owners Insurance Company,0.02,12,1.16,0.39,,2024.pdf
2024,homeowners,15881,Bremen Farmers Mutual Insurance Company,0.01,11,2.34,,,2024.pdf
2024,homeowners,13773,Farm Bureau Property & Casualty Insurance Company,0.06,39,0.99,0.56,,2024.pdf
2024,homeowners,21652,Farmer’s Insurance Exchange,0.04,13,0.54,0.87,,2024.pdf
2024,homeowners,20419,Homesite Indemnity Company,0.03,16,0.96,1.15,,2024.pdf
2024,homeowners,14451,Marysville Mutual Insurance Company,0.01,6,0.73,1.23,,2024.pdf
2024,homeowners,23787,Nationwide Mutual Insurance Company,0.02,14,1.27,1.12,,2024.pdf
2024,homeowners,11089,Rock Ridge Insurance Company,0.01,11,2.23,,,2024.pdf
2024,homeowners,24740,Safeco Insurance Company of America,0.01,9,1.29,0.76,,2024.pdf
2024,homeowners,23388,Shelter Mutual Insurance Company,0.03,13,0.77,1.06,,2024.pdf
2024,homeowners,25143,State Farm Fire & Casualty Company,0.21,174,1.33,1.21,,2024.pdf
2024,homeowners,27998,Travelers Home & Marine Insurance Company,0.02,9,0.75,1.11,,2024.pdf
2024,homeowners,38130,Travelers Personal Insurance Company,0.07,40,0.99,0.84,,2024.pdf
2024,homeowners,25968,USAA Casualty Insurance Company,0.02,5,0.54,0.52,,2024.pdf
2024,homeowners,18600,USAA General Indemnity Company,0.01,2,0.22,0.37,,2024.pdf
2024,homeowners,25941,United Services Automobile Association,0.03,5,0.32,0.1,,2024.pdf
2024,life,60399,American Family Life Insurance Company,0.02,1,0.23,0.45,,2024.pdf
2024,life,60488,American General Life Insurance Company,0.02,23,5.76,3.87,,2024.pdf
2024,life,63088,Farm Bureau Life Insurance Company,0.04,3,0.32,0.64,,2024.pdf
2024,life,65838,John Hancock Life Insurance Company USA,0.02,1,0.27,0.99,,2024.pdf
2024,life,58033,Knights of Columbus,0.02,1,0.19,0.36,,2024.pdf
2024,life,65676,Lincoln National Life Insurance Company,0.03,3,0.42,0.44,,2024.pdf
2024,life,65935,Massachusetts Mutual Life insurance Company,0.04,0,0.0,0.0,,2024.pdf
2024,life,65978,Metropolitan Life Insurance Company,0.004,13,13.88,,,2024.pdf
2024,life,66168,Minnesota Life Insurance Company,0.01,1,0.0,0.31,,2024.pdf
2024,life,66915,New York Life Insurance Company,0.04,1,0.34,0.43,,2024.pdf
2024,life,66974,North American Company Life & Health Insurance,0.02,1,0.2,,,2024.pdf
2024,life,67091,Northwestern Mutual Life Insurance Company,0.1,0,0.0,0.04,,2024.pdf
2024,life,67466,Pacific Life Insurance Company,0.02,0,0.0,0.0,,2024.pdf
2024,life,67644,Penn Mutual Life Insurance Company,0.01,2,0.69,0.0,,2024.pdf
2024,life,65919,Primerica Life Insurance Company,0.01,2,0.64,0.32,,2024.pdf
2024,life,68136,Protective Life Insurance Company,0.07,3,0.2,0.4,,2024.pdf
2024,life,79277,Pruco Life Insurance Company,0.04,0,0.0,0.22,,2024.pdf
2024,life,68241,Prudential Insurance Company of America,0.005,15,14.65,11.35,,2024.pdf
2024,life,69108,State Farm Life Insurance Company,0.04,2,0.21,0.41,,2024.pdf
2024,life,56014,Thrivant Financial for Lutherans,0.02,1,0.23,0.24,,2024.pdf
2024,life,86231,Transamerica Life Insurance Company,0.02,11,2.49,1.79,,2024.pdf
2024,life,69868,United of Omaha Life Insurance Company,0.01,1,0.32,0.29,,2024.pdf
2024,long_term_care,90611,Allianz Life Insurance Company of North America,0.03,6,3.14,2.3,,2024.pdf
2024,long_term_care,70729,BCBS of Kansas Inc,0.02,1,0.54,0.0,,2024.pdf
2024,long_term_care,61263,Bankers Life & Casualty Company,0.1,7,0.91,1.07,,2024.pdf
2024,long_term_care,20443,Continental Casualty Company,0.03,4,1.82,2.7,,2024.pdf
2024,long_term_care,71404,Continental General Insurance Company,0.01,6,5.39,1.49,,2024.pdf
2024,long_term_care,70025,Genworth Life Insurance Company,0.16,9,0.75,1.23,,2024.pdf
2024,long_term_care,64211,Guarantee Trust Life Insurance Company,0.03,0,0.0,0.0,,2024.pdf
2024,long_term_care,65838,John Hancock Life Insurance Company USA,0.11,11,1.32,1.37,,2024.pdf
2024,long_term_care,58033,Knights of Columbus,0.04,1,0.31,0.0,,2024.pdf
2024,long_term_care,77720,LifeSecure Insurance Company,0.01,0,0.0,0.75,,2024.pdf
2024,long_term_care,71412,Mutual of Omaha Life Insurance Company,0.06,4,0.92,0.0,,2024.pdf
2024,long_term_care,66915,New York Life Insurance Company,0.04,0,0.0,0.0,,2024.pdf
2024,long_term_care,69000,Northwestern Long Term Care Insurance Company,0.07,0,0.0,0.0,,2024.pdf
2024,long_term_care,68241,Prudential Insurance Company of America,0.03,2,0.96,1.34,,2024.pdf
2024,long_term_care,65005,RiverSource Life Insurance Company,0.01,0,0.0,0.0,,2024.pdf
2024,long_term_care,25178,State Farm Mutual Auto Insurance Company,0.03,0,0.0,0.0,,2024.pdf
2024,long_term_care,56014,Thrivant Financial for Lutherans,0.03,0,0.0,0.0,,2024.pdf
2024,long_term_care,86231,Transamerica Life Insurance Company,0.04,5,1.69,5.75,,2024.pdf
2024,long_term_care,62235,Unum Life Insurance Company of America,0.03,0,0.0,0.7,,2024.pdf
